Date of Visit,Patient ID,Provider ID,Department ID,Diagnosis ID,Procedure ID,Insurance ID,Service Type,  Treatment Cost  ,  Medication Cost  ,Follow-Up Visit Date,Patient Satisfaction Score,Referral Source,Emergency Visit,Payment Status,Discharge Date,Admitted Date,Room Type,  Insurance Coverage  ,  Room Charges(daily rate)  
1/1/2024,4928,1,2,1,2,1,Outpatient,$841.00 ,$21.00 ,1/9/2024,7,Self-Referral,No,Paid,,,N/A,$603.40 , $-   
1/1/2024,1083,4,1,4,2,2,Inpatient,$535.00 ,$27.00 ,,8,Emergency,No,Paid,,,Semi-Private Room,$414.40 ,$30.00 
1/1/2024,4534,4,2,1,2,2,Inpatient,$422.00 ,$70.00 ,,7,Self-Referral,No,Paid,,,Semi-Private Room,$365.40 ,$30.00 
1/1/2024,4504,4,1,4,4,3,Outpatient,$811.00 ,$136.00 ,1/20/2024,5,Self-Referral,No,Paid,,,N/A, $-   , $-   
1/1/2024,331,4,2,1,2,3,Outpatient,$682.00 ,$131.00 ,1/30/2024,5,Physician Referral,No,Paid,,,N/A, $-   , $-   
1/1/2024,1940,4,1,4,2,2,Outpatient,$147.00 ,$38.00 ,1/11/2024,7,Emergency,No,Paid,,,N/A, $-   , $-   
1/1/2024,3255,4,2,1,2,2,Emergency,$729.00 ,$113.00 ,,1,Physician Referral,No,Paid,,,Semi-Private Room, $-   ,$30.00 
1/1/2024,1248,4,1,4,4,2,Outpatient,$202.00 ,$50.00 ,1/23/2024,2,Emergency,No,Paid,,,N/A,$176.40 , $-   
1/1/2024,4025,4,2,1,2,3,Inpatient,$363.00 ,$99.00 ,,1,Emergency,No,Paid,,,Semi-Private Room,$344.40 ,$30.00 
1/1/2024,4320,4,1,4,1,2,Emergency,$830.00 ,$121.00 ,,2,Emergency,Yes,Paid,,,Private Room,$700.70 ,$50.00 
1/2/2024,3165,4,2,1,2,1,Outpatient,$671.00 ,$41.00 ,1/18/2024,1,Self-Referral,No,Paid,,,N/A,$498.40 , $-   
1/2/2024,4257,4,1,4,4,3,Outpatient,$89.00 ,$52.00 ,1/25/2024,2,Emergency,No,Paid,,,N/A,$98.70 , $-   
1/2/2024,4729,4,2,1,2,3,Outpatient,$765.00 ,$184.00 ,1/29/2024,1,Emergency,No,Paid,,,N/A,$664.30 , $-   
1/2/2024,1712,4,1,4,2,1,Outpatient,$535.00 ,$159.00 ,1/22/2024,2,Emergency,No,Paid,,,N/A, $-   , $-   
1/2/2024,1252,4,2,1,2,1,Emergency,$523.00 ,$133.00 ,,1,Emergency,No,Paid,,,Private Room, $-   ,$50.00 
1/2/2024,104,4,1,4,4,3,Outpatient,$432.00 ,$83.00 ,1/20/2024,2,Physician Referral,No,Paid,,,N/A, $-   , $-   
1/2/2024,2460,4,2,1,2,3,Emergency,$819.00 ,$172.00 ,,1,Self-Referral,No,Paid,,,Semi-Private Room, $-   ,$30.00 
1/2/2024,2585,4,1,4,1,2,Outpatient,$792.00 ,$48.00 ,1/21/2024,2,Emergency,No,Pending,,,N/A, $-   , $-   
1/2/2024,4521,4,2,1,2,2,Outpatient,$450.00 ,$32.00 ,1/28/2024,1,Self-Referral,No,Paid,,,N/A,$337.40 , $-   
1/2/2024,3265,4,1,4,5,1,Outpatient,$944.00 ,$45.00 ,1/16/2024,2,Self-Referral,No,Paid,,,N/A,$692.30 , $-   
1/3/2024,792,4,2,1,2,1,Outpatient,$991.00 ,$41.00 ,,1,Emergency,No,Paid,,,Private Room,$757.40 ,$50.00 
1/3/2024,2266,4,1,4,2,1,Outpatient,$940.00 ,$112.00 ,1/26/2024,2,Emergency,No,Paid,,,N/A,$736.40 , $-   
1/3/2024,630,4,2,1,2,1,Emergency,$597.00 ,$95.00 ,,1,Self-Referral,No,Pending,,,Semi-Private Room,$505.40 ,$30.00 
1/3/2024,3987,4,1,4,1,2,Outpatient,$376.00 ,$129.00 ,1/27/2024,2,Self-Referral,No,Pending,,,N/A,$353.50 , $-   
1/3/2024,1653,4,2,1,2,3,Outpatient,$116.00 ,$111.00 ,1/30/2024,1,Physician Referral,No,Paid,,,N/A, $-   , $-   
1/3/2024,1868,4,1,4,1,2,Outpatient,$59.00 ,$92.00 ,,2,Self-Referral,No,Paid,,,General Ward, $-   ,$10.00 
1/3/2024,4672,4,2,1,2,1,Inpatient,$956.00 ,$138.00 ,,1,Emergency,Yes,Paid,,,General Ward, $-   ,$10.00 
1/3/2024,512,4,1,4,3,2,Outpatient,$560.00 ,$29.00 ,1/19/2024,2,Self-Referral,No,Pending,,,N/A,$412.30 , $-   
1/3/2024,371,4,2,1,2,1,Outpatient,$122.00 ,$67.00 ,1/22/2024,1,Emergency,No,Pending,,,N/A,$132.30 , $-   
1/3/2024,4249,4,1,4,3,2,Inpatient,$981.00 ,$189.00 ,,2,Physician Referral,No,Paid,,,General Ward,$826.00 ,$10.00 
1/4/2024,1385,4,2,1,2,3,Outpatient,$888.00 ,$109.00 ,1/12/2024,1,Emergency,Yes,Paid,,,N/A,$697.90 , $-   
1/4/2024,664,4,1,4,1,1,Inpatient,$170.00 ,$187.00 ,,2,Emergency,Yes,Paid,,,General Ward,$256.90 ,$10.00 
1/4/2024,615,4,2,1,2,2,Outpatient,$795.00 ,$25.00 ,1/27/2024,1,Self-Referral,Yes,Pending,,,N/A,$574.00 , $-   
1/4/2024,1035,4,1,4,5,1,Emergency,$389.00 ,$151.00 ,,2,Self-Referral,Yes,Paid,,,Semi-Private Room,$399.00 ,$30.00 
1/4/2024,3003,4,2,1,2,3,Inpatient,$441.00 ,$110.00 ,,1,Emergency,No,Paid,,,Semi-Private Room,$406.70 ,$30.00 
1/4/2024,836,4,1,4,1,1,Inpatient,$619.00 ,$74.00 ,,2,Physician Referral,No,Paid,,,General Ward,$492.10 ,$10.00 
1/4/2024,3991,4,2,1,2,3,Inpatient,$113.00 ,$145.00 ,,1,Emergency,Yes,Paid,,,Semi-Private Room,$201.60 ,$30.00 
1/4/2024,224,4,1,4,5,2,Outpatient,$940.00 ,$150.00 ,,2,Emergency,Yes,Paid,,,Semi-Private Room,$784.00 ,$30.00 
1/4/2024,3864,4,2,1,2,3,Outpatient,$346.00 ,$26.00 ,1/16/2024,1,Emergency,No,Pending,,,N/A,$260.40 , $-   
1/4/2024,496,4,1,4,5,1,Outpatient,$210.00 ,$107.00 ,1/22/2024,2,Emergency,No,Pending,,,N/A,$221.90 , $-   
1/5/2024,2956,4,2,1,2,2,Outpatient,$655.00 ,$105.00 ,1/24/2024,1,Physician Referral,Yes,Pending,,,N/A,$532.00 , $-   
1/5/2024,1624,4,1,4,4,1,Outpatient,$464.00 ,$159.00 ,1/15/2024,2,Emergency,Yes,Paid,,,N/A,$436.10 , $-   
1/5/2024,239,4,2,1,2,1,Outpatient,$658.00 ,$118.00 ,1/26/2024,1,Emergency,Yes,Pending,,,N/A,$543.20 , $-   
1/5/2024,4637,4,1,4,5,2,Outpatient,$689.00 ,$164.00 ,1/27/2024,2,Emergency,No,Paid,,,N/A,$597.10 , $-   
1/5/2024,1848,4,2,1,2,3,Outpatient,$830.00 ,$94.00 ,2/1/2024,1,Self-Referral,No,Pending,,,N/A,$646.80 , $-   
1/5/2024,246,4,1,4,2,3,Outpatient,$722.00 ,$126.00 ,1/30/2024,2,Self-Referral,No,Pending,,,N/A,$593.60 , $-   
1/5/2024,1101,4,2,1,2,2,Outpatient,$417.00 ,$183.00 ,1/26/2024,1,Physician Referral,No,Paid,,,N/A,$420.00 , $-   
1/5/2024,3912,4,1,4,5,2,Outpatient,$863.00 ,$164.00 ,,2,Physician Referral,No,Paid,,,Semi-Private Room,$739.90 ,$30.00 
1/5/2024,4071,4,2,1,2,1,Inpatient,$71.00 ,$105.00 ,,1,Emergency,Yes,Paid,,,Semi-Private Room,$144.20 ,$30.00 
1/5/2024,4824,4,1,4,1,1,Outpatient,$821.00 ,$20.00 ,1/17/2024,2,Physician Referral,Yes,Pending,,,N/A,$588.70 , $-   
1/6/2024,1071,4,2,1,2,2,Emergency,$192.00 ,$139.00 ,,1,Emergency,Yes,Paid,,,Private Room,$266.70 ,$50.00 
1/6/2024,2740,4,1,4,5,2,Outpatient,$944.00 ,$86.00 ,2/1/2024,2,Physician Referral,Yes,Pending,,,N/A,$721.00 , $-   
1/6/2024,608,4,2,1,2,1,Inpatient,$684.00 ,$118.00 ,,1,Self-Referral,Yes,Pending,,,Semi-Private Room,$582.40 ,$30.00 
1/6/2024,2871,4,1,4,3,1,Outpatient,$973.00 ,$68.00 ,,2,Emergency,No,Pending,,,General Ward,$735.70 ,$10.00 
1/6/2024,1342,4,2,1,2,3,Emergency,$151.00 ,$70.00 ,,1,Emergency,Yes,Paid,,,General Ward,$161.70 ,$10.00 
1/6/2024,4284,4,1,4,2,2,Outpatient,$902.00 ,$90.00 ,1/18/2024,2,Self-Referral,Yes,Paid,,,N/A,$694.40 , $-   
1/6/2024,851,4,2,1,2,1,Outpatient,$947.00 ,$139.00 ,1/17/2024,1,Physician Referral,Yes,Paid,,,N/A,$760.20 , $-   
1/6/2024,1938,4,1,4,3,3,Outpatient,$684.00 ,$190.00 ,1/14/2024,2,Emergency,No,Pending,,,N/A,$611.80 , $-   
1/6/2024,4107,4,2,1,2,1,Outpatient,$649.00 ,$131.00 ,2/1/2024,1,Self-Referral,Yes,Pending,,,N/A,$546.00 , $-   
1/6/2024,3146,4,1,4,4,2,Inpatient,$928.00 ,$50.00 ,,2,Physician Referral,No,Paid,,,General Ward,$691.60 ,$10.00 
1/7/2024,2124,4,2,1,2,3,Outpatient,$652.00 ,$43.00 ,1/15/2024,1,Physician Referral,Yes,Pending,,,N/A,$486.50 , $-   
1/7/2024,782,4,1,4,3,1,Inpatient,$722.00 ,$56.00 ,,2,Physician Referral,Yes,Pending,,,General Ward,$551.60 ,$10.00 
1/7/2024,635,4,2,1,2,2,Outpatient,$159.00 ,$82.00 ,1/18/2024,1,Emergency,No,Pending,,,N/A,$168.70 , $-   
1/7/2024,1509,4,1,4,5,2,Outpatient,$119.00 ,$75.00 ,,2,Self-Referral,Yes,Paid,,,Private Room,$170.80 ,$50.00 
1/7/2024,3124,4,2,1,2,2,Inpatient,$763.00 ,$37.00 ,,1,Emergency,Yes,Pending,,,Private Room,$595.00 ,$50.00 
1/7/2024,4502,4,1,4,5,2,Outpatient,$168.00 ,$125.00 ,,2,Physician Referral,No,Pending,,,General Ward,$212.10 ,$10.00 
1/7/2024,4184,4,2,1,2,3,Inpatient,$68.00 ,$176.00 ,,1,Emergency,Yes,Paid,,,General Ward,$177.80 ,$10.00 
1/7/2024,747,4,1,4,4,1,Outpatient,$509.00 ,$96.00 ,1/16/2024,2,Physician Referral,No,Paid,,,N/A,$423.50 , $-   
1/7/2024,4621,4,2,1,2,1,Outpatient,$761.00 ,$23.00 ,1/19/2024,1,Physician Referral,No,Paid,,,N/A,$548.80 , $-   
1/7/2024,3313,4,1,4,4,2,Inpatient,$212.00 ,$140.00 ,,2,Self-Referral,No,Paid,,,Semi-Private Room,$267.40 ,$30.00 
1/8/2024,2375,4,2,1,2,1,Outpatient,$324.00 ,$159.00 ,1/25/2024,1,Emergency,No,Paid,,,N/A,$338.10 , $-   
1/8/2024,626,4,1,4,1,2,Outpatient,$348.00 ,$67.00 ,1/19/2024,2,Self-Referral,No,Paid,,,N/A,$290.50 , $-   
1/8/2024,2800,4,2,1,2,1,Outpatient,$737.00 ,$166.00 ,,1,Emergency,Yes,Pending,,,Semi-Private Room,$653.10 ,$30.00 
1/8/2024,3449,4,1,4,5,1,Outpatient,$686.00 ,$45.00 ,2/1/2024,2,Emergency,Yes,Pending,,,N/A,$511.70 , $-   
1/8/2024,95,4,2,1,2,1,Outpatient,$115.00 ,$127.00 ,1/28/2024,1,Emergency,Yes,Pending,,,N/A,$169.40 , $-   
1/8/2024,4842,4,1,4,5,3,Outpatient,$999.00 ,$57.00 ,1/24/2024,2,Physician Referral,No,Pending,,,N/A,$739.20 , $-   
1/8/2024,2900,4,2,1,2,2,Inpatient,$376.00 ,$99.00 ,,1,Self-Referral,Yes,Paid,,,General Ward,$339.50 ,$10.00 
1/8/2024,590,4,1,4,5,3,Outpatient,$539.00 ,$172.00 ,2/5/2024,2,Self-Referral,No,Pending,,,N/A,$497.70 , $-   
1/8/2024,990,4,2,1,2,1,Inpatient,$481.00 ,$47.00 ,,1,Self-Referral,Yes,Paid,,,General Ward,$376.60 ,$10.00 
1/8/2024,3277,4,1,4,3,3,Outpatient,$535.00 ,$80.00 ,,2,Physician Referral,No,Paid,,,Semi-Private Room,$451.50 ,$30.00 
1/9/2024,3645,4,2,1,2,3,Inpatient,$134.00 ,$108.00 ,,1,Emergency,No,Pending,,,Private Room,$204.40 ,$50.00 
1/9/2024,2828,4,1,4,2,3,Outpatient,$293.00 ,$108.00 ,1/18/2024,2,Emergency,Yes,Pending,,,N/A,$280.70 , $-   
1/9/2024,1845,4,2,1,2,1,Outpatient,$57.00 ,$198.00 ,1/31/2024,1,Physician Referral,Yes,Paid,,,N/A,$178.50 , $-   
1/9/2024,1486,4,1,4,4,3,Outpatient,$680.00 ,$159.00 ,1/31/2024,2,Emergency,Yes,Paid,,,N/A,$587.30 , $-   
1/9/2024,4547,4,2,1,2,1,Emergency,$292.00 ,$27.00 ,,1,Emergency,No,Paid,,,Private Room,$258.30 ,$50.00 
1/9/2024,4047,4,1,4,2,2,Outpatient,$671.00 ,$141.00 ,1/26/2024,2,Self-Referral,Yes,Paid,,,N/A,$568.40 , $-   
1/9/2024,76,4,2,1,2,1,Emergency,$524.00 ,$122.00 ,,1,Physician Referral,No,Pending,,,Private Room,$487.20 ,$50.00 
1/9/2024,636,4,1,4,5,1,Outpatient,$630.00 ,$107.00 ,1/19/2024,2,Emergency,Yes,Paid,,,N/A,$515.90 , $-   
1/9/2024,3525,4,2,1,2,1,Outpatient,$233.00 ,$42.00 ,,1,Physician Referral,No,Pending,,,Semi-Private Room,$213.50 ,$30.00 
1/9/2024,505,4,1,4,5,2,Outpatient,$461.00 ,$56.00 ,1/26/2024,2,Physician Referral,No,Paid,,,N/A,$361.90 , $-   
1/10/2024,764,4,2,1,2,2,Outpatient,$705.00 ,$30.00 ,1/24/2024,1,Emergency,Yes,Paid,,,N/A,$514.50 , $-   
1/10/2024,1680,4,1,4,2,1,Outpatient,$892.00 ,$36.00 ,2/1/2024,2,Emergency,Yes,Paid,,,N/A,$649.60 , $-   
1/10/2024,832,4,2,1,2,1,Outpatient,$390.00 ,$149.00 ,,1,Physician Referral,Yes,Pending,,,Private Room,$412.30 ,$50.00 
1/10/2024,1107,4,1,4,1,2,Inpatient,$836.00 ,$48.00 ,,2,Physician Referral,No,Paid,,,Private Room,$653.80 ,$50.00 
1/10/2024,4449,4,2,1,2,2,Outpatient,$139.00 ,$76.00 ,2/8/2024,1,Emergency,No,Pending,,,N/A,$150.50 , $-   
1/10/2024,52,4,1,4,3,1,Emergency,$446.00 ,$181.00 ,,2,Self-Referral,Yes,Pending,,,Semi-Private Room,$459.90 ,$30.00 
1/10/2024,915,4,2,1,2,2,Emergency,$671.00 ,$97.00 ,,1,Emergency,Yes,Pending,,,Semi-Private Room,$558.60 ,$30.00 
1/10/2024,173,4,1,4,3,1,Outpatient,$740.00 ,$141.00 ,,2,Physician Referral,Yes,Paid,,,General Ward,$623.70 ,$10.00 
1/10/2024,2243,4,2,1,2,1,Outpatient,$908.00 ,$131.00 ,1/24/2024,1,Physician Referral,No,Pending,,,N/A,$727.30 , $-   
1/10/2024,1388,4,1,4,4,1,Outpatient,$637.00 ,$112.00 ,1/25/2024,2,Emergency,No,Pending,,,N/A,$524.30 , $-   
1/11/2024,21,4,2,1,2,2,Outpatient,$254.00 ,$21.00 ,1/31/2024,1,Emergency,Yes,Paid,,,N/A,$192.50 , $-   
1/11/2024,1206,4,1,4,4,2,Outpatient,$959.00 ,$143.00 ,,2,Physician Referral,Yes,Paid,,,Semi-Private Room,$792.40 ,$30.00 
1/11/2024,4148,4,2,1,2,2,Outpatient,$882.00 ,$50.00 ,1/25/2024,1,Physician Referral,No,Pending,,,N/A,$652.40 , $-   
1/11/2024,666,4,1,4,2,1,Emergency,$902.00 ,$136.00 ,,2,Physician Referral,No,Pending,,,General Ward,$733.60 ,$10.00 
1/11/2024,3612,4,2,1,2,1,Outpatient,$857.00 ,$132.00 ,,1,Self-Referral,Yes,Paid,,,General Ward,$699.30 ,$10.00 
1/11/2024,2141,4,1,4,3,3,Outpatient,$521.00 ,$63.00 ,2/2/2024,2,Self-Referral,Yes,Pending,,,N/A,$408.80 , $-   
1/11/2024,1363,4,2,1,2,1,Outpatient,$809.00 ,$146.00 ,2/8/2024,1,Physician Referral,Yes,Pending,,,N/A,$668.50 , $-   
1/11/2024,2531,4,1,4,2,1,Outpatient,$890.00 ,$109.00 ,1/19/2024,2,Physician Referral,No,Pending,,,N/A,$699.30 , $-   
1/11/2024,149,4,2,1,2,3,Outpatient,$559.00 ,$133.00 ,,1,Emergency,Yes,Paid,,,Private Room,$519.40 ,$50.00 
1/11/2024,1506,4,1,4,2,1,Inpatient,$128.00 ,$93.00 ,,2,Physician Referral,No,Pending,,,General Ward,$161.70 ,$10.00 
1/12/2024,4325,4,2,1,2,1,Outpatient,$162.00 ,$65.00 ,2/10/2024,1,Self-Referral,Yes,Paid,,,N/A,$158.90 , $-   
1/12/2024,2869,4,1,4,4,2,Outpatient,$894.00 ,$73.00 ,,2,Physician Referral,Yes,Paid,,,Semi-Private Room,$697.90 ,$30.00 
1/12/2024,4467,4,2,1,2,3,Outpatient,$641.00 ,$178.00 ,2/7/2024,1,Self-Referral,Yes,Paid,,,N/A,$573.30 , $-   
1/12/2024,3480,4,1,4,3,2,Outpatient,$625.00 ,$128.00 ,2/6/2024,2,Emergency,Yes,Pending,,,N/A,$527.10 , $-   
1/12/2024,1856,4,2,1,2,3,Outpatient,$935.00 ,$43.00 ,2/7/2024,1,Self-Referral,Yes,Paid,,,N/A,$684.60 , $-   
1/12/2024,1851,4,1,4,2,1,Outpatient,$704.00 ,$172.00 ,2/7/2024,2,Emergency,Yes,Pending,,,N/A,$613.20 , $-   
1/12/2024,333,4,2,1,2,3,Outpatient,$972.00 ,$182.00 ,2/6/2024,1,Self-Referral,No,Paid,,,N/A,$807.80 , $-   
1/12/2024,916,4,1,4,2,2,Outpatient,$432.00 ,$76.00 ,2/6/2024,2,Self-Referral,No,Pending,,,N/A,$355.60 , $-   
1/12/2024,960,4,2,1,2,1,Emergency,$380.00 ,$91.00 ,,1,Self-Referral,Yes,Pending,,,Semi-Private Room,$350.70 ,$30.00 
1/12/2024,1315,4,1,4,4,2,Inpatient,$691.00 ,$88.00 ,,2,Self-Referral,No,Pending,,,Private Room,$580.30 ,$50.00 
1/13/2024,2807,4,2,1,2,3,Outpatient,$826.00 ,$47.00 ,2/6/2024,1,Self-Referral,No,Paid,,,N/A,$611.10 , $-   
1/13/2024,4893,4,1,4,2,3,Outpatient,$502.00 ,$52.00 ,2/1/2024,2,Emergency,No,Pending,,,N/A,$387.80 , $-   
1/13/2024,4524,4,2,1,2,3,Inpatient,$724.00 ,$72.00 ,,1,Physician Referral,No,Pending,,,General Ward,$564.20 ,$10.00 
1/13/2024,241,4,1,4,1,2,Emergency,$207.00 ,$141.00 ,,2,Emergency,Yes,Paid,,,Semi-Private Room,$264.60 ,$30.00 
1/13/2024,2999,4,2,1,2,1,Outpatient,$337.00 ,$35.00 ,2/5/2024,1,Physician Referral,Yes,Paid,,,N/A,$260.40 , $-   
1/13/2024,3678,4,1,4,4,1,Outpatient,$657.00 ,$173.00 ,1/20/2024,2,Emergency,Yes,Pending,,,N/A,$581.00 , $-   
1/13/2024,1892,4,2,1,2,2,Emergency,$758.00 ,$159.00 ,,1,Self-Referral,Yes,Paid,,,General Ward,$648.90 ,$10.00 
1/13/2024,584,4,1,4,5,2,Outpatient,$938.00 ,$106.00 ,2/9/2024,2,Physician Referral,Yes,Paid,,,N/A,$730.80 , $-   
1/13/2024,3997,4,2,1,2,2,Outpatient,$319.00 ,$124.00 ,,1,Physician Referral,No,Paid,,,Private Room,$345.10 ,$50.00 
1/13/2024,3035,4,1,4,3,1,Outpatient,$484.00 ,$96.00 ,1/24/2024,2,Emergency,No,Pending,,,N/A,$406.00 , $-   
1/14/2024,3768,4,2,1,2,3,Outpatient,$210.00 ,$106.00 ,,1,Physician Referral,Yes,Paid,,,General Ward,$228.20 ,$10.00 
1/14/2024,1926,4,1,4,5,2,Outpatient,$551.00 ,$50.00 ,2/9/2024,2,Self-Referral,Yes,Pending,,,N/A,$420.70 , $-   
1/14/2024,2099,4,2,1,2,2,Outpatient,$495.00 ,$119.00 ,2/10/2024,1,Physician Referral,Yes,Paid,,,N/A,$429.80 , $-   
1/14/2024,2526,4,1,4,2,3,Outpatient,$284.00 ,$174.00 ,2/2/2024,2,Emergency,Yes,Paid,,,N/A,$320.60 , $-   
1/14/2024,4865,4,2,1,2,1,Emergency,$487.00 ,$55.00 ,,1,Physician Referral,No,Pending,,,General Ward,$386.40 ,$10.00 
1/14/2024,2207,4,1,4,5,2,Outpatient,$226.00 ,$78.00 ,1/26/2024,2,Emergency,No,Paid,,,N/A,$212.80 , $-   
1/14/2024,754,4,2,1,2,2,Outpatient,$838.00 ,$125.00 ,,1,Self-Referral,No,Paid,,,Private Room,$709.10 ,$50.00 
1/14/2024,1295,4,1,4,2,2,Emergency,$446.00 ,$22.00 ,,2,Emergency,No,Paid,,,Semi-Private Room,$348.60 ,$30.00 
1/14/2024,16,4,2,1,2,3,Inpatient,$733.00 ,$140.00 ,,1,Emergency,Yes,Paid,,,Semi-Private Room,$632.10 ,$30.00 
1/14/2024,1377,4,1,4,5,3,Inpatient,$80.00 ,$179.00 ,,2,Physician Referral,Yes,Pending,,,Semi-Private Room,$202.30 ,$30.00 
1/15/2024,1713,4,2,1,2,3,Outpatient,$908.00 ,$34.00 ,1/31/2024,1,Emergency,Yes,Pending,,,N/A,$659.40 , $-   
1/15/2024,967,4,1,4,4,3,Outpatient,$900.00 ,$94.00 ,2/13/2024,2,Emergency,No,Pending,,,N/A,$695.80 , $-   
1/15/2024,3720,4,2,1,2,1,Outpatient,$127.00 ,$20.00 ,1/30/2024,1,Emergency,Yes,Pending,,,N/A,$102.90 , $-   
1/15/2024,4084,4,1,4,1,3,Emergency,$202.00 ,$152.00 ,,2,Emergency,Yes,Pending,,,General Ward,$254.80 ,$10.00 
1/15/2024,4404,4,2,1,2,2,Outpatient,$897.00 ,$109.00 ,1/27/2024,1,Emergency,Yes,Pending,,,N/A,$704.20 , $-   
1/15/2024,4403,4,1,4,5,2,Inpatient,$145.00 ,$25.00 ,,2,Emergency,No,Pending,,,Private Room,$154.00 ,$50.00 
1/15/2024,1522,4,2,1,2,2,Inpatient,$128.00 ,$152.00 ,,1,Physician Referral,Yes,Paid,,,Private Room,$231.00 ,$50.00 
1/15/2024,3934,4,1,4,5,2,Inpatient,$575.00 ,$135.00 ,,2,Physician Referral,No,Pending,,,General Ward,$504.00 ,$10.00 
1/15/2024,3533,4,2,1,2,1,Outpatient,$898.00 ,$92.00 ,1/22/2024,1,Emergency,No,Pending,,,N/A,$693.00 , $-   
1/15/2024,4809,4,1,4,2,1,Inpatient,$376.00 ,$175.00 ,,2,Emergency,No,Pending,,,Private Room,$420.70 ,$50.00 
1/16/2024,4414,4,2,1,2,1,Outpatient,$849.00 ,$88.00 ,2/9/2024,1,Emergency,Yes,Paid,,,N/A,$655.90 , $-   
1/16/2024,1807,4,1,4,5,1,Outpatient,$512.00 ,$63.00 ,2/14/2024,2,Self-Referral,Yes,Pending,,,N/A,$402.50 , $-   
1/16/2024,4029,4,2,1,2,1,Outpatient,$897.00 ,$163.00 ,1/29/2024,1,Emergency,Yes,Pending,,,N/A,$742.00 , $-   
1/16/2024,4122,4,1,4,4,1,Emergency,$222.00 ,$169.00 ,,2,Physician Referral,No,Pending,,,Semi-Private Room,$294.70 ,$30.00 
1/16/2024,4616,4,2,1,2,3,Outpatient,$656.00 ,$170.00 ,2/1/2024,1,Physician Referral,No,Paid,,,N/A,$578.20 , $-   
1/16/2024,4723,4,1,4,3,1,Inpatient,$866.00 ,$190.00 ,,2,Emergency,Yes,Pending,,,General Ward,$746.20 ,$10.00 
1/16/2024,137,4,2,1,2,1,Outpatient,$696.00 ,$87.00 ,,1,Physician Referral,No,Paid,,,Semi-Private Room,$569.10 ,$30.00 
1/16/2024,4495,4,1,4,4,2,Outpatient,$844.00 ,$190.00 ,,2,Physician Referral,No,Paid,,,Semi-Private Room,$744.80 ,$30.00 
1/16/2024,2454,4,2,1,2,2,Emergency,$773.00 ,$173.00 ,,1,Self-Referral,Yes,Paid,,,Semi-Private Room,$683.20 ,$30.00 
1/16/2024,304,4,1,4,5,1,Outpatient,$538.00 ,$60.00 ,2/3/2024,2,Emergency,Yes,Paid,,,N/A,$418.60 , $-   
1/17/2024,3647,4,2,1,2,3,Outpatient,$835.00 ,$89.00 ,2/13/2024,1,Physician Referral,No,Pending,,,N/A,$646.80 , $-   
1/17/2024,359,4,1,4,2,3,Outpatient,$305.00 ,$50.00 ,2/7/2024,2,Physician Referral,Yes,Paid,,,N/A,$248.50 , $-   
1/17/2024,3854,4,2,1,2,3,Outpatient,$467.00 ,$36.00 ,2/9/2024,1,Emergency,Yes,Paid,,,N/A,$352.10 , $-   
1/17/2024,2627,4,1,4,1,3,Inpatient,$727.00 ,$156.00 ,,2,Physician Referral,No,Pending,,,Private Room,$653.10 ,$50.00 
1/17/2024,927,4,2,1,2,1,Emergency,$432.00 ,$74.00 ,,1,Self-Referral,No,Paid,,,General Ward,$361.20 ,$10.00 
1/17/2024,4150,4,1,4,2,3,Inpatient,$942.00 ,$25.00 ,,2,Emergency,No,Paid,,,Semi-Private Room,$697.90 ,$30.00 
1/17/2024,2456,4,2,1,2,1,Inpatient,$807.00 ,$151.00 ,,1,Physician Referral,Yes,Paid,,,Private Room,$705.60 ,$50.00 
1/17/2024,214,4,1,4,4,1,Outpatient,$567.00 ,$126.00 ,1/26/2024,2,Emergency,Yes,Paid,,,N/A,$485.10 , $-   
1/17/2024,1770,4,2,1,2,1,Outpatient,$792.00 ,$107.00 ,2/7/2024,1,Physician Referral,No,Paid,,,N/A,$629.30 , $-   
1/17/2024,4518,4,1,4,4,1,Emergency,$598.00 ,$37.00 ,,2,Self-Referral,No,Paid,,,General Ward,$451.50 ,$10.00 
1/18/2024,2102,4,2,1,2,1,Outpatient,$308.00 ,$179.00 ,,1,Physician Referral,Yes,Pending,,,Semi-Private Room,$361.90 ,$30.00 
1/18/2024,2941,4,1,4,3,2,Emergency,$70.00 ,$67.00 ,,2,Self-Referral,No,Pending,,,General Ward,$102.90 ,$10.00 
1/18/2024,4469,4,2,1,2,1,Emergency,$189.00 ,$48.00 ,,1,Emergency,Yes,Pending,,,General Ward,$172.90 ,$10.00 
1/18/2024,4402,4,1,4,5,1,Outpatient,$747.00 ,$179.00 ,1/25/2024,2,Self-Referral,No,Pending,,,N/A,$648.20 , $-   
1/18/2024,2461,4,2,1,2,1,Emergency,$333.00 ,$172.00 ,,1,Emergency,Yes,Paid,,,Private Room,$388.50 ,$50.00 
1/18/2024,2967,4,1,4,3,2,Outpatient,$789.00 ,$95.00 ,2/4/2024,2,Physician Referral,Yes,Paid,,,N/A,$618.80 , $-   
1/18/2024,2194,4,2,1,2,2,Outpatient,$455.00 ,$82.00 ,1/30/2024,1,Physician Referral,Yes,Paid,,,N/A,$375.90 , $-   
1/18/2024,3134,4,1,4,4,1,Emergency,$671.00 ,$28.00 ,,2,Physician Referral,Yes,Pending,,,Private Room,$524.30 ,$50.00 
1/18/2024,2287,4,2,1,2,3,Outpatient,$981.00 ,$33.00 ,,1,Physician Referral,No,Pending,,,General Ward,$716.80 ,$10.00 
1/18/2024,2176,4,1,4,1,1,Outpatient,$868.00 ,$39.00 ,2/9/2024,2,Emergency,No,Paid,,,N/A,$634.90 , $-   
1/19/2024,4766,4,2,1,2,3,Outpatient,$339.00 ,$29.00 ,2/15/2024,1,Emergency,Yes,Paid,,,N/A,$257.60 , $-   
1/19/2024,108,4,1,4,4,3,Emergency,$339.00 ,$158.00 ,,2,Physician Referral,Yes,Pending,,,Private Room,$382.90 ,$50.00 
1/19/2024,4735,4,2,1,2,1,Outpatient,$981.00 ,$186.00 ,2/6/2024,1,Emergency,Yes,Pending,,,N/A,$816.90 , $-   
1/19/2024,1645,4,1,4,1,3,Emergency,$821.00 ,$166.00 ,,2,Emergency,No,Pending,,,Semi-Private Room,$711.90 ,$30.00 
1/19/2024,2436,4,2,1,2,2,Outpatient,$85.00 ,$166.00 ,,1,Emergency,No,Pending,,,Private Room,$210.70 ,$50.00 
1/19/2024,2301,4,1,4,3,1,Outpatient,$546.00 ,$190.00 ,2/16/2024,2,Physician Referral,No,Paid,,,N/A,$515.20 , $-   
1/19/2024,3414,4,2,1,2,2,Outpatient,$345.00 ,$89.00 ,2/15/2024,1,Self-Referral,No,Pending,,,N/A,$303.80 , $-   
1/19/2024,3288,4,1,4,1,2,Emergency,$985.00 ,$91.00 ,,2,Self-Referral,Yes,Pending,,,Semi-Private Room,$774.20 ,$30.00 
1/19/2024,2560,4,2,1,2,1,Outpatient,$517.00 ,$84.00 ,,1,Emergency,No,Paid,,,Semi-Private Room,$441.70 ,$30.00 
1/19/2024,952,4,1,4,3,1,Outpatient,$409.00 ,$170.00 ,2/9/2024,2,Self-Referral,Yes,Paid,,,N/A,$405.30 , $-   
1/20/2024,4206,4,2,1,2,1,Outpatient,$638.00 ,$123.00 ,2/13/2024,1,Self-Referral,No,Paid,,,N/A,$532.70 , $-   
1/20/2024,2542,4,1,4,1,2,Outpatient,$503.00 ,$79.00 ,2/5/2024,2,Emergency,No,Pending,,,N/A,$407.40 , $-   
1/20/2024,1081,4,2,1,2,1,Outpatient,$331.00 ,$157.00 ,2/17/2024,1,Emergency,No,Pending,,,N/A,$341.60 , $-   
1/20/2024,58,4,1,4,2,2,Outpatient,$856.00 ,$82.00 ,,2,Emergency,No,Pending,,,Semi-Private Room,$677.60 ,$30.00 
1/20/2024,1769,4,2,1,2,3,Emergency,$795.00 ,$149.00 ,,1,Physician Referral,No,Pending,,,Semi-Private Room,$681.80 ,$30.00 
1/20/2024,470,4,1,4,2,1,Emergency,$261.00 ,$55.00 ,,2,Self-Referral,Yes,Paid,,,Semi-Private Room,$242.20 ,$30.00 
1/20/2024,1314,4,2,1,2,2,Outpatient,$120.00 ,$137.00 ,2/7/2024,1,Self-Referral,Yes,Paid,,,N/A,$179.90 , $-   
1/20/2024,500,4,1,4,4,1,Outpatient,$214.00 ,$76.00 ,2/15/2024,2,Emergency,Yes,Pending,,,N/A,$203.00 , $-   
1/20/2024,2821,4,2,1,2,2,Emergency,$997.00 ,$98.00 ,,1,Physician Referral,No,Pending,,,Semi-Private Room,$787.50 ,$30.00 
1/20/2024,1704,4,1,4,3,2,Outpatient,$371.00 ,$39.00 ,2/14/2024,2,Emergency,No,Pending,,,N/A,$287.00 , $-   
1/21/2024,54,4,2,1,2,3,Outpatient,$371.00 ,$61.00 ,2/1/2024,1,Physician Referral,Yes,Paid,,,N/A,$302.40 , $-   
1/21/2024,3333,4,1,4,2,1,Outpatient,$636.00 ,$40.00 ,2/14/2024,2,Self-Referral,No,Pending,,,N/A,$473.20 , $-   
1/21/2024,4885,4,2,1,2,2,Outpatient,$456.00 ,$185.00 ,2/15/2024,1,Emergency,No,Paid,,,N/A,$448.70 , $-   
1/21/2024,2464,4,1,4,3,1,Outpatient,$707.00 ,$112.00 ,2/19/2024,2,Emergency,Yes,Pending,,,N/A,$573.30 , $-   
1/21/2024,1538,4,2,1,2,2,Outpatient,$835.00 ,$97.00 ,2/8/2024,1,Self-Referral,No,Paid,,,N/A,$652.40 , $-   
1/21/2024,26,4,1,4,3,3,Inpatient,$233.00 ,$43.00 ,,2,Physician Referral,No,Paid,,,General Ward,$200.20 ,$10.00 
1/21/2024,87,4,2,1,2,2,Outpatient,$249.00 ,$45.00 ,,1,Physician Referral,Yes,Pending,,,General Ward,$212.80 ,$10.00 
1/21/2024,2336,1,1,4,1,2,Emergency,$968.00 ,$149.00 ,,2,Self-Referral,No,Paid,,,Private Room,$816.90 ,$50.00 
1/21/2024,1277,3,2,1,2,1,Emergency,$533.00 ,$193.00 ,,1,Physician Referral,No,Paid,,,General Ward,$515.20 ,$10.00 
1/21/2024,2908,3,1,4,2,3,Outpatient,$495.00 ,$128.00 ,1/28/2024,2,Self-Referral,Yes,Pending,,,N/A,$436.10 , $-   
1/22/2024,2696,5,2,1,2,2,Inpatient,$449.00 ,$53.00 ,,1,Self-Referral,Yes,Paid,,,General Ward,$358.40 ,$10.00 
1/22/2024,134,5,1,4,3,1,Emergency,$141.00 ,$188.00 ,,2,Self-Referral,No,Pending,,,Private Room,$265.30 ,$50.00 
1/22/2024,2385,5,2,1,2,2,Outpatient,$458.00 ,$118.00 ,,1,Physician Referral,Yes,Paid,,,Semi-Private Room,$424.20 ,$30.00 
1/22/2024,3656,5,1,4,1,1,Outpatient,$688.00 ,$162.00 ,,2,Emergency,No,Paid,,,Semi-Private Room,$616.00 ,$30.00 
1/22/2024,4114,5,2,1,2,3,Outpatient,$425.00 ,$74.00 ,1/30/2024,1,Self-Referral,No,Paid,,,N/A,$349.30 , $-   
1/22/2024,3736,5,1,4,4,3,Outpatient,$684.00 ,$22.00 ,1/31/2024,2,Physician Referral,No,Paid,,,N/A,$494.20 , $-   
1/22/2024,4851,5,2,1,2,1,Outpatient,$660.00 ,$95.00 ,,1,Self-Referral,No,Pending,,,Private Room,$563.50 ,$50.00 
1/22/2024,3765,5,1,4,5,3,Inpatient,$584.00 ,$185.00 ,,2,Physician Referral,Yes,Pending,,,Semi-Private Room,$559.30 ,$30.00 
1/22/2024,4813,5,2,1,2,1,Outpatient,$210.00 ,$198.00 ,2/9/2024,1,Self-Referral,Yes,Pending,,,N/A,$285.60 , $-   
1/22/2024,4326,5,1,4,5,1,Outpatient,$409.00 ,$164.00 ,2/11/2024,2,Physician Referral,Yes,Paid,,,N/A,$401.10 , $-   
1/23/2024,1564,5,2,1,2,3,Outpatient,$845.00 ,$68.00 ,,1,Self-Referral,Yes,Paid,,,Semi-Private Room,$660.10 ,$30.00 
1/23/2024,3108,5,1,4,2,3,Outpatient,$133.00 ,$168.00 ,2/5/2024,2,Self-Referral,No,Pending,,,N/A,$210.70 , $-   
1/23/2024,4614,5,2,1,2,1,Outpatient,$317.00 ,$107.00 ,2/2/2024,1,Self-Referral,Yes,Pending,,,N/A,$296.80 , $-   
1/23/2024,4386,5,1,4,3,1,Emergency,$703.00 ,$171.00 ,,2,Physician Referral,No,Pending,,,Semi-Private Room,$632.80 ,$30.00 
1/23/2024,3735,5,2,1,2,3,Outpatient,$846.00 ,$59.00 ,2/10/2024,1,Emergency,No,Pending,,,N/A,$633.50 , $-   
1/23/2024,4035,5,1,4,2,3,Outpatient,$92.00 ,$167.00 ,,2,Self-Referral,No,Paid,,,Private Room,$216.30 ,$50.00 
1/23/2024,2245,5,2,1,2,1,Emergency,$430.00 ,$123.00 ,,1,Physician Referral,No,Pending,,,Private Room,$422.10 ,$50.00 
1/23/2024,1958,5,1,4,2,1,Outpatient,$140.00 ,$182.00 ,2/6/2024,2,Physician Referral,No,Paid,,,N/A,$225.40 , $-   
1/23/2024,1973,5,2,1,2,1,Outpatient,$745.00 ,$195.00 ,1/30/2024,1,Physician Referral,Yes,Pending,,,N/A,$658.00 , $-   
1/23/2024,2170,5,1,4,5,3,Outpatient,$519.00 ,$180.00 ,2/3/2024,2,Emergency,No,Paid,,,N/A,$489.30 , $-   
1/24/2024,1230,5,2,1,2,2,Outpatient,$234.00 ,$123.00 ,1/31/2024,1,Emergency,Yes,Pending,,,N/A,$249.90 , $-   
1/24/2024,3932,5,1,4,1,1,Outpatient,$467.00 ,$60.00 ,2/14/2024,2,Emergency,No,Pending,,,N/A,$368.90 , $-   
1/24/2024,1562,5,2,1,2,2,Outpatient,$913.00 ,$63.00 ,2/12/2024,1,Self-Referral,No,Paid,,,N/A,$683.20 , $-   
1/24/2024,2218,5,1,4,4,3,Outpatient,$553.00 ,$100.00 ,,2,Self-Referral,No,Paid,,,Semi-Private Room,$478.10 ,$30.00 
1/24/2024,3857,5,2,1,2,2,Outpatient,$900.00 ,$103.00 ,2/22/2024,1,Physician Referral,No,Pending,,,N/A,$702.10 , $-   
1/24/2024,2839,5,1,4,2,2,Inpatient,$152.00 ,$158.00 ,,2,Physician Referral,No,Paid,,,Private Room,$252.00 ,$50.00 
1/24/2024,3257,5,2,1,2,1,Outpatient,$88.00 ,$161.00 ,2/12/2024,1,Self-Referral,Yes,Pending,,,N/A,$174.30 , $-   
1/24/2024,4006,5,1,4,1,2,Outpatient,$135.00 ,$189.00 ,2/3/2024,2,Physician Referral,No,Paid,,,N/A,$226.80 , $-   
1/24/2024,2630,5,2,1,2,3,Outpatient,$913.00 ,$31.00 ,2/14/2024,1,Physician Referral,Yes,Pending,,,N/A,$660.80 , $-   
1/24/2024,2506,5,1,4,2,1,Outpatient,$969.00 ,$36.00 ,2/11/2024,2,Emergency,Yes,Pending,,,N/A,$703.50 , $-   
1/25/2024,3594,5,2,1,2,2,Outpatient,$592.00 ,$109.00 ,2/8/2024,1,Self-Referral,Yes,Pending,,,N/A,$490.70 , $-   
1/25/2024,1818,5,1,4,3,2,Inpatient,$377.00 ,$44.00 ,,2,Emergency,Yes,Pending,,,Semi-Private Room,$315.70 ,$30.00 
1/25/2024,3379,5,2,1,2,2,Outpatient,$154.00 ,$45.00 ,,1,Physician Referral,Yes,Pending,,,Semi-Private Room,$160.30 ,$30.00 
1/25/2024,856,5,1,4,2,2,Outpatient,$344.00 ,$194.00 ,,2,Self-Referral,No,Pending,,,Semi-Private Room,$397.60 ,$30.00 
1/25/2024,3831,5,2,1,2,1,Outpatient,$292.00 ,$172.00 ,2/16/2024,1,Emergency,No,Pending,,,N/A,$324.80 , $-   
1/25/2024,3632,5,1,4,5,1,Outpatient,$789.00 ,$79.00 ,2/12/2024,2,Self-Referral,No,Pending,,,N/A,$607.60 , $-   
1/25/2024,3684,5,2,1,2,1,Outpatient,$421.00 ,$79.00 ,2/6/2024,1,Physician Referral,No,Paid,,,N/A,$350.00 , $-   
1/25/2024,3628,5,1,4,4,3,Outpatient,$970.00 ,$46.00 ,,2,Physician Referral,Yes,Paid,,,Private Room,$746.20 ,$50.00 
1/25/2024,1215,5,2,1,2,3,Inpatient,$576.00 ,$190.00 ,,1,Physician Referral,No,Paid,,,General Ward,$543.20 ,$10.00 
1/25/2024,135,5,1,4,4,1,Outpatient,$577.00 ,$95.00 ,2/23/2024,2,Self-Referral,No,Pending,,,N/A,$470.40 , $-   
1/26/2024,805,5,2,1,2,1,Emergency,$756.00 ,$39.00 ,,1,Self-Referral,No,Pending,,,Semi-Private Room,$577.50 ,$30.00 
1/26/2024,140,5,1,4,2,3,Outpatient,$941.00 ,$172.00 ,2/16/2024,2,Emergency,Yes,Pending,,,N/A,$779.10 , $-   
1/26/2024,2042,5,2,1,2,2,Outpatient,$628.00 ,$174.00 ,2/8/2024,1,Self-Referral,Yes,Paid,,,N/A,$561.40 , $-   
1/26/2024,314,5,1,4,4,1,Inpatient,$905.00 ,$199.00 ,,2,Emergency,Yes,Paid,,,Private Room,$807.80 ,$50.00 
1/26/2024,3617,5,2,1,2,1,Inpatient,$927.00 ,$101.00 ,,1,Emergency,Yes,Paid,,,General Ward,$726.60 ,$10.00 
1/26/2024,2370,5,1,4,4,2,Inpatient,$843.00 ,$29.00 ,,2,Emergency,Yes,Paid,,,Semi-Private Room,$631.40 ,$30.00 
1/26/2024,2356,5,2,1,2,3,Inpatient,$77.00 ,$197.00 ,,1,Self-Referral,No,Paid,,,Semi-Private Room,$212.80 ,$30.00 
1/26/2024,1187,5,1,4,1,3,Outpatient,$722.00 ,$49.00 ,2/6/2024,2,Self-Referral,Yes,Pending,,,N/A,$539.70 , $-   
1/26/2024,3435,5,2,1,2,1,Outpatient,$715.00 ,$20.00 ,2/24/2024,1,Self-Referral,No,Paid,,,N/A,$514.50 , $-   
1/26/2024,4869,5,1,4,5,2,Outpatient,$476.00 ,$73.00 ,,2,Emergency,No,Pending,,,Semi-Private Room,$405.30 ,$30.00 
1/27/2024,4322,5,2,1,2,3,Emergency,$480.00 ,$23.00 ,,1,Physician Referral,No,Pending,,,Semi-Private Room,$373.10 ,$30.00 
1/27/2024,3371,5,1,4,1,2,Inpatient,$871.00 ,$154.00 ,,2,Emergency,Yes,Pending,,,Semi-Private Room,$738.50 ,$30.00 
1/27/2024,2695,5,2,1,2,2,Outpatient,$504.00 ,$49.00 ,,1,Emergency,No,Paid,,,Semi-Private Room,$408.10 ,$30.00 
1/27/2024,2227,5,1,4,2,1,Outpatient,$943.00 ,$109.00 ,2/17/2024,2,Emergency,No,Paid,,,N/A,$736.40 , $-   
1/27/2024,1742,5,2,1,2,2,Outpatient,$770.00 ,$84.00 ,2/14/2024,1,Self-Referral,Yes,Pending,,,N/A,$597.80 , $-   
1/27/2024,2472,5,1,4,5,2,Outpatient,$390.00 ,$143.00 ,2/13/2024,2,Emergency,No,Paid,,,N/A,$373.10 , $-   
1/27/2024,1676,5,2,1,2,2,Outpatient,$172.00 ,$48.00 ,2/6/2024,1,Emergency,Yes,Paid,,,N/A,$154.00 , $-   
1/27/2024,467,5,1,4,3,2,Outpatient,$703.00 ,$172.00 ,2/15/2024,2,Emergency,Yes,Pending,,,N/A,$612.50 , $-   
1/27/2024,1819,5,2,1,2,2,Outpatient,$635.00 ,$59.00 ,2/20/2024,1,Physician Referral,Yes,Pending,,,N/A,$485.80 , $-   
1/27/2024,468,5,1,4,1,1,Outpatient,$744.00 ,$45.00 ,2/10/2024,2,Self-Referral,No,Pending,,,N/A,$552.30 , $-   
1/28/2024,495,5,2,1,2,3,Emergency,$760.00 ,$36.00 ,,1,Emergency,No,Pending,,,Semi-Private Room,$578.20 ,$30.00 
1/28/2024,4312,5,1,4,1,3,Outpatient,$974.00 ,$178.00 ,2/10/2024,2,Emergency,No,Pending,,,N/A,$806.40 , $-   
1/28/2024,1841,5,2,1,2,2,Outpatient,$953.00 ,$27.00 ,,1,Physician Referral,Yes,Paid,,,Semi-Private Room,$707.00 ,$30.00 
1/28/2024,1441,5,1,4,2,1,Emergency,$461.00 ,$88.00 ,,2,Self-Referral,No,Pending,,,General Ward,$391.30 ,$10.00 
1/28/2024,1646,5,2,1,2,1,Outpatient,$678.00 ,$20.00 ,,1,Emergency,No,Paid,,,Private Room,$523.60 ,$50.00 
1/28/2024,3133,5,1,4,4,2,Outpatient,$703.00 ,$98.00 ,2/25/2024,2,Self-Referral,No,Paid,,,N/A,$560.70 , $-   
1/28/2024,4079,5,2,1,2,2,Outpatient,$790.00 ,$90.00 ,2/26/2024,1,Emergency,No,Pending,,,N/A,$616.00 , $-   
1/28/2024,1787,5,1,4,3,3,Outpatient,$331.00 ,$65.00 ,2/19/2024,2,Emergency,No,Pending,,,N/A,$277.20 , $-   
1/28/2024,1879,5,2,1,2,3,Outpatient,$607.00 ,$127.00 ,2/6/2024,1,Self-Referral,No,Paid,,,N/A,$513.80 , $-   
1/28/2024,469,5,1,4,5,3,Emergency,$161.00 ,$118.00 ,,2,Physician Referral,No,Pending,,,Semi-Private Room,$216.30 ,$30.00 
1/29/2024,237,5,2,1,2,2,Outpatient,$577.00 ,$143.00 ,2/26/2024,1,Emergency,No,Paid,,,N/A,$504.00 , $-   
1/29/2024,540,5,1,4,5,3,Outpatient,$126.00 ,$167.00 ,,2,Self-Referral,No,Pending,,,General Ward,$212.10 ,$10.00 
1/29/2024,2750,5,2,1,2,1,Outpatient,$316.00 ,$187.00 ,2/20/2024,1,Emergency,No,Pending,,,N/A,$352.10 , $-   
1/29/2024,3913,5,1,4,2,1,Outpatient,$199.00 ,$21.00 ,2/20/2024,2,Emergency,No,Paid,,,N/A,$154.00 , $-   
1/29/2024,4473,5,2,1,2,2,Inpatient,$852.00 ,$90.00 ,,1,Physician Referral,No,Paid,,,General Ward,$666.40 ,$10.00 
1/29/2024,1573,5,1,4,4,2,Inpatient,$414.00 ,$122.00 ,,2,Physician Referral,No,Pending,,,Private Room,$410.20 ,$50.00 
1/29/2024,4533,5,2,1,2,3,Outpatient,$194.00 ,$96.00 ,,1,Self-Referral,No,Pending,,,Semi-Private Room,$224.00 ,$30.00 
1/29/2024,3506,5,1,4,3,1,Outpatient,$116.00 ,$116.00 ,2/11/2024,2,Emergency,No,Pending,,,N/A,$162.40 , $-   
1/29/2024,3588,5,2,1,2,3,Outpatient,$861.00 ,$49.00 ,2/27/2024,1,Emergency,No,Paid,,,N/A,$637.00 , $-   
1/29/2024,1394,5,1,4,3,1,Emergency,$928.00 ,$49.00 ,,2,Self-Referral,No,Pending,,,Semi-Private Room,$704.90 ,$30.00 
1/30/2024,2340,5,2,1,2,3,Outpatient,$399.00 ,$192.00 ,2/18/2024,1,Emergency,No,Pending,,,N/A,$413.70 , $-   
1/30/2024,4138,5,1,4,3,2,Emergency,$595.00 ,$43.00 ,,2,Emergency,No,Pending,,,Private Room,$481.60 ,$50.00 
1/30/2024,511,5,2,1,2,1,Outpatient,$461.00 ,$80.00 ,2/18/2024,1,Self-Referral,No,Pending,,,N/A,$378.70 , $-   
1/30/2024,4749,5,1,4,5,1,Outpatient,$242.00 ,$160.00 ,,2,Physician Referral,No,Paid,,,General Ward,$288.40 ,$10.00 
1/30/2024,1337,5,2,1,2,1,Outpatient,$397.00 ,$144.00 ,,1,Emergency,No,Paid,,,General Ward,$385.70 ,$10.00 
1/30/2024,4850,5,1,4,3,3,Outpatient,$797.00 ,$99.00 ,2/26/2024,2,Physician Referral,No,Paid,,,N/A,$627.20 , $-   
1/30/2024,1678,5,2,1,2,3,Emergency,$478.00 ,$34.00 ,,1,Physician Referral,No,Pending,,,Private Room,$393.40 ,$50.00 
1/30/2024,1296,5,1,4,1,3,Outpatient,$984.00 ,$30.00 ,2/24/2024,2,Physician Referral,No,Pending,,,N/A,$709.80 , $-   
1/30/2024,930,5,2,1,2,1,Outpatient,$656.00 ,$159.00 ,2/23/2024,1,Self-Referral,No,Pending,,,N/A,$570.50 , $-   
1/30/2024,1977,5,1,4,2,2,Emergency,$919.00 ,$105.00 ,,2,Self-Referral,No,Paid,,,General Ward,$723.80 ,$10.00 
1/31/2024,1452,5,2,1,2,3,Outpatient,$504.00 ,$108.00 ,,1,Self-Referral,No,Paid,,,General Ward,$435.40 ,$10.00 
1/31/2024,2450,5,1,4,2,1,Outpatient,$80.00 ,$22.00 ,2/13/2024,2,Physician Referral,No,Paid,,,N/A,$71.40 , $-   
1/31/2024,3510,5,2,1,2,3,Outpatient,$596.00 ,$43.00 ,2/26/2024,1,Physician Referral,No,Paid,,,N/A,$447.30 , $-   
1/31/2024,1000,5,1,4,2,1,Inpatient,$447.00 ,$108.00 ,,2,Physician Referral,No,Pending,,,General Ward,$395.50 ,$10.00 
1/31/2024,2611,5,2,1,2,1,Emergency,$65.00 ,$28.00 ,,1,Emergency,No,Paid,,,Semi-Private Room,$86.10 ,$30.00 
1/31/2024,143,5,1,4,3,3,Outpatient,$121.00 ,$65.00 ,,2,Physician Referral,No,Paid,,,Semi-Private Room,$151.20 ,$30.00 
1/31/2024,4963,5,2,1,2,1,Outpatient,$485.00 ,$113.00 ,2/24/2024,1,Emergency,No,Pending,,,N/A,$418.60 , $-   
1/31/2024,4592,5,1,4,2,3,Outpatient,$566.00 ,$90.00 ,2/24/2024,2,Physician Referral,No,Paid,,,N/A,$459.20 , $-   
1/31/2024,3721,5,2,1,2,1,Outpatient,$294.00 ,$158.00 ,2/28/2024,1,Emergency,No,Pending,,,N/A,$316.40 , $-   
1/31/2024,2239,5,1,4,4,2,Outpatient,$992.00 ,$29.00 ,,2,Emergency,No,Pending,,,Semi-Private Room,$735.70 ,$30.00 
2/1/2024,3179,5,2,1,2,2,Emergency,$781.00 ,$22.00 ,,1,Self-Referral,No,Pending,,,Private Room,$597.10 ,$50.00 
2/1/2024,2295,5,1,4,3,2,Outpatient,$452.00 ,$38.00 ,2/11/2024,2,Self-Referral,No,Pending,,,N/A,$343.00 , $-   
2/1/2024,733,5,2,1,2,2,Outpatient,$350.00 ,$149.00 ,2/16/2024,1,Physician Referral,No,Pending,,,N/A,$349.30 , $-   
2/1/2024,1987,5,1,4,5,3,Inpatient,$519.00 ,$164.00 ,,2,Self-Referral,No,Paid,,,Private Room,$513.10 ,$50.00 
2/1/2024,4480,5,2,1,2,1,Outpatient,$521.00 ,$149.00 ,2/28/2024,1,Emergency,No,Paid,,,N/A,$469.00 , $-   
2/1/2024,1501,5,1,4,4,1,Inpatient,$500.00 ,$163.00 ,,2,Self-Referral,No,Pending,,,Semi-Private Room,$485.10 ,$30.00 
2/1/2024,3824,5,2,1,2,2,Inpatient,$541.00 ,$132.00 ,,1,Self-Referral,No,Paid,,,General Ward,$478.10 ,$10.00 
2/1/2024,2598,5,1,4,5,2,Outpatient,$688.00 ,$157.00 ,,2,Emergency,No,Pending,,,Semi-Private Room,$612.50 ,$30.00 
2/1/2024,3289,5,2,1,2,1,Outpatient,$205.00 ,$62.00 ,2/23/2024,1,Physician Referral,No,Paid,,,N/A,$186.90 , $-   
2/1/2024,4007,5,1,4,5,1,Outpatient,$823.00 ,$77.00 ,2/11/2024,2,Physician Referral,No,Paid,,,N/A,$630.00 , $-   
2/2/2024,4227,5,2,1,2,1,Emergency,$727.00 ,$132.00 ,,1,Emergency,No,Paid,,,Private Room,$636.30 ,$50.00 
2/2/2024,3681,5,1,4,1,2,Emergency,$586.00 ,$141.00 ,,2,Self-Referral,No,Paid,,,General Ward,$515.90 ,$10.00 
2/2/2024,1811,5,2,1,2,1,Outpatient,$896.00 ,$171.00 ,2/16/2024,1,Physician Referral,No,Paid,,,N/A,$746.90 , $-   
2/2/2024,3535,5,1,4,3,2,Outpatient,$210.00 ,$104.00 ,,2,Emergency,No,Paid,,,Semi-Private Room,$240.80 ,$30.00 
2/2/2024,1238,5,2,1,2,2,Outpatient,$650.00 ,$125.00 ,2/11/2024,1,Physician Referral,No,Paid,,,N/A,$542.50 , $-   
2/2/2024,3603,5,1,4,5,2,Outpatient,$241.00 ,$163.00 ,2/17/2024,2,Emergency,No,Pending,,,N/A,$282.80 , $-   
2/2/2024,1700,5,2,1,2,1,Outpatient,$718.00 ,$119.00 ,2/16/2024,1,Self-Referral,No,Pending,,,N/A,$585.90 , $-   
2/2/2024,1607,5,1,4,5,2,Inpatient,$572.00 ,$118.00 ,,2,Physician Referral,No,Pending,,,General Ward,$490.00 ,$10.00 
2/2/2024,3938,5,2,1,2,3,Outpatient,$151.00 ,$28.00 ,,1,Emergency,No,Paid,,,General Ward,$132.30 ,$10.00 
2/2/2024,3120,5,1,4,5,1,Outpatient,$889.00 ,$25.00 ,,2,Physician Referral,No,Paid,,,Private Room,$674.80 ,$50.00 
2/3/2024,4919,5,2,1,2,1,Inpatient,$428.00 ,$127.00 ,,1,Self-Referral,No,Pending,,,Semi-Private Room,$409.50 ,$30.00 
2/3/2024,3298,5,1,4,2,1,Outpatient,$253.00 ,$171.00 ,2/21/2024,2,Physician Referral,No,Pending,,,N/A,$296.80 , $-   
2/3/2024,3860,5,2,1,2,1,Inpatient,$714.00 ,$157.00 ,,1,Emergency,No,Paid,,,General Ward,$616.70 ,$10.00 
2/3/2024,2891,5,1,4,2,2,Outpatient,$638.00 ,$101.00 ,2/23/2024,2,Self-Referral,No,Pending,,,N/A,$517.30 , $-   
2/3/2024,1727,5,2,1,2,3,Inpatient,$525.00 ,$46.00 ,,1,Emergency,No,Pending,,,Private Room,$434.70 ,$50.00 
2/3/2024,2418,5,1,4,1,2,Inpatient,$645.00 ,$138.00 ,,2,Self-Referral,No,Pending,,,General Ward,$555.10 ,$10.00 
2/3/2024,3327,5,2,1,2,3,Outpatient,$821.00 ,$119.00 ,,1,Physician Referral,No,Pending,,,Private Room,$693.00 ,$50.00 
2/3/2024,2528,5,1,4,3,1,Inpatient,$93.00 ,$22.00 ,,2,Self-Referral,No,Paid,,,General Ward,$87.50 ,$10.00 
2/3/2024,4578,5,2,1,2,2,Emergency,$972.00 ,$57.00 ,,1,Self-Referral,No,Pending,,,Private Room,$755.30 ,$50.00 
2/3/2024,209,5,1,4,3,2,Outpatient,$564.00 ,$93.00 ,2/19/2024,2,Self-Referral,No,Pending,,,N/A,$459.90 , $-   
2/4/2024,1631,5,2,1,2,2,Inpatient,$686.00 ,$92.00 ,,1,Self-Referral,No,Pending,,,Private Room,$579.60 ,$50.00 
2/4/2024,711,5,1,4,2,3,Emergency,$131.00 ,$36.00 ,,2,Emergency,No,Pending,,,General Ward, $-   ,$10.00 
2/4/2024,4925,5,2,1,2,3,Inpatient,$644.00 ,$125.00 ,,1,Self-Referral,No,Paid,,,Semi-Private Room, $-   ,$30.00 
2/4/2024,3576,5,1,4,3,1,Inpatient,$759.00 ,$67.00 ,,2,Emergency,No,Pending,,,Semi-Private Room,$599.20 ,$30.00 
2/4/2024,3212,5,2,1,2,2,Inpatient,$869.00 ,$196.00 ,,1,Emergency,No,Pending,,,General Ward,$752.50 ,$10.00 
2/4/2024,1925,5,1,4,5,1,Outpatient,$910.00 ,$190.00 ,3/2/2024,2,Physician Referral,No,Pending,,,N/A,$770.00 , $-   
2/4/2024,529,5,2,1,2,3,Emergency,$916.00 ,$103.00 ,,1,Physician Referral,No,Pending,,,Semi-Private Room,$734.30 ,$30.00 
2/4/2024,2931,5,1,4,4,1,Outpatient,$71.00 ,$26.00 ,2/27/2024,2,Self-Referral,No,Pending,,,N/A,$67.90 , $-   
2/4/2024,2504,5,2,1,2,2,Emergency,$477.00 ,$145.00 ,,1,Self-Referral,No,Paid,,,Private Room,$470.40 ,$50.00 
2/4/2024,1620,5,1,4,4,2,Outpatient,$721.00 ,$168.00 ,2/21/2024,2,Physician Referral,No,Pending,,,N/A,$622.30 , $-   
2/5/2024,4952,5,2,1,2,3,Inpatient,$883.00 ,$172.00 ,,1,Physician Referral,No,Pending,,,General Ward,$745.50 ,$10.00 
2/5/2024,680,5,1,4,5,3,Emergency,$670.00 ,$100.00 ,,2,Emergency,No,Paid,,,Private Room,$574.00 ,$50.00 
2/5/2024,4130,5,2,1,2,1,Outpatient,$324.00 ,$175.00 ,2/21/2024,1,Self-Referral,No,Pending,,,N/A, $-   , $-   
2/5/2024,3195,5,1,4,2,2,Outpatient,$561.00 ,$71.00 ,,2,Physician Referral,No,Paid,,,General Ward,$449.40 ,$10.00 
2/5/2024,1775,5,2,1,2,1,Outpatient,$841.00 ,$32.00 ,2/24/2024,1,Physician Referral,No,Pending,,,N/A,$611.10 , $-   
2/5/2024,4011,5,1,4,4,3,Inpatient,$850.00 ,$53.00 ,,2,Emergency,No,Paid,,,General Ward,$639.10 ,$10.00 
2/5/2024,2299,5,2,1,2,3,Outpatient,$151.00 ,$146.00 ,2/13/2024,1,Emergency,No,Paid,,,N/A,$207.90 , $-   
2/5/2024,3801,5,1,4,1,1,Outpatient,$457.00 ,$124.00 ,2/12/2024,2,Physician Referral,No,Pending,,,N/A,$406.70 , $-   
2/5/2024,669,5,2,1,2,2,Outpatient,$639.00 ,$151.00 ,3/4/2024,1,Self-Referral,No,Paid,,,N/A, $-   , $-   
2/5/2024,48,5,1,4,4,3,Outpatient,$561.00 ,$63.00 ,,2,Emergency,No,Pending,,,Private Room,$471.80 ,$50.00 
2/6/2024,843,5,2,1,2,1,Outpatient,$249.00 ,$145.00 ,2/13/2024,1,Emergency,No,Paid,,,N/A,$275.80 , $-   
2/6/2024,3115,5,1,4,2,2,Outpatient,$807.00 ,$162.00 ,,2,Self-Referral,No,Paid,,,Semi-Private Room,$699.30 ,$30.00 
2/6/2024,480,5,2,1,2,1,Outpatient,$374.00 ,$27.00 ,2/28/2024,1,Physician Referral,No,Pending,,,N/A,$280.70 , $-   
2/6/2024,1098,5,1,4,3,3,Outpatient,$599.00 ,$133.00 ,2/22/2024,2,Physician Referral,No,Paid,,,N/A, $-   , $-   
2/6/2024,98,5,2,1,2,2,Outpatient,$215.00 ,$24.00 ,2/22/2024,1,Self-Referral,No,Pending,,,N/A,$167.30 , $-   
2/6/2024,3007,5,1,4,2,3,Outpatient,$545.00 ,$105.00 ,,2,Self-Referral,No,Paid,,,Semi-Private Room,$476.00 ,$30.00 
2/6/2024,249,5,2,1,2,3,Inpatient,$876.00 ,$92.00 ,,1,Emergency,No,Paid,,,General Ward,$684.60 ,$10.00 
2/6/2024,2255,5,1,4,1,3,Outpatient,$600.00 ,$111.00 ,,2,Physician Referral,No,Pending,,,Semi-Private Room,$518.70 ,$30.00 
2/6/2024,4214,5,2,1,2,3,Outpatient,$512.00 ,$140.00 ,2/19/2024,1,Physician Referral,No,Pending,,,N/A,$456.40 , $-   
2/6/2024,1232,5,1,4,2,3,Inpatient,$412.00 ,$65.00 ,,2,Physician Referral,No,Paid,,,Private Room,$368.90 ,$50.00 
2/7/2024,639,5,2,1,2,1,Emergency,$526.00 ,$135.00 ,,1,Self-Referral,No,Pending,,,General Ward,$469.70 ,$10.00 
2/7/2024,577,5,1,4,5,3,Outpatient,$454.00 ,$132.00 ,2/20/2024,2,Self-Referral,No,Pending,,,N/A,$410.20 , $-   
2/7/2024,4395,5,2,1,2,3,Outpatient,$639.00 ,$85.00 ,2/14/2024,1,Physician Referral,No,Paid,,,N/A,$506.80 , $-   
2/7/2024,1329,5,1,4,4,3,Outpatient,$620.00 ,$173.00 ,,2,Self-Referral,No,Paid,,,Semi-Private Room,$576.10 ,$30.00 
2/7/2024,4957,5,2,1,2,2,Emergency,$361.00 ,$50.00 ,,1,Self-Referral,No,Pending,,,General Ward,$294.70 ,$10.00 
2/7/2024,1227,5,1,4,1,3,Outpatient,$710.00 ,$70.00 ,,2,Self-Referral,No,Paid,,,Semi-Private Room,$567.00 ,$30.00 
2/7/2024,4680,5,2,1,2,2,Outpatient,$753.00 ,$60.00 ,2/26/2024,1,Physician Referral,No,Pending,,,N/A,$569.10 , $-   
2/7/2024,572,5,1,4,5,1,Outpatient,$647.00 ,$70.00 ,2/18/2024,2,Physician Referral,No,Pending,,,N/A,$501.90 , $-   
2/7/2024,2666,5,2,1,2,3,Outpatient,$235.00 ,$166.00 ,2/16/2024,1,Physician Referral,No,Pending,,,N/A,$280.70 , $-   
2/7/2024,2971,5,1,4,1,1,Outpatient,$332.00 ,$114.00 ,2/26/2024,2,Emergency,No,Pending,,,N/A,$312.20 , $-   
2/8/2024,3157,5,2,1,2,1,Outpatient,$947.00 ,$92.00 ,2/26/2024,1,Physician Referral,No,Pending,,,N/A,$727.30 , $-   
2/8/2024,997,5,1,4,2,3,Emergency,$528.00 ,$150.00 ,,2,Emergency,No,Pending,,,Private Room,$509.60 ,$50.00 
2/8/2024,1027,5,2,1,2,1,Inpatient,$871.00 ,$57.00 ,,1,Self-Referral,No,Paid,,,Private Room,$684.60 ,$50.00 
2/8/2024,797,5,1,4,4,3,Outpatient,$410.00 ,$192.00 ,,2,Self-Referral,No,Pending,,,General Ward,$428.40 ,$10.00 
2/8/2024,1797,5,2,1,2,1,Outpatient,$242.00 ,$60.00 ,3/3/2024,1,Self-Referral,No,Paid,,,N/A,$211.40 , $-   
2/8/2024,2273,5,1,4,3,2,Outpatient,$52.00 ,$172.00 ,2/19/2024,2,Physician Referral,No,Pending,,,N/A,$156.80 , $-   
2/8/2024,2825,5,2,1,2,2,Inpatient,$584.00 ,$197.00 ,,1,Emergency,No,Paid,,,General Ward,$553.70 ,$10.00 
2/8/2024,3050,5,1,4,3,2,Outpatient,$102.00 ,$148.00 ,,2,Physician Referral,No,Paid,,,Private Room,$210.00 ,$50.00 
2/8/2024,2264,5,2,1,2,3,Emergency,$492.00 ,$73.00 ,,1,Physician Referral,No,Paid,,,Semi-Private Room,$416.50 ,$30.00 
2/8/2024,1839,5,1,4,2,1,Outpatient,$474.00 ,$105.00 ,2/19/2024,2,Self-Referral,No,Pending,,,N/A,$405.30 , $-   
2/9/2024,1309,5,2,1,2,2,Outpatient,$404.00 ,$32.00 ,2/17/2024,1,Emergency,No,Paid,,,N/A,$305.20 , $-   
2/9/2024,3406,5,1,4,3,3,Outpatient,$442.00 ,$59.00 ,2/21/2024,2,Physician Referral,No,Paid,,,N/A,$350.70 , $-   
2/9/2024,3882,5,2,1,2,2,Outpatient,$885.00 ,$40.00 ,2/22/2024,1,Emergency,No,Pending,,,N/A,$647.50 , $-   
2/9/2024,1281,5,1,4,3,2,Outpatient,$339.00 ,$188.00 ,2/16/2024,2,Physician Referral,No,Paid,,,N/A,$368.90 , $-   
2/9/2024,320,5,2,1,2,3,Emergency,$194.00 ,$180.00 ,,1,Self-Referral,No,Paid,,,General Ward,$268.80 ,$10.00 
2/9/2024,3843,5,1,4,5,2,Emergency,$83.00 ,$48.00 ,,2,Physician Referral,No,Pending,,,Semi-Private Room,$112.70 ,$30.00 
2/9/2024,753,5,2,1,2,3,Outpatient,$339.00 ,$144.00 ,2/18/2024,1,Emergency,No,Paid,,,N/A,$338.10 , $-   
2/9/2024,3472,5,1,4,1,2,Outpatient,$616.00 ,$51.00 ,3/6/2024,2,Self-Referral,No,Paid,,,N/A,$466.90 , $-   
2/9/2024,2142,5,2,1,2,3,Emergency,$631.00 ,$30.00 ,,1,Physician Referral,No,Pending,,,Private Room,$497.70 ,$50.00 
2/9/2024,4217,5,1,4,1,2,Outpatient,$388.00 ,$199.00 ,2/17/2024,2,Emergency,No,Paid,,,N/A,$410.90 , $-   
2/10/2024,44,5,2,1,2,1,Outpatient,$453.00 ,$55.00 ,2/26/2024,1,Emergency,No,Paid,,,N/A,$355.60 , $-   
2/10/2024,1168,5,1,4,1,1,Inpatient,$712.00 ,$112.00 ,,2,Self-Referral,No,Paid,,,General Ward,$583.80 ,$10.00 
2/10/2024,3310,5,2,1,2,3,Outpatient,$797.00 ,$131.00 ,2/27/2024,1,Self-Referral,No,Paid,,,N/A,$649.60 , $-   
2/10/2024,1971,5,1,4,1,3,Outpatient,$501.00 ,$178.00 ,3/8/2024,2,Physician Referral,No,Pending,,,N/A,$475.30 , $-   
2/10/2024,3295,5,2,1,2,1,Emergency,$934.00 ,$161.00 ,,1,Self-Referral,No,Pending,,,Private Room,$801.50 ,$50.00 
2/10/2024,4689,5,1,4,3,3,Outpatient,$995.00 ,$199.00 ,2/29/2024,2,Physician Referral,No,Pending,,,N/A,$835.80 , $-   
2/10/2024,4746,5,2,1,2,2,Outpatient,$354.00 ,$136.00 ,3/3/2024,1,Emergency,No,Pending,,,N/A,$343.00 , $-   
2/10/2024,2887,5,1,4,2,2,Inpatient,$511.00 ,$69.00 ,,2,Self-Referral,No,Paid,,,Private Room,$441.00 ,$50.00 
2/10/2024,864,5,2,1,2,2,Emergency,$775.00 ,$142.00 ,,1,Emergency,No,Pending,,,Semi-Private Room,$662.90 ,$30.00 
2/10/2024,4663,5,1,4,5,2,Outpatient,$442.00 ,$92.00 ,3/7/2024,2,Emergency,No,Pending,,,N/A,$373.80 , $-   
2/11/2024,2197,5,2,1,2,2,Outpatient,$991.00 ,$116.00 ,,1,Physician Referral,No,Paid,,,Private Room,$809.90 ,$50.00 
2/11/2024,1099,5,1,4,3,2,Emergency,$606.00 ,$106.00 ,,2,Self-Referral,No,Paid,,,Semi-Private Room,$519.40 ,$30.00 
2/11/2024,3896,5,2,1,2,2,Outpatient,$432.00 ,$116.00 ,2/28/2024,1,Physician Referral,No,Paid,,,N/A,$383.60 , $-   
2/11/2024,2945,5,1,4,4,3,Inpatient,$768.00 ,$182.00 ,,2,Self-Referral,No,Pending,,,Semi-Private Room,$686.00 ,$30.00 
2/11/2024,1049,5,2,1,2,1,Outpatient,$89.00 ,$129.00 ,3/6/2024,1,Physician Referral,No,Paid,,,N/A,$152.60 , $-   
2/11/2024,999,5,1,4,1,2,Inpatient,$822.00 ,$177.00 ,,2,Physician Referral,No,Paid,,,Semi-Private Room,$720.30 ,$30.00 
2/11/2024,4005,5,2,1,2,2,Emergency,$663.00 ,$129.00 ,,1,Physician Referral,No,Paid,,,General Ward,$561.40 ,$10.00 
2/11/2024,3560,5,1,4,1,3,Outpatient,$455.00 ,$74.00 ,2/28/2024,2,Emergency,No,Pending,,,N/A,$370.30 , $-   
2/11/2024,2925,5,2,1,2,3,Outpatient,$505.00 ,$113.00 ,2/18/2024,1,Self-Referral,No,Pending,,,N/A,$432.60 , $-   
2/11/2024,3225,5,1,4,5,1,Outpatient,$744.00 ,$128.00 ,3/6/2024,2,Emergency,No,Pending,,,N/A,$610.40 , $-   
2/12/2024,2551,5,2,1,2,1,Outpatient,$962.00 ,$148.00 ,,1,Emergency,No,Pending,,,Semi-Private Room,$798.00 ,$30.00 
2/12/2024,2030,5,1,4,5,3,Outpatient,$705.00 ,$34.00 ,3/9/2024,2,Physician Referral,No,Pending,,,N/A,$517.30 , $-   
2/12/2024,648,5,2,1,2,2,Outpatient,$912.00 ,$172.00 ,2/23/2024,1,Physician Referral,No,Pending,,,N/A,$758.80 , $-   
2/12/2024,2525,5,1,4,1,2,Outpatient,$559.00 ,$39.00 ,,2,Emergency,No,Pending,,,General Ward,$425.60 ,$10.00 
2/12/2024,127,5,2,1,2,2,Inpatient,$718.00 ,$163.00 ,,1,Self-Referral,No,Paid,,,Private Room,$651.70 ,$50.00 
2/12/2024,1484,5,1,4,4,2,Inpatient,$709.00 ,$71.00 ,,2,Physician Referral,No,Paid,,,Private Room,$581.00 ,$50.00 
2/12/2024,1870,5,2,1,2,2,Outpatient,$496.00 ,$106.00 ,2/20/2024,1,Emergency,No,Paid,,,N/A,$421.40 , $-   
2/12/2024,964,5,1,4,5,3,Emergency,$199.00 ,$84.00 ,,2,Self-Referral,No,Pending,,,Private Room,$233.10 ,$50.00 
2/12/2024,1596,5,2,1,2,1,Outpatient,$272.00 ,$130.00 ,,1,Self-Referral,No,Pending,,,Semi-Private Room,$302.40 ,$30.00 
2/12/2024,2281,5,1,4,5,1,Outpatient,$949.00 ,$103.00 ,3/7/2024,2,Emergency,No,Paid,,,N/A,$736.40 , $-   
2/13/2024,1311,5,2,1,2,3,Emergency,$239.00 ,$130.00 ,,1,Emergency,No,Paid,,,General Ward,$265.30 ,$10.00 
2/13/2024,3986,5,1,4,3,2,Emergency,$181.00 ,$89.00 ,,2,Self-Referral,No,Pending,,,Private Room,$224.00 ,$50.00 
2/13/2024,2742,5,2,1,2,3,Outpatient,"$1,000.00 ",$148.00 ,3/12/2024,1,Self-Referral,No,Pending,,,N/A,$803.60 , $-   
2/13/2024,1502,5,1,4,4,1,Inpatient,$869.00 ,$113.00 ,,2,Emergency,No,Pending,,,Semi-Private Room,$708.40 ,$30.00 
2/13/2024,3769,5,2,1,2,1,Outpatient,$805.00 ,$145.00 ,2/26/2024,1,Emergency,No,Pending,,,N/A,$665.00 , $-   
2/13/2024,3740,5,1,4,4,1,Outpatient,$762.00 ,$35.00 ,3/12/2024,2,Self-Referral,No,Pending,,,N/A,$557.90 , $-   
2/13/2024,2122,5,2,1,2,1,Outpatient,$245.00 ,$174.00 ,3/1/2024,1,Physician Referral,No,Pending,,,N/A,$293.30 , $-   
2/13/2024,450,5,1,4,4,3,Outpatient,$564.00 ,$37.00 ,3/1/2024,2,Self-Referral,No,Pending,,,N/A,$420.70 , $-   
2/13/2024,2360,5,2,1,2,2,Outpatient,$280.00 ,$96.00 ,3/3/2024,1,Self-Referral,No,Pending,,,N/A,$263.20 , $-   
2/13/2024,1673,5,1,4,3,2,Outpatient,$263.00 ,$63.00 ,,2,Self-Referral,No,Paid,,,Semi-Private Room,$249.20 ,$30.00 
2/14/2024,2979,5,2,1,2,3,Outpatient,$164.00 ,$69.00 ,2/24/2024,1,Self-Referral,No,Pending,,,N/A,$163.10 , $-   
2/14/2024,3540,5,1,4,2,2,Outpatient,$855.00 ,$111.00 ,2/21/2024,2,Physician Referral,No,Pending,,,N/A,$676.20 , $-   
2/14/2024,931,5,2,1,2,2,Outpatient,$815.00 ,$33.00 ,3/9/2024,1,Emergency,No,Pending,,,N/A,$593.60 , $-   
2/14/2024,1623,5,1,4,4,2,Outpatient,$774.00 ,$71.00 ,3/3/2024,2,Self-Referral,No,Paid,,,N/A,$591.50 , $-   
2/14/2024,1387,5,2,1,2,2,Emergency,$704.00 ,$112.00 ,,1,Emergency,No,Paid,,,Private Room,$606.20 ,$50.00 
2/14/2024,1961,5,1,4,1,1,Inpatient,$970.00 ,$140.00 ,,2,Emergency,No,Pending,,,Private Room,$812.00 ,$50.00 
2/14/2024,2222,5,2,1,2,2,Emergency,$676.00 ,$69.00 ,,1,Emergency,No,Paid,,,General Ward,$528.50 ,$10.00 
2/14/2024,1983,5,1,4,3,3,Outpatient,$235.00 ,$142.00 ,3/1/2024,2,Self-Referral,No,Paid,,,N/A,$263.90 , $-   
2/14/2024,2106,5,2,1,2,1,Inpatient,$566.00 ,$36.00 ,,1,Self-Referral,No,Paid,,,Private Room,$456.40 ,$50.00 
2/14/2024,598,5,1,4,2,1,Emergency,$60.00 ,$143.00 ,,2,Self-Referral,No,Pending,,,General Ward,$149.10 ,$10.00 
2/15/2024,3329,5,2,1,2,3,Outpatient,$523.00 ,$139.00 ,3/14/2024,1,Physician Referral,No,Pending,,,N/A,$463.40 , $-   
2/15/2024,2894,5,1,4,2,2,Outpatient,$586.00 ,$150.00 ,2/29/2024,2,Emergency,No,Pending,,,N/A,$515.20 , $-   
2/15/2024,4598,5,2,1,2,1,Outpatient,$380.00 ,$114.00 ,,1,Physician Referral,No,Pending,,,Private Room,$380.80 ,$50.00 
2/15/2024,3001,5,1,4,1,3,Outpatient,$366.00 ,$168.00 ,,2,Physician Referral,No,Pending,,,General Ward,$380.80 ,$10.00 
2/15/2024,3775,5,2,1,2,3,Inpatient,$666.00 ,$52.00 ,,1,Self-Referral,No,Pending,,,Semi-Private Room,$523.60 ,$30.00 
2/15/2024,4245,5,1,4,4,2,Inpatient,$675.00 ,$20.00 ,,2,Emergency,No,Pending,,,Private Room,$521.50 ,$50.00 
2/15/2024,2051,5,2,1,2,2,Outpatient,$648.00 ,$134.00 ,2/24/2024,1,Emergency,No,Paid,,,N/A,$547.40 , $-   
2/15/2024,573,5,1,4,4,3,Outpatient,$785.00 ,$23.00 ,2/28/2024,2,Self-Referral,No,Pending,,,N/A,$565.60 , $-   
2/15/2024,4946,5,2,1,2,2,Outpatient,$863.00 ,$169.00 ,3/12/2024,1,Self-Referral,No,Pending,,,N/A,$722.40 , $-   
2/15/2024,4872,5,1,4,4,3,Outpatient,$137.00 ,$191.00 ,3/3/2024,2,Physician Referral,No,Pending,,,N/A,$229.60 , $-   
2/16/2024,2847,5,2,1,2,2,Outpatient,$977.00 ,$76.00 ,2/29/2024,1,Self-Referral,No,Pending,,,N/A,$737.10 , $-   
2/16/2024,3866,5,1,4,1,2,Inpatient,$658.00 ,$187.00 ,,2,Physician Referral,No,Pending,,,General Ward,$598.50 ,$10.00 
2/16/2024,694,5,2,1,2,3,Outpatient,$431.00 ,$75.00 ,2/29/2024,1,Emergency,No,Pending,,,N/A,$354.20 , $-   
2/16/2024,1514,5,1,4,1,3,Outpatient,$682.00 ,$82.00 ,3/2/2024,2,Physician Referral,No,Pending,,,N/A,$534.80 , $-   
2/16/2024,1304,5,2,1,2,2,Emergency,$155.00 ,$122.00 ,,1,Self-Referral,No,Pending,,,General Ward,$200.90 ,$10.00 
2/16/2024,1795,5,1,4,2,3,Outpatient,$914.00 ,$136.00 ,2/25/2024,2,Emergency,No,Paid,,,N/A,$735.00 , $-   
2/16/2024,13,5,2,1,2,1,Emergency,$78.00 ,$186.00 ,,1,Physician Referral,No,Paid,,,Private Room,$219.80 ,$50.00 
2/16/2024,4665,5,1,4,2,2,Outpatient,$583.00 ,$26.00 ,3/4/2024,2,Physician Referral,No,Pending,,,N/A,$426.30 , $-   
2/16/2024,3800,5,2,1,2,1,Outpatient,$714.00 ,$161.00 ,3/10/2024,1,Emergency,No,Pending,,,N/A,$612.50 , $-   
2/16/2024,3214,5,1,4,1,1,Outpatient,$266.00 ,$144.00 ,3/1/2024,2,Physician Referral,No,Paid,,,N/A,$287.00 , $-   
2/17/2024,3884,5,2,1,2,1,Outpatient,$844.00 ,$109.00 ,,1,Physician Referral,No,Pending,,,Semi-Private Room,$688.10 ,$30.00 
2/17/2024,2330,5,1,4,1,3,Outpatient,$268.00 ,$165.00 ,3/14/2024,2,Physician Referral,No,Pending,,,N/A,$303.10 , $-   
2/17/2024,1260,5,2,1,2,2,Outpatient,$384.00 ,$74.00 ,,1,Self-Referral,No,Paid,,,General Ward,$327.60 ,$10.00 
2/17/2024,2259,5,1,4,1,2,Outpatient,$467.00 ,$134.00 ,2/25/2024,2,Self-Referral,No,Pending,,,N/A,$420.70 , $-   
2/17/2024,1410,5,2,1,2,1,Outpatient,$73.00 ,$142.00 ,3/15/2024,1,Self-Referral,No,Pending,,,N/A,$150.50 , $-   
2/17/2024,3787,5,1,4,4,3,Inpatient,$612.00 ,$135.00 ,,2,Physician Referral,No,Pending,,,Semi-Private Room,$543.90 ,$30.00 
2/17/2024,3741,5,2,1,2,2,Inpatient,$738.00 ,$134.00 ,,1,Emergency,No,Paid,,,General Ward,$617.40 ,$10.00 
2/17/2024,3753,5,1,4,5,2,Outpatient,$876.00 ,$172.00 ,3/14/2024,2,Physician Referral,No,Paid,,,N/A,$733.60 , $-   
2/17/2024,1813,5,2,1,2,2,Outpatient,$947.00 ,$133.00 ,,1,Physician Referral,No,Pending,,,Private Room,$791.00 ,$50.00 
2/17/2024,189,5,1,4,2,1,Outpatient,$463.00 ,$115.00 ,2/24/2024,2,Self-Referral,No,Paid,,,N/A,$404.60 , $-   
2/18/2024,4188,5,2,1,2,1,Outpatient,$568.00 ,$99.00 ,3/11/2024,1,Self-Referral,No,Paid,,,N/A,$466.90 , $-   
2/18/2024,991,5,1,4,3,1,Inpatient,$458.00 ,$22.00 ,,2,Physician Referral,No,Paid,,,Semi-Private Room,$357.00 ,$30.00 
2/18/2024,1960,5,2,1,2,1,Outpatient,$578.00 ,$168.00 ,,1,Self-Referral,No,Pending,,,Semi-Private Room,$543.20 ,$30.00 
2/18/2024,4781,5,1,4,4,1,Inpatient,$283.00 ,$179.00 ,,2,Physician Referral,No,Paid,,,Private Room,$358.40 ,$50.00 
2/18/2024,3727,5,2,1,2,2,Outpatient,$956.00 ,$149.00 ,3/18/2024,1,Self-Referral,No,Paid,,,N/A,$773.50 , $-   
2/18/2024,3750,5,1,4,5,1,Emergency,$236.00 ,$130.00 ,,2,Physician Referral,No,Paid,,,Private Room,$291.20 ,$50.00 
2/18/2024,3950,5,2,1,2,3,Outpatient,$890.00 ,$39.00 ,2/28/2024,1,Physician Referral,No,Pending,,,N/A,$650.30 , $-   
2/18/2024,2795,5,1,4,5,1,Inpatient,$567.00 ,$134.00 ,,2,Emergency,No,Paid,,,Semi-Private Room,$511.70 ,$30.00 
2/18/2024,553,5,2,1,2,1,Outpatient,$108.00 ,$165.00 ,,1,Self-Referral,No,Paid,,,Semi-Private Room,$212.10 ,$30.00 
2/18/2024,2717,5,1,4,2,1,Outpatient,$176.00 ,$94.00 ,,2,Emergency,No,Pending,,,Private Room,$224.00 ,$50.00 
2/19/2024,3326,5,2,1,2,2,Outpatient,$624.00 ,$55.00 ,,1,Self-Referral,No,Paid,,,General Ward,$482.30 ,$10.00 
2/19/2024,2025,5,1,4,1,2,Emergency,$809.00 ,$121.00 ,,2,Self-Referral,No,Paid,,,General Ward,$658.00 ,$10.00 
2/19/2024,3674,5,2,1,2,3,Outpatient,$750.00 ,$95.00 ,3/5/2024,1,Self-Referral,No,Paid,,,N/A,$591.50 , $-   
2/19/2024,1105,5,1,4,3,2,Emergency,$179.00 ,$80.00 ,,2,Emergency,No,Pending,,,Private Room,$216.30 ,$50.00 
2/19/2024,1178,5,2,1,2,1,Outpatient,$946.00 ,$79.00 ,,1,Self-Referral,No,Pending,,,General Ward,$724.50 ,$10.00 
2/19/2024,462,5,1,4,5,3,Outpatient,$626.00 ,$136.00 ,3/4/2024,2,Physician Referral,No,Paid,,,N/A,$533.40 , $-   
2/19/2024,926,5,2,1,2,3,Outpatient,$93.00 ,$55.00 ,2/26/2024,1,Physician Referral,No,Paid,,,N/A,$103.60 , $-   
2/19/2024,1551,5,1,4,2,3,Outpatient,$708.00 ,$191.00 ,3/4/2024,2,Self-Referral,No,Paid,,,N/A,$629.30 , $-   
2/19/2024,4908,5,2,1,2,1,Outpatient,$590.00 ,$87.00 ,3/1/2024,1,Self-Referral,No,Paid,,,N/A,$473.90 , $-   
2/19/2024,1413,5,1,4,1,2,Inpatient,$230.00 ,$63.00 ,,2,Self-Referral,No,Paid,,,Semi-Private Room,$226.10 ,$30.00 
2/20/2024,285,5,2,1,2,2,Inpatient,$350.00 ,$96.00 ,,1,Self-Referral,No,Paid,,,Semi-Private Room,$333.20 ,$30.00 
2/20/2024,1507,5,1,4,3,1,Outpatient,$526.00 ,$109.00 ,2/27/2024,2,Self-Referral,No,Pending,,,N/A,$444.50 , $-   
2/20/2024,382,5,2,1,2,2,Outpatient,$833.00 ,$48.00 ,,1,Self-Referral,No,Paid,,,Private Room,$651.70 ,$50.00 
2/20/2024,1748,5,1,4,5,1,Outpatient,$650.00 ,$195.00 ,3/4/2024,2,Emergency,No,Paid,,,N/A,$591.50 , $-   
2/20/2024,325,5,2,1,2,1,Outpatient,$812.00 ,$183.00 ,3/12/2024,1,Physician Referral,No,Paid,,,N/A,$696.50 , $-   
2/20/2024,627,5,1,4,4,3,Inpatient,$878.00 ,$155.00 ,,2,Self-Referral,No,Pending,,,Private Room,$758.10 ,$50.00 
2/20/2024,4118,5,2,1,2,2,Outpatient,$303.00 ,$152.00 ,,1,Emergency,No,Paid,,,Private Room,$353.50 ,$50.00 
2/20/2024,3161,5,1,4,3,3,Outpatient,$781.00 ,$115.00 ,3/4/2024,2,Emergency,No,Pending,,,N/A,$627.20 , $-   
2/20/2024,1647,5,2,1,2,2,Emergency,$56.00 ,$194.00 ,,1,Self-Referral,No,Paid,,,General Ward,$182.00 ,$10.00 
2/20/2024,943,5,1,4,1,1,Outpatient,$333.00 ,$145.00 ,2/27/2024,2,Emergency,No,Paid,,,N/A,$334.60 , $-   
2/21/2024,2186,5,2,1,2,3,Outpatient,$595.00 ,$190.00 ,3/7/2024,1,Physician Referral,No,Paid,,,N/A,$549.50 , $-   
2/21/2024,1405,5,1,4,4,1,Outpatient,$720.00 ,$157.00 ,2/28/2024,2,Self-Referral,No,Paid,,,N/A,$613.90 , $-   
2/21/2024,1201,5,2,1,2,1,Outpatient,$856.00 ,$29.00 ,3/10/2024,1,Self-Referral,No,Paid,,,N/A,$619.50 , $-   
2/21/2024,3649,5,1,4,1,3,Outpatient,$844.00 ,$153.00 ,,2,Physician Referral,No,Paid,,,General Ward,$704.90 ,$10.00 
2/21/2024,3891,5,2,1,2,3,Outpatient,$570.00 ,$35.00 ,3/5/2024,1,Emergency,No,Pending,,,N/A,$423.50 , $-   
2/21/2024,4655,5,1,4,4,2,Outpatient,$405.00 ,$45.00 ,3/7/2024,2,Self-Referral,No,Paid,,,N/A,$315.00 , $-   
2/21/2024,4032,5,2,1,2,2,Outpatient,$775.00 ,$40.00 ,3/3/2024,1,Physician Referral,No,Paid,,,N/A,$570.50 , $-   
2/21/2024,2500,5,1,4,2,3,Emergency,$389.00 ,$119.00 ,,2,Physician Referral,No,Paid,,,Semi-Private Room,$376.60 ,$30.00 
2/21/2024,1863,5,2,1,2,2,Outpatient,$56.00 ,$188.00 ,3/10/2024,1,Self-Referral,No,Paid,,,N/A,$170.80 , $-   
2/21/2024,4279,5,1,4,2,1,Outpatient,$654.00 ,$125.00 ,3/20/2024,2,Physician Referral,No,Paid,,,N/A,$545.30 , $-   
2/22/2024,4436,5,2,1,2,1,Emergency,$78.00 ,$49.00 ,,1,Self-Referral,No,Paid,,,Private Room,$123.90 ,$50.00 
2/22/2024,4378,5,1,4,2,1,Outpatient,$572.00 ,$152.00 ,3/1/2024,2,Emergency,No,Paid,,,N/A,$506.80 , $-   
2/22/2024,4650,5,2,1,2,1,Outpatient,$79.00 ,$157.00 ,3/17/2024,1,Self-Referral,No,Paid,,,N/A,$165.20 , $-   
2/22/2024,4353,5,1,4,2,1,Outpatient,$383.00 ,$114.00 ,3/8/2024,2,Self-Referral,No,Paid,,,N/A,$347.90 , $-   
2/22/2024,1918,5,2,1,2,1,Outpatient,$964.00 ,$158.00 ,2/29/2024,1,Physician Referral,No,Paid,,,N/A,$785.40 , $-   
2/22/2024,874,5,1,4,1,2,Emergency,$333.00 ,$154.00 ,,2,Physician Referral,No,Paid,,,Private Room,$375.90 ,$50.00 
2/22/2024,765,5,2,1,2,3,Inpatient,$67.00 ,$159.00 ,,1,Emergency,No,Paid,,,General Ward,$165.20 ,$10.00 
2/22/2024,1204,5,1,4,5,3,Inpatient,$480.00 ,$83.00 ,,2,Self-Referral,No,Paid,,,Semi-Private Room,$415.10 ,$30.00 
2/22/2024,2944,5,2,1,2,2,Outpatient,$122.00 ,$142.00 ,3/9/2024,1,Emergency,No,Paid,,,N/A,$184.80 , $-   
2/22/2024,2851,5,1,4,5,2,Emergency,$549.00 ,$132.00 ,,2,Physician Referral,No,Paid,,,Private Room,$511.70 ,$50.00 
2/23/2024,36,5,2,1,2,2,Emergency,$766.00 ,$60.00 ,,1,Emergency,No,Paid,,,Semi-Private Room,$599.20 ,$30.00 
2/23/2024,2286,5,1,4,3,3,Outpatient,$876.00 ,$47.00 ,3/14/2024,2,Self-Referral,No,Paid,,,N/A,$646.10 , $-   
2/23/2024,1221,5,2,1,2,2,Outpatient,$274.00 ,$142.00 ,,1,Self-Referral,No,Paid,,,Semi-Private Room,$312.20 ,$30.00 
2/23/2024,4429,5,1,4,3,2,Emergency,$617.00 ,$99.00 ,,2,Self-Referral,No,Paid,,,Semi-Private Room,$522.20 ,$30.00 
2/23/2024,2077,5,2,1,2,3,Outpatient,$195.00 ,$22.00 ,,1,Physician Referral,No,Paid,,,Semi-Private Room,$172.90 ,$30.00 
2/23/2024,1482,5,1,4,3,2,Outpatient,$324.00 ,$120.00 ,3/21/2024,2,Physician Referral,No,Paid,,,N/A,$310.80 , $-   
2/23/2024,4492,5,2,1,2,1,Outpatient,$811.00 ,$51.00 ,3/14/2024,1,Self-Referral,No,Paid,,,N/A,$603.40 , $-   
2/23/2024,968,5,1,4,5,3,Outpatient,$912.00 ,$40.00 ,,2,Physician Referral,No,Paid,,,Semi-Private Room,$687.40 ,$30.00 
2/23/2024,1251,5,2,1,2,3,Emergency,$886.00 ,$140.00 ,,1,Emergency,No,Paid,,,General Ward,$725.20 ,$10.00 
2/23/2024,3834,5,1,4,4,3,Outpatient,$574.00 ,$74.00 ,3/7/2024,2,Emergency,No,Paid,,,N/A,$453.60 , $-   
2/24/2024,4264,5,2,1,2,2,Outpatient,$817.00 ,$37.00 ,3/13/2024,1,Self-Referral,No,Paid,,,N/A,$597.80 , $-   
2/24/2024,566,5,1,4,5,3,Outpatient,$334.00 ,$72.00 ,3/23/2024,2,Physician Referral,No,Paid,,,N/A,$284.20 , $-   
2/24/2024,885,5,2,1,2,1,Outpatient,$461.00 ,$131.00 ,3/23/2024,1,Self-Referral,No,Paid,,,N/A,$414.40 , $-   
2/24/2024,4271,5,1,4,1,1,Inpatient,$882.00 ,$140.00 ,,2,Emergency,No,Paid,,,General Ward,$722.40 ,$10.00 
2/24/2024,794,5,2,1,2,3,Outpatient,$132.00 ,$129.00 ,3/7/2024,1,Emergency,No,Paid,,,N/A,$182.70 , $-   
2/24/2024,3043,5,1,4,1,1,Inpatient,$965.00 ,$94.00 ,,2,Physician Referral,No,Paid,,,General Ward,$748.30 ,$10.00 
2/24/2024,3500,5,2,1,2,2,Outpatient,$374.00 ,$80.00 ,3/14/2024,1,Emergency,No,Paid,,,N/A,$317.80 , $-   
2/24/2024,3591,5,1,4,1,3,Outpatient,$211.00 ,$197.00 ,3/9/2024,2,Physician Referral,No,Paid,,,N/A,$285.60 , $-   
2/24/2024,2157,5,2,1,2,1,Outpatient,$680.00 ,$27.00 ,3/24/2024,1,Physician Referral,No,Paid,,,N/A,$494.90 , $-   
2/24/2024,1924,5,1,4,2,2,Outpatient,$575.00 ,$31.00 ,3/22/2024,2,Emergency,No,Paid,,,N/A,$424.20 , $-   
2/25/2024,1920,5,2,1,2,3,Emergency,$165.00 ,$198.00 ,,1,Emergency,No,Paid,,,General Ward,$261.10 ,$10.00 
2/25/2024,4111,5,1,4,4,3,Inpatient,$312.00 ,$60.00 ,,2,Self-Referral,No,Paid,,,General Ward,$267.40 ,$10.00 
2/25/2024,1565,5,2,1,2,3,Emergency,$364.00 ,$169.00 ,,1,Physician Referral,No,Paid,,,General Ward,$380.10 ,$10.00 
2/25/2024,2383,5,1,4,5,1,Outpatient,$782.00 ,$146.00 ,3/4/2024,2,Self-Referral,No,Paid,,,N/A,$649.60 , $-   
2/25/2024,2329,5,2,1,2,3,Outpatient,$635.00 ,$156.00 ,,1,Physician Referral,No,Paid,,,Private Room,$588.70 ,$50.00 
2/25/2024,2014,5,1,4,2,1,Outpatient,$540.00 ,$97.00 ,3/12/2024,2,Emergency,No,Paid,,,N/A,$445.90 , $-   
2/25/2024,3783,5,2,1,2,2,Outpatient,$909.00 ,$158.00 ,3/8/2024,1,Physician Referral,No,Paid,,,N/A,$746.90 , $-   
2/25/2024,82,5,1,4,5,2,Emergency,$472.00 ,$160.00 ,,2,Self-Referral,No,Paid,,,Private Room,$477.40 ,$50.00 
2/25/2024,1579,5,2,1,2,2,Outpatient,$331.00 ,$175.00 ,3/18/2024,1,Physician Referral,No,Paid,,,N/A,$354.20 , $-   
2/25/2024,400,5,1,4,2,3,Outpatient,$690.00 ,$108.00 ,3/12/2024,2,Emergency,No,Paid,,,N/A,$558.60 , $-   
2/26/2024,4700,5,2,1,2,2,Emergency,$307.00 ,$83.00 ,,1,Self-Referral,No,Paid,,,Private Room,$308.00 ,$50.00 
2/26/2024,834,5,1,4,2,1,Outpatient,$627.00 ,$83.00 ,3/18/2024,2,Physician Referral,No,Paid,,,N/A,$497.00 , $-   
2/26/2024,2167,5,2,1,2,1,Outpatient,$380.00 ,$89.00 ,3/24/2024,1,Physician Referral,No,Paid,,,N/A,$328.30 , $-   
2/26/2024,4793,5,1,4,4,1,Inpatient,$615.00 ,$74.00 ,,2,Physician Referral,No,Paid,,,General Ward,$489.30 ,$10.00 
2/26/2024,2574,5,2,1,2,1,Inpatient,$644.00 ,$56.00 ,,1,Physician Referral,No,Paid,,,Private Room,$525.00 ,$50.00 
2/26/2024,2901,5,1,4,5,1,Outpatient,$295.00 ,$180.00 ,3/23/2024,2,Physician Referral,No,Paid,,,N/A,$332.50 , $-   
2/26/2024,736,5,2,1,2,1,Inpatient,$621.00 ,$44.00 ,,1,Emergency,No,Paid,,,Semi-Private Room,$486.50 ,$30.00 
2/26/2024,987,5,1,4,5,2,Outpatient,$618.00 ,$133.00 ,3/13/2024,2,Emergency,No,Paid,,,N/A,$525.70 , $-   
2/26/2024,2133,5,2,1,2,3,Inpatient,$331.00 ,$42.00 ,,1,Self-Referral,No,Paid,,,Private Room,$296.10 ,$50.00 
2/26/2024,2475,5,1,4,3,1,Outpatient,$977.00 ,$155.00 ,3/14/2024,2,Physician Referral,No,Paid,,,N/A,$792.40 , $-   
2/27/2024,258,5,2,1,2,2,Emergency,$96.00 ,$36.00 ,,1,Emergency,No,Paid,,,General Ward,$99.40 ,$10.00 
2/27/2024,3341,5,1,4,3,2,Outpatient,$306.00 ,$114.00 ,,2,Emergency,No,Paid,,,General Ward,$301.00 ,$10.00 
2/27/2024,4336,5,2,1,2,1,Outpatient,$295.00 ,$109.00 ,3/25/2024,1,Physician Referral,No,Paid,,,N/A,$282.80 , $-   
2/27/2024,1829,5,1,4,5,2,Inpatient,$318.00 ,$94.00 ,,2,Self-Referral,No,Paid,,,General Ward,$295.40 ,$10.00 
2/27/2024,2478,5,2,1,2,1,Outpatient,$114.00 ,$81.00 ,,1,Physician Referral,No,Paid,,,General Ward,$143.50 ,$10.00 
2/27/2024,185,5,1,4,3,3,Outpatient,$516.00 ,$30.00 ,3/6/2024,2,Self-Referral,No,Paid,,,N/A,$382.20 , $-   
2/27/2024,3366,5,2,1,2,1,Emergency,$99.00 ,$187.00 ,,1,Self-Referral,No,Paid,,,Semi-Private Room,$221.20 ,$30.00 
2/27/2024,3063,5,1,4,5,3,Emergency,$754.00 ,$187.00 ,,2,Emergency,No,Paid,,,General Ward,$665.70 ,$10.00 
2/27/2024,1662,5,2,1,2,2,Outpatient,$715.00 ,$140.00 ,,1,Self-Referral,No,Paid,,,Semi-Private Room,$619.50 ,$30.00 
2/27/2024,4278,5,1,4,3,2,Outpatient,$575.00 ,$75.00 ,3/26/2024,2,Emergency,No,Paid,,,N/A,$455.00 , $-   
2/28/2024,4834,5,2,1,2,1,Outpatient,$474.00 ,$72.00 ,,1,Emergency,No,Paid,,,General Ward,$389.20 ,$10.00 
2/28/2024,949,5,1,4,2,2,Outpatient,$50.00 ,$104.00 ,3/15/2024,2,Physician Referral,No,Paid,,,N/A,$107.80 , $-   
2/28/2024,732,5,2,1,2,2,Outpatient,$881.00 ,$47.00 ,3/26/2024,1,Physician Referral,No,Paid,,,N/A,$649.60 , $-   
2/28/2024,275,5,1,4,5,3,Outpatient,$239.00 ,$105.00 ,,2,Self-Referral,No,Paid,,,Private Room,$275.80 ,$50.00 
2/28/2024,1234,5,2,1,2,1,Outpatient,$554.00 ,$189.00 ,3/17/2024,1,Physician Referral,No,Paid,,,N/A,$520.10 , $-   
2/28/2024,3918,5,1,4,1,1,Outpatient,$538.00 ,$134.00 ,3/16/2024,2,Physician Referral,No,Paid,,,N/A,$470.40 , $-   
2/28/2024,3802,5,2,1,2,3,Outpatient,$362.00 ,$65.00 ,3/27/2024,1,Self-Referral,No,Paid,,,N/A,$298.90 , $-   
2/28/2024,2958,5,1,4,1,3,Outpatient,$601.00 ,$37.00 ,3/20/2024,2,Physician Referral,No,Paid,,,N/A,$446.60 , $-   
2/28/2024,2337,5,2,1,2,3,Outpatient,$563.00 ,$42.00 ,,1,Emergency,No,Paid,,,Semi-Private Room,$444.50 ,$30.00 
2/28/2024,2198,5,1,4,1,1,Inpatient,$390.00 ,$173.00 ,,2,Physician Referral,No,Paid,,,Private Room,$429.10 ,$50.00 
2/29/2024,1485,5,2,1,2,3,Emergency,$349.00 ,$118.00 ,,1,Physician Referral,No,Paid,,,General Ward,$333.90 ,$10.00 
2/29/2024,3669,5,1,4,5,1,Outpatient,$321.00 ,$48.00 ,3/10/2024,2,Physician Referral,No,Paid,,,N/A,$258.30 , $-   
2/29/2024,4103,5,2,1,2,3,Outpatient,$489.00 ,$71.00 ,3/11/2024,1,Emergency,No,Paid,,,N/A,$392.00 , $-   
2/29/2024,49,5,1,4,2,2,Emergency,$432.00 ,$129.00 ,,2,Self-Referral,No,Paid,,,Semi-Private Room,$413.70 ,$30.00 
2/29/2024,2384,5,2,1,2,1,Outpatient,$776.00 ,$125.00 ,3/7/2024,1,Emergency,No,Paid,,,N/A,$630.70 , $-   
2/29/2024,1321,5,1,4,3,1,Inpatient,$368.00 ,$65.00 ,,2,Self-Referral,No,Paid,,,Private Room,$338.10 ,$50.00 
2/29/2024,172,5,2,1,2,1,Outpatient,$958.00 ,$20.00 ,3/7/2024,1,Emergency,No,Paid,,,N/A,$684.60 , $-   
2/29/2024,4554,5,1,4,2,2,Emergency,$223.00 ,$163.00 ,,2,Physician Referral,No,Paid,,,Semi-Private Room,$291.20 ,$30.00 
2/29/2024,687,5,2,1,2,2,Inpatient,$878.00 ,$44.00 ,,1,Emergency,No,Paid,,,Semi-Private Room,$666.40 ,$30.00 
2/29/2024,2494,5,1,4,5,1,Outpatient,$706.00 ,$81.00 ,,2,Self-Referral,No,Paid,,,General Ward,$557.90 ,$10.00 
3/1/2024,1103,5,2,1,2,3,Outpatient,$105.00 ,$101.00 ,3/17/2024,1,Physician Referral,No,Paid,,,N/A,$144.20 , $-   
3/1/2024,793,5,1,4,2,1,Outpatient,$734.00 ,$99.00 ,,2,Self-Referral,No,Paid,,,Private Room,$618.10 ,$50.00 
3/1/2024,1586,5,2,1,2,1,Outpatient,$187.00 ,$163.00 ,3/11/2024,1,Physician Referral,No,Paid,,,N/A,$245.00 , $-   
3/1/2024,902,5,1,4,1,2,Outpatient,$931.00 ,$110.00 ,3/20/2024,2,Physician Referral,No,Paid,,,N/A,$728.70 , $-   
3/1/2024,105,5,2,1,2,2,Emergency,$736.00 ,$140.00 ,,1,Emergency,No,Paid,,,Private Room,$648.20 ,$50.00 
3/1/2024,4470,5,1,4,3,3,Inpatient,$116.00 ,$181.00 ,,2,Self-Referral,No,Paid,,,Semi-Private Room,$228.90 ,$30.00 
3/1/2024,4455,5,2,1,2,3,Outpatient,$668.00 ,$72.00 ,3/21/2024,1,Emergency,No,Paid,,,N/A,$518.00 , $-   
3/1/2024,2616,5,1,4,4,1,Outpatient,$128.00 ,$170.00 ,3/26/2024,2,Self-Referral,No,Paid,,,N/A,$208.60 , $-   
3/1/2024,4846,5,2,1,2,1,Inpatient,$757.00 ,$190.00 ,,1,Emergency,No,Paid,,,Private Room,$697.90 ,$50.00 
3/1/2024,3644,5,1,4,2,3,Inpatient,$266.00 ,$63.00 ,,2,Physician Referral,No,Paid,,,General Ward,$237.30 ,$10.00 
3/2/2024,4916,5,2,1,2,1,Outpatient,$988.00 ,$51.00 ,3/13/2024,1,Self-Referral,No,Paid,,,N/A,$727.30 , $-   
3/2/2024,3071,5,1,4,2,1,Emergency,$804.00 ,$42.00 ,,2,Self-Referral,No,Paid,,,General Ward,$599.20 ,$10.00 
3/2/2024,4844,5,2,1,2,3,Emergency,$560.00 ,$167.00 ,,1,Emergency,No,Paid,,,General Ward,$515.90 ,$10.00 
3/2/2024,4955,5,1,4,2,3,Outpatient,$629.00 ,$38.00 ,,2,Self-Referral,No,Paid,,,Semi-Private Room,$487.90 ,$30.00 
3/2/2024,2485,5,2,1,2,3,Inpatient,$619.00 ,$48.00 ,,1,Emergency,No,Paid,,,Private Room,$501.90 ,$50.00 
3/2/2024,686,5,1,4,4,2,Outpatient,$945.00 ,$165.00 ,3/19/2024,2,Emergency,No,Paid,,,N/A,$777.00 , $-   
3/2/2024,3895,5,2,1,2,3,Outpatient,$381.00 ,$88.00 ,3/16/2024,1,Self-Referral,No,Paid,,,N/A,$328.30 , $-   
3/2/2024,2250,5,1,4,2,2,Outpatient,$440.00 ,$159.00 ,,2,Emergency,No,Paid,,,General Ward,$426.30 ,$10.00 
3/2/2024,4830,5,2,1,2,3,Outpatient,$984.00 ,$29.00 ,,1,Self-Referral,No,Paid,,,Private Room,$744.10 ,$50.00 
3/2/2024,4327,5,1,4,1,3,Outpatient,$972.00 ,$130.00 ,3/9/2024,2,Physician Referral,No,Paid,,,N/A,$771.40 , $-   
3/3/2024,3418,5,2,1,2,2,Outpatient,$650.00 ,$56.00 ,3/14/2024,1,Emergency,No,Paid,,,N/A,$494.20 , $-   
3/3/2024,3002,5,1,4,5,2,Outpatient,$606.00 ,$100.00 ,3/30/2024,2,Physician Referral,No,Paid,,,N/A,$494.20 , $-   
3/3/2024,3211,5,2,1,2,1,Outpatient,$364.00 ,$115.00 ,3/27/2024,1,Emergency,No,Paid,,,N/A,$335.30 , $-   
3/3/2024,259,5,1,4,2,1,Outpatient,$264.00 ,$74.00 ,3/22/2024,2,Self-Referral,No,Paid,,,N/A,$236.60 , $-   
3/3/2024,2328,5,2,1,2,1,Outpatient,$565.00 ,$151.00 ,,1,Emergency,No,Paid,,,Semi-Private Room,$522.20 ,$30.00 
3/3/2024,559,5,1,4,5,2,Inpatient,$687.00 ,$147.00 ,,2,Emergency,No,Paid,,,General Ward,$590.80 ,$10.00 
3/3/2024,975,5,2,1,2,3,Outpatient,$234.00 ,$82.00 ,3/14/2024,1,Self-Referral,No,Paid,,,N/A,$221.20 , $-   
3/3/2024,2049,5,1,4,2,2,Outpatient,$236.00 ,$31.00 ,3/16/2024,2,Physician Referral,No,Paid,,,N/A,$186.90 , $-   
3/3/2024,3555,5,2,1,2,3,Outpatient,$690.00 ,$165.00 ,,1,Self-Referral,No,Paid,,,Semi-Private Room,$619.50 ,$30.00 
3/3/2024,4654,5,1,4,2,3,Outpatient,$812.00 ,$27.00 ,3/21/2024,2,Physician Referral,No,Paid,,,N/A,$587.30 , $-   
3/4/2024,3158,5,2,1,2,3,Outpatient,$967.00 ,$51.00 ,3/12/2024,1,Physician Referral,No,Paid,,,N/A,$712.60 , $-   
3/4/2024,602,5,1,4,2,1,Inpatient,$316.00 ,$68.00 ,,2,Emergency,No,Paid,,,General Ward,$275.80 ,$10.00 
3/4/2024,3885,5,2,1,2,2,Emergency,$563.00 ,$123.00 ,,1,Emergency,No,Paid,,,General Ward,$487.20 ,$10.00 
3/4/2024,1375,5,1,4,1,2,Emergency,$125.00 ,$106.00 ,,2,Physician Referral,No,Paid,,,General Ward,$168.70 ,$10.00 
3/4/2024,2870,5,2,1,2,1,Emergency,$192.00 ,$118.00 ,,1,Self-Referral,No,Paid,,,General Ward,$224.00 ,$10.00 
3/4/2024,3060,5,1,4,4,3,Outpatient,$455.00 ,$186.00 ,3/23/2024,2,Physician Referral,No,Paid,,,N/A,$448.70 , $-   
3/4/2024,2410,5,2,1,2,1,Outpatient,$634.00 ,$69.00 ,,1,Emergency,No,Paid,,,General Ward,$499.10 ,$10.00 
3/4/2024,4123,5,1,4,5,3,Outpatient,$726.00 ,$173.00 ,3/24/2024,2,Self-Referral,No,Paid,,,N/A,$629.30 , $-   
3/4/2024,3687,5,2,1,2,1,Outpatient,$888.00 ,$170.00 ,3/16/2024,1,Self-Referral,No,Paid,,,N/A,$740.60 , $-   
3/4/2024,3911,5,1,4,5,2,Outpatient,$986.00 ,$115.00 ,3/26/2024,2,Emergency,No,Paid,,,N/A,$770.70 , $-   
3/5/2024,2858,5,2,1,2,1,Outpatient,$965.00 ,$82.00 ,3/21/2024,1,Self-Referral,No,Paid,,,N/A,$732.90 , $-   
3/5/2024,1627,5,1,4,4,2,Emergency,$558.00 ,$186.00 ,,2,Self-Referral,No,Paid,,,Semi-Private Room,$541.80 ,$30.00 
3/5/2024,3908,5,2,1,2,3,Outpatient,$967.00 ,$85.00 ,3/22/2024,1,Physician Referral,No,Paid,,,N/A,$736.40 , $-   
3/5/2024,2515,5,1,4,4,1,Outpatient,$851.00 ,$122.00 ,3/12/2024,2,Physician Referral,No,Paid,,,N/A,$681.10 , $-   
3/5/2024,3784,5,2,1,2,1,Outpatient,$400.00 ,$65.00 ,3/26/2024,1,Emergency,No,Paid,,,N/A,$325.50 , $-   
3/5/2024,3395,5,1,4,3,1,Emergency,$165.00 ,$162.00 ,,2,Physician Referral,No,Paid,,,General Ward,$235.90 ,$10.00 
3/5/2024,1119,5,2,1,2,1,Emergency,$388.00 ,$35.00 ,,1,Self-Referral,No,Paid,,,Private Room,$331.10 ,$50.00 
3/5/2024,4095,5,1,4,2,2,Inpatient,$420.00 ,$139.00 ,,2,Emergency,No,Paid,,,Private Room,$426.30 ,$50.00 
3/5/2024,2433,5,2,1,2,2,Emergency,$852.00 ,$109.00 ,,1,Emergency,No,Paid,,,General Ward, $-   ,$10.00 
3/5/2024,46,5,1,4,4,1,Inpatient,$229.00 ,$91.00 ,,2,Emergency,No,Paid,,,Semi-Private Room, $-   ,$30.00 
3/6/2024,2857,5,2,1,2,2,Outpatient,$138.00 ,$35.00 ,3/28/2024,1,Self-Referral,No,Paid,,,N/A, $-   , $-   
3/6/2024,3039,5,1,4,3,1,Emergency,$149.00 ,$104.00 ,,2,Physician Referral,No,Paid,,,Semi-Private Room, $-   ,$30.00 
3/6/2024,71,5,2,1,2,2,Outpatient,$239.00 ,$58.00 ,3/22/2024,1,Self-Referral,No,Paid,,,N/A, $-   , $-   
3/6/2024,4408,5,1,4,3,2,Outpatient,$270.00 ,$158.00 ,,2,Self-Referral,No,Paid,,,Semi-Private Room, $-   ,$30.00 
3/6/2024,3330,5,2,1,2,2,Outpatient,$137.00 ,$55.00 ,3/22/2024,1,Physician Referral,No,Paid,,,N/A, $-   , $-   
3/6/2024,1334,5,1,4,4,1,Emergency,$795.00 ,$37.00 ,,2,Physician Referral,No,Paid,,,Semi-Private Room, $-   ,$30.00 
3/6/2024,3604,5,2,1,2,1,Outpatient,$835.00 ,$170.00 ,3/15/2024,1,Self-Referral,No,Paid,,,N/A, $-   , $-   
3/6/2024,3206,5,1,4,4,2,Emergency,$223.00 ,$96.00 ,,2,Physician Referral,No,Paid,,,Semi-Private Room, $-   ,$30.00 
3/6/2024,3586,5,2,1,2,3,Outpatient,$477.00 ,$68.00 ,3/23/2024,1,Self-Referral,No,Paid,,,N/A, $-   , $-   
3/6/2024,4838,5,1,4,4,2,Outpatient,$234.00 ,$189.00 ,3/23/2024,2,Physician Referral,No,Paid,,,N/A, $-   , $-   
3/7/2024,2065,5,2,1,2,1,Outpatient,$462.00 ,$122.00 ,3/29/2024,1,Self-Referral,No,Paid,,,N/A, $-   , $-   
3/7/2024,2024,5,1,4,3,3,Outpatient,$860.00 ,$63.00 ,3/19/2024,2,Physician Referral,No,Paid,,,N/A, $-   , $-   
3/7/2024,761,5,2,1,2,1,Outpatient,$729.00 ,$128.00 ,3/22/2024,1,Emergency,No,Paid,,,N/A,$599.90 , $-   
3/7/2024,2704,5,1,4,2,3,Outpatient,$905.00 ,$148.00 ,3/14/2024,2,Physician Referral,No,Paid,,,N/A,$737.10 , $-   
3/7/2024,2699,5,2,1,2,3,Inpatient,$707.00 ,$26.00 ,,1,Self-Referral,No,Paid,,,Semi-Private Room,$534.10 ,$30.00 
3/7/2024,3920,5,1,4,2,1,Emergency,$438.00 ,$67.00 ,,2,Physician Referral,No,Paid,,,Semi-Private Room,$374.50 ,$30.00 
3/7/2024,3613,5,2,1,2,2,Outpatient,$765.00 ,$131.00 ,3/19/2024,1,Physician Referral,No,Paid,,,N/A, $-   , $-   
3/7/2024,3703,5,1,4,2,1,Outpatient,$653.00 ,$163.00 ,3/31/2024,2,Self-Referral,No,Paid,,,N/A,$571.20 , $-   
3/7/2024,2162,5,2,1,2,1,Outpatient,$520.00 ,$67.00 ,3/26/2024,1,Physician Referral,No,Paid,,,N/A, $-   , $-   
3/7/2024,411,5,1,4,3,2,Outpatient,$707.00 ,$190.00 ,3/15/2024,2,Emergency,No,Paid,,,N/A,$627.90 , $-   
3/8/2024,2618,5,2,1,2,2,Outpatient,$866.00 ,$70.00 ,4/2/2024,1,Emergency,No,Paid,,,N/A,$655.20 , $-   
3/8/2024,696,5,1,4,3,3,Outpatient,$315.00 ,$126.00 ,3/16/2024,2,Emergency,No,Paid,,,N/A,$308.70 , $-   
3/8/2024,3522,5,2,1,2,3,Outpatient,$495.00 ,$85.00 ,3/18/2024,1,Emergency,No,Pending,,,N/A,$406.00 , $-   
3/8/2024,868,5,1,4,3,2,Emergency,$763.00 ,$50.00 ,,2,Physician Referral,No,Pending,,,Semi-Private Room,$590.10 ,$30.00 
3/8/2024,516,5,2,1,2,1,Outpatient,$626.00 ,$58.00 ,3/18/2024,1,Emergency,No,Paid,,,N/A,$478.80 , $-   
3/8/2024,1073,5,1,4,3,2,Outpatient,$311.00 ,$28.00 ,3/24/2024,2,Physician Referral,No,Pending,,,N/A,$237.30 , $-   
3/8/2024,3685,5,2,1,2,2,Emergency,$983.00 ,$60.00 ,,1,Emergency,No,Paid,,,Semi-Private Room,$751.10 ,$30.00 
3/8/2024,152,5,1,4,2,2,Emergency,$678.00 ,$82.00 ,,2,Emergency,No,Pending,,,Semi-Private Room,$553.00 ,$30.00 
3/8/2024,3856,5,2,1,2,1,Outpatient,$741.00 ,$33.00 ,3/31/2024,1,Self-Referral,No,Paid,,,N/A,$541.80 , $-   
3/8/2024,4741,5,1,4,5,1,Inpatient,$674.00 ,$77.00 ,,2,Physician Referral,No,Pending,,,Semi-Private Room,$546.70 ,$30.00 
3/9/2024,1908,5,2,1,2,3,Emergency,$956.00 ,$107.00 ,,1,Physician Referral,No,Paid,,,General Ward,$751.10 ,$10.00 
3/9/2024,1823,5,1,4,3,2,Inpatient,$258.00 ,$116.00 ,,2,Physician Referral,No,Pending,,,Private Room,$296.80 ,$50.00 
3/9/2024,346,5,2,1,2,2,Outpatient,$997.00 ,$117.00 ,3/31/2024,1,Self-Referral,No,Paid,,,N/A,$779.80 , $-   
3/9/2024,3601,5,1,4,2,1,Outpatient,$596.00 ,$175.00 ,4/5/2024,2,Physician Referral,No,Paid,,,N/A,$539.70 , $-   
3/9/2024,815,5,2,1,2,2,Inpatient,$682.00 ,$151.00 ,,1,Self-Referral,No,Paid,,,General Ward,$590.10 ,$10.00 
3/9/2024,1749,5,1,4,4,1,Outpatient,$196.00 ,$181.00 ,3/23/2024,2,Physician Referral,No,Paid,,,N/A,$263.90 , $-   
3/9/2024,1609,5,2,1,2,3,Outpatient,$620.00 ,$151.00 ,3/21/2024,1,Emergency,No,Pending,,,N/A,$539.70 , $-   
3/9/2024,683,5,1,4,3,3,Outpatient,$165.00 ,$89.00 ,3/17/2024,2,Self-Referral,No,Paid,,,N/A,$177.80 , $-   
3/9/2024,4496,5,2,1,2,3,Inpatient,$898.00 ,$105.00 ,,1,Self-Referral,No,Pending,,,Private Room,$737.10 ,$50.00 
3/9/2024,349,5,1,4,3,1,Inpatient,$948.00 ,$23.00 ,,2,Self-Referral,No,Pending,,,Semi-Private Room,$700.70 ,$30.00 
3/10/2024,1167,5,2,1,2,1,Emergency,$702.00 ,$69.00 ,,1,Physician Referral,No,Paid,,,Private Room,$574.70 ,$50.00 
3/10/2024,1814,5,1,4,1,2,Inpatient,$56.00 ,$24.00 ,,2,Emergency,No,Paid,,,Semi-Private Room,$77.00 ,$30.00 
3/10/2024,1269,5,2,1,2,3,Outpatient,$118.00 ,$94.00 ,4/8/2024,1,Self-Referral,No,Paid,,,N/A,$148.40 , $-   
3/10/2024,2697,5,1,4,3,1,Outpatient,$281.00 ,$64.00 ,3/31/2024,2,Self-Referral,No,Paid,,,N/A,$241.50 , $-   
3/10/2024,502,5,2,1,2,3,Outpatient,$398.00 ,$182.00 ,4/8/2024,1,Physician Referral,No,Pending,,,N/A,$406.00 , $-   
3/10/2024,1790,5,1,4,4,3,Emergency,$907.00 ,$136.00 ,,2,Physician Referral,No,Pending,,,General Ward,$737.10 ,$10.00 
3/10/2024,1184,5,2,1,2,3,Emergency,$824.00 ,$46.00 ,,1,Emergency,No,Pending,,,Private Room,$644.00 ,$50.00 
3/10/2024,1763,5,1,4,1,2,Outpatient,$753.00 ,$149.00 ,3/27/2024,2,Self-Referral,No,Pending,,,N/A,$631.40 , $-   
3/10/2024,395,5,2,1,2,1,Inpatient,$814.00 ,$137.00 ,,1,Self-Referral,No,Paid,,,Semi-Private Room,$686.70 ,$30.00 
3/10/2024,1210,5,1,4,3,1,Emergency,$935.00 ,$123.00 ,,2,Self-Referral,No,Pending,,,Private Room,$775.60 ,$50.00 
3/11/2024,883,5,2,1,2,1,Outpatient,$288.00 ,$195.00 ,4/7/2024,1,Self-Referral,No,Paid,,,N/A,$338.10 , $-   
3/11/2024,1632,5,1,4,3,2,Emergency,$943.00 ,$68.00 ,,2,Self-Referral,No,Paid,,,Semi-Private Room,$728.70 ,$30.00 
3/11/2024,4676,5,2,1,2,2,Inpatient,$251.00 ,$129.00 ,,1,Emergency,No,Pending,,,Private Room,$301.00 ,$50.00 
3/11/2024,4232,5,1,4,2,2,Outpatient,$676.00 ,$97.00 ,4/2/2024,2,Self-Referral,No,Pending,,,N/A,$541.10 , $-   
3/11/2024,85,5,2,1,2,2,Emergency,$318.00 ,$20.00 ,,1,Physician Referral,No,Pending,,,Private Room,$271.60 ,$50.00 
3/11/2024,2722,5,1,4,5,1,Outpatient,$876.00 ,$139.00 ,3/21/2024,2,Self-Referral,No,Pending,,,N/A,$710.50 , $-   
3/11/2024,2567,5,2,1,2,2,Outpatient,$961.00 ,$180.00 ,3/28/2024,1,Self-Referral,No,Pending,,,N/A,$798.70 , $-   
3/11/2024,1715,5,1,4,3,1,Inpatient,$364.00 ,$54.00 ,,2,Self-Referral,No,Pending,,,Private Room,$327.60 ,$50.00 
3/11/2024,3026,5,2,1,2,3,Outpatient,$941.00 ,$75.00 ,3/31/2024,1,Self-Referral,No,Paid,,,N/A,$711.20 , $-   
3/11/2024,1518,5,1,4,3,1,Emergency,$564.00 ,$162.00 ,,2,Self-Referral,No,Paid,,,General Ward,$515.20 ,$10.00 
3/12/2024,2137,5,2,1,2,3,Inpatient,$569.00 ,$23.00 ,,1,Emergency,No,Paid,,,Semi-Private Room,$435.40 ,$30.00 
3/12/2024,3004,5,1,4,1,2,Inpatient,$691.00 ,$129.00 ,,2,Physician Referral,No,Pending,,,Semi-Private Room,$595.00 ,$30.00 
3/12/2024,2168,5,2,1,2,3,Emergency,$97.00 ,$103.00 ,,1,Emergency,No,Paid,,,Semi-Private Room,$161.00 ,$30.00 
3/12/2024,3232,5,1,4,5,2,Inpatient,$663.00 ,$41.00 ,,2,Physician Referral,Yes,Paid,,,General Ward,$499.80 ,$10.00 
3/12/2024,2260,5,2,1,2,1,Inpatient,$293.00 ,$43.00 ,,1,Physician Referral,Yes,Paid,,,Semi-Private Room,$256.20 ,$30.00 
3/12/2024,2237,5,1,4,2,1,Outpatient,$519.00 ,$194.00 ,,2,Physician Referral,Yes,Paid,,,General Ward,$506.10 ,$10.00 
3/12/2024,167,5,2,1,2,2,Outpatient,$676.00 ,$94.00 ,,1,Self-Referral,No,Paid,,,General Ward,$546.00 ,$10.00 
3/12/2024,4096,5,1,4,3,1,Emergency,$271.00 ,$129.00 ,,2,Emergency,No,Paid,,,Private Room,$315.00 ,$50.00 
3/12/2024,291,5,2,1,2,3,Outpatient,$185.00 ,$153.00 ,3/26/2024,1,Physician Referral,Yes,Pending,,,N/A,$236.60 , $-   
3/12/2024,3145,5,1,4,1,3,Outpatient,$758.00 ,$174.00 ,3/24/2024,2,Physician Referral,No,Pending,,,N/A,$652.40 , $-   
3/13/2024,1263,5,2,1,2,3,Outpatient,$396.00 ,$157.00 ,,1,Self-Referral,No,Pending,,,Private Room,$422.10 ,$50.00 
3/13/2024,1146,5,1,4,2,2,Outpatient,$174.00 ,$186.00 ,,2,Self-Referral,No,Paid,,,Semi-Private Room,$273.00 ,$30.00 
3/13/2024,1357,5,2,1,2,3,Outpatient,$72.00 ,$129.00 ,,1,Emergency,Yes,Pending,,,Private Room,$175.70 ,$50.00 
3/13/2024,2813,5,1,4,1,3,Outpatient,$713.00 ,$109.00 ,4/9/2024,2,Physician Referral,Yes,Pending,,,N/A,$575.40 , $-   
3/13/2024,1440,5,2,1,2,3,Outpatient,$763.00 ,$56.00 ,4/11/2024,1,Physician Referral,Yes,Paid,,,N/A,$573.30 , $-   
3/13/2024,1875,5,1,4,2,3,Outpatient,$857.00 ,$73.00 ,,2,Physician Referral,No,Pending,,,General Ward,$658.00 ,$10.00 
3/13/2024,1791,5,2,1,2,3,Emergency,$773.00 ,$70.00 ,,1,Emergency,Yes,Paid,,,Private Room,$625.10 ,$50.00 
3/13/2024,4677,5,1,4,5,3,Outpatient,$858.00 ,$79.00 ,,2,Self-Referral,Yes,Pending,,,General Ward,$662.90 ,$10.00 
3/13/2024,3538,5,2,1,2,2,Outpatient,$753.00 ,$91.00 ,4/7/2024,1,Self-Referral,Yes,Paid,,,N/A,$590.80 , $-   
3/13/2024,3013,5,1,4,3,3,Inpatient,$645.00 ,$147.00 ,,2,Emergency,Yes,Paid,,,General Ward,$561.40 ,$10.00 
3/14/2024,748,5,2,1,2,2,Outpatient,$308.00 ,$70.00 ,3/24/2024,1,Self-Referral,Yes,Pending,,,N/A,$264.60 , $-   
3/14/2024,1679,5,1,4,4,2,Outpatient,$173.00 ,$81.00 ,3/24/2024,2,Physician Referral,Yes,Paid,,,N/A,$177.80 , $-   
3/14/2024,3779,5,2,1,2,2,Inpatient,$910.00 ,$68.00 ,,1,Physician Referral,No,Pending,,,General Ward,$691.60 ,$10.00 
3/14/2024,4425,5,1,4,1,3,Outpatient,$506.00 ,$198.00 ,3/26/2024,2,Emergency,Yes,Paid,,,N/A,$492.80 , $-   
3/14/2024,4346,5,2,1,2,3,Outpatient,$341.00 ,$47.00 ,,1,Self-Referral,Yes,Pending,,,Private Room,$306.60 ,$50.00 
3/14/2024,4656,5,1,4,4,2,Outpatient,$952.00 ,$183.00 ,3/31/2024,2,Emergency,Yes,Pending,,,N/A,$794.50 , $-   
3/14/2024,866,5,2,1,2,2,Outpatient,$389.00 ,$172.00 ,3/21/2024,1,Emergency,No,Paid,,,N/A,$392.70 , $-   
3/14/2024,826,5,1,4,2,3,Inpatient,$990.00 ,$183.00 ,,2,Self-Referral,Yes,Pending,,,Semi-Private Room,$842.10 ,$30.00 
3/14/2024,4763,5,2,1,2,1,Outpatient,$316.00 ,$96.00 ,,1,Emergency,No,Pending,,,Semi-Private Room,$309.40 ,$30.00 
3/14/2024,4372,5,1,4,4,1,Outpatient,$373.00 ,$26.00 ,3/22/2024,2,Physician Referral,No,Pending,,,N/A,$279.30 , $-   
3/15/2024,3251,5,2,1,2,1,Outpatient,$863.00 ,$84.00 ,3/30/2024,1,Emergency,No,Paid,,,N/A,$662.90 , $-   
3/15/2024,3928,5,1,4,5,3,Outpatient,$764.00 ,$142.00 ,4/6/2024,2,Physician Referral,Yes,Paid,,,N/A,$634.20 , $-   
3/15/2024,3622,5,2,1,2,2,Inpatient,$203.00 ,$55.00 ,,1,Physician Referral,No,Pending,,,Semi-Private Room,$201.60 ,$30.00 
3/15/2024,3702,5,1,4,2,1,Inpatient,$696.00 ,$92.00 ,,2,Emergency,Yes,Pending,,,Semi-Private Room,$572.60 ,$30.00 
3/15/2024,199,5,2,1,2,2,Emergency,$974.00 ,$49.00 ,,1,Physician Referral,Yes,Paid,,,Semi-Private Room,$737.10 ,$30.00 
3/15/2024,3022,5,1,4,2,3,Outpatient,$360.00 ,$66.00 ,,2,Emergency,No,Paid,,,Private Room,$333.20 ,$50.00 
3/15/2024,3309,5,2,1,2,2,Outpatient,$347.00 ,$110.00 ,3/27/2024,1,Emergency,No,Pending,,,N/A,$319.90 , $-   
3/15/2024,569,5,1,4,5,1,Outpatient,$198.00 ,$48.00 ,4/13/2024,2,Self-Referral,Yes,Paid,,,N/A,$172.20 , $-   
3/15/2024,2144,5,2,1,2,3,Outpatient,$66.00 ,$24.00 ,3/30/2024,1,Emergency,Yes,Paid,,,N/A,$63.00 , $-   
3/15/2024,2829,5,1,4,1,2,Outpatient,$970.00 ,$84.00 ,4/9/2024,2,Physician Referral,No,Pending,,,N/A,$737.80 , $-   
3/16/2024,3776,5,2,1,2,3,Outpatient,$178.00 ,$134.00 ,3/27/2024,1,Emergency,Yes,Paid,,,N/A,$218.40 , $-   
3/16/2024,445,5,1,4,5,1,Outpatient,$186.00 ,$82.00 ,,2,Emergency,Yes,Paid,,,Semi-Private Room,$208.60 ,$30.00 
3/16/2024,4877,5,2,1,2,1,Outpatient,$81.00 ,$112.00 ,,1,Self-Referral,No,Paid,,,Private Room,$170.10 ,$50.00 
3/16/2024,1308,5,1,4,3,1,Outpatient,$484.00 ,$36.00 ,4/12/2024,2,Self-Referral,Yes,Pending,,,N/A,$364.00 , $-   
3/16/2024,3893,5,2,1,2,3,Outpatient,$851.00 ,$146.00 ,4/1/2024,1,Physician Referral,Yes,Paid,,,N/A,$697.90 , $-   
3/16/2024,3872,5,1,4,5,3,Outpatient,$82.00 ,$70.00 ,3/29/2024,2,Physician Referral,Yes,Pending,,,N/A,$106.40 , $-   
3/16/2024,4889,5,2,1,2,1,Outpatient,$431.00 ,$132.00 ,3/24/2024,1,Physician Referral,Yes,Paid,,,N/A,$394.10 , $-   
3/16/2024,2553,5,1,4,5,3,Outpatient,$938.00 ,$56.00 ,4/11/2024,2,Physician Referral,No,Paid,,,N/A,$695.80 , $-   
3/16/2024,4213,5,2,1,2,3,Outpatient,$108.00 ,$107.00 ,3/26/2024,1,Self-Referral,Yes,Pending,,,N/A,$150.50 , $-   
3/16/2024,563,5,1,4,5,1,Outpatient,$732.00 ,$135.00 ,3/30/2024,2,Emergency,No,Pending,,,N/A,$606.90 , $-   
3/17/2024,2948,5,2,1,2,1,Outpatient,$442.00 ,$144.00 ,3/26/2024,1,Self-Referral,No,Pending,,,N/A,$410.20 , $-   
3/17/2024,1943,5,1,4,2,2,Emergency,$375.00 ,$156.00 ,,2,Self-Referral,Yes,Pending,,,General Ward,$378.70 ,$10.00 
3/17/2024,847,5,2,1,2,1,Outpatient,$647.00 ,$57.00 ,3/25/2024,1,Self-Referral,Yes,Paid,,,N/A,$492.80 , $-   
3/17/2024,3663,5,1,4,5,3,Outpatient,$375.00 ,$72.00 ,4/1/2024,2,Emergency,Yes,Pending,,,N/A,$312.90 , $-   
3/17/2024,2543,5,2,1,2,2,Inpatient,$175.00 ,$160.00 ,,1,Emergency,Yes,Pending,,,Semi-Private Room,$255.50 ,$30.00 
3/17/2024,925,5,1,4,3,3,Outpatient,$171.00 ,$109.00 ,,2,Self-Referral,No,Pending,,,General Ward,$203.00 ,$10.00 
3/17/2024,171,5,2,1,2,2,Outpatient,$949.00 ,$72.00 ,4/3/2024,1,Emergency,Yes,Paid,,,N/A,$714.70 , $-   
3/17/2024,4666,5,1,4,1,3,Outpatient,$112.00 ,$138.00 ,,2,Self-Referral,No,Paid,,,Semi-Private Room,$196.00 ,$30.00 
3/17/2024,1534,5,2,1,2,2,Emergency,$432.00 ,$138.00 ,,1,Self-Referral,Yes,Pending,,,General Ward,$406.00 ,$10.00 
3/17/2024,560,5,1,4,3,2,Outpatient,$938.00 ,$68.00 ,3/27/2024,2,Physician Referral,Yes,Pending,,,N/A,$704.20 , $-   
3/18/2024,4365,5,2,1,2,3,Outpatient,$134.00 ,$141.00 ,,1,Self-Referral,No,Pending,,,General Ward,$199.50 ,$10.00 
3/18/2024,4180,5,1,4,1,2,Outpatient,$59.00 ,$89.00 ,4/2/2024,2,Self-Referral,No,Pending,,,N/A,$103.60 , $-   
3/18/2024,1442,5,2,1,2,3,Outpatient,$279.00 ,$182.00 ,3/30/2024,1,Self-Referral,No,Paid,,,N/A,$322.70 , $-   
3/18/2024,1496,5,1,4,2,3,Outpatient,$784.00 ,$35.00 ,3/25/2024,2,Physician Referral,No,Pending,,,N/A,$573.30 , $-   
3/18/2024,466,5,2,1,2,2,Outpatient,$160.00 ,$32.00 ,,1,Emergency,No,Paid,,,Private Room,$169.40 ,$50.00 
3/18/2024,4376,5,1,4,1,1,Inpatient,$114.00 ,$140.00 ,,2,Physician Referral,Yes,Pending,,,Semi-Private Room,$198.80 ,$30.00 
3/18/2024,3850,5,2,1,2,1,Outpatient,$757.00 ,$158.00 ,3/27/2024,1,Emergency,No,Pending,,,N/A,$640.50 , $-   
3/18/2024,3151,5,1,4,3,1,Outpatient,$212.00 ,$106.00 ,3/31/2024,2,Physician Referral,No,Paid,,,N/A,$222.60 , $-   
3/18/2024,497,5,2,1,2,3,Inpatient,$976.00 ,$149.00 ,,1,Emergency,Yes,Pending,,,Semi-Private Room,$808.50 ,$30.00 
3/18/2024,1241,5,1,4,3,3,Outpatient,$848.00 ,$113.00 ,4/2/2024,2,Physician Referral,Yes,Pending,,,N/A,$672.70 , $-   
3/19/2024,1548,5,2,1,2,1,Outpatient,$514.00 ,$38.00 ,,1,Self-Referral,No,Pending,,,Private Room,$421.40 ,$50.00 
3/19/2024,64,5,1,4,3,3,Emergency,$401.00 ,$123.00 ,,2,Emergency,Yes,Pending,,,Semi-Private Room,$387.80 ,$30.00 
3/19/2024,1473,5,2,1,2,1,Emergency,$435.00 ,$64.00 ,,1,Physician Referral,Yes,Paid,,,General Ward,$356.30 ,$10.00 
3/19/2024,2512,5,1,4,2,3,Outpatient,$192.00 ,$193.00 ,,2,Physician Referral,Yes,Pending,,,Private Room,$304.50 ,$50.00 
3/19/2024,1290,5,2,1,2,3,Outpatient,$297.00 ,$66.00 ,,1,Physician Referral,Yes,Pending,,,Semi-Private Room,$275.10 ,$30.00 
3/19/2024,1606,5,1,4,4,3,Inpatient,$487.00 ,$196.00 ,,2,Emergency,Yes,Paid,,,General Ward,$485.10 ,$10.00 
3/19/2024,3027,5,2,1,2,1,Outpatient,$434.00 ,$98.00 ,4/2/2024,1,Self-Referral,Yes,Pending,,,N/A,$372.40 , $-   
3/19/2024,2770,5,1,4,5,2,Outpatient,$617.00 ,$61.00 ,4/15/2024,2,Physician Referral,No,Paid,,,N/A,$474.60 , $-   
3/19/2024,2641,5,2,1,2,3,Inpatient,$720.00 ,$180.00 ,,1,Emergency,No,Pending,,,Private Room,$665.00 ,$50.00 
3/19/2024,3599,5,1,4,1,3,Outpatient,$972.00 ,$127.00 ,,2,Emergency,Yes,Pending,,,General Ward,$776.30 ,$10.00 
3/20/2024,1947,5,2,1,2,1,Outpatient,$237.00 ,$188.00 ,4/8/2024,1,Self-Referral,No,Pending,,,N/A,$297.50 , $-   
3/20/2024,300,5,1,4,1,1,Outpatient,$626.00 ,$138.00 ,4/13/2024,2,Self-Referral,No,Paid,,,N/A,$534.80 , $-   
3/20/2024,4313,5,2,1,2,3,Outpatient,$987.00 ,$105.00 ,4/14/2024,1,Self-Referral,Yes,Paid,,,N/A,$764.40 , $-   
3/20/2024,4104,5,1,4,4,3,Outpatient,$388.00 ,$130.00 ,4/4/2024,2,Emergency,Yes,Pending,,,N/A,$362.60 , $-   
3/20/2024,2037,5,2,1,2,2,Outpatient,$175.00 ,$38.00 ,4/15/2024,1,Emergency,Yes,Paid,,,N/A,$149.10 , $-   
3/20/2024,3223,5,1,4,2,3,Outpatient,$55.00 ,$58.00 ,4/1/2024,2,Self-Referral,Yes,Pending,,,N/A,$79.10 , $-   
3/20/2024,403,5,2,1,2,3,Outpatient,$271.00 ,$154.00 ,4/16/2024,1,Physician Referral,No,Paid,,,N/A,$297.50 , $-   
3/20/2024,2150,5,1,4,3,3,Outpatient,$722.00 ,$58.00 ,4/7/2024,2,Self-Referral,Yes,Pending,,,N/A,$546.00 , $-   
3/20/2024,1450,5,2,1,2,2,Inpatient,$358.00 ,$117.00 ,,1,Self-Referral,No,Paid,,,General Ward,$339.50 ,$10.00 
3/20/2024,574,5,1,4,3,3,Outpatient,$852.00 ,$53.00 ,3/30/2024,2,Self-Referral,Yes,Pending,,,N/A,$633.50 , $-   
3/21/2024,4626,5,2,1,2,2,Inpatient,$831.00 ,$191.00 ,,1,Self-Referral,No,Paid,,,General Ward,$722.40 ,$10.00 
3/21/2024,685,5,1,4,1,1,Outpatient,$359.00 ,$87.00 ,4/5/2024,2,Physician Referral,Yes,Paid,,,N/A,$312.20 , $-   
3/21/2024,3106,5,2,1,2,3,Outpatient,$635.00 ,$67.00 ,4/6/2024,1,Physician Referral,Yes,Paid,,,N/A,$491.40 , $-   
3/21/2024,365,5,1,4,3,3,Outpatient,$169.00 ,$22.00 ,3/30/2024,2,Self-Referral,Yes,Paid,,,N/A,$133.70 , $-   
3/21/2024,4106,5,2,1,2,3,Outpatient,$135.00 ,$181.00 ,4/13/2024,1,Emergency,Yes,Pending,,,N/A,$221.20 , $-   
3/21/2024,2578,5,1,4,5,3,Outpatient,$782.00 ,$132.00 ,4/3/2024,2,Emergency,No,Pending,,,N/A,$639.80 , $-   
3/21/2024,4448,5,2,1,2,2,Inpatient,$306.00 ,$156.00 ,,1,Physician Referral,Yes,Paid,,,Semi-Private Room,$344.40 ,$30.00 
3/21/2024,3433,5,1,4,5,1,Outpatient,$947.00 ,$80.00 ,4/4/2024,2,Self-Referral,No,Pending,,,N/A,$718.90 , $-   
3/21/2024,1125,5,2,1,2,1,Outpatient,$114.00 ,$167.00 ,,1,Emergency,No,Paid,,,General Ward,$203.70 ,$10.00 
3/21/2024,3114,5,1,4,2,2,Outpatient,$561.00 ,$187.00 ,,2,Physician Referral,Yes,Pending,,,General Ward,$530.60 ,$10.00 
3/22/2024,451,5,2,1,2,2,Outpatient,$420.00 ,$144.00 ,4/8/2024,1,Physician Referral,Yes,Paid,,,N/A,$394.80 , $-   
3/22/2024,3638,5,1,4,1,2,Emergency,$263.00 ,$31.00 ,,2,Physician Referral,No,Pending,,,General Ward,$212.80 ,$10.00 
3/22/2024,4444,5,2,1,2,2,Outpatient,$848.00 ,$122.00 ,4/10/2024,1,Physician Referral,Yes,Pending,,,N/A,$679.00 , $-   
3/22/2024,3215,5,1,4,4,3,Outpatient,$111.00 ,$47.00 ,3/31/2024,2,Self-Referral,No,Paid,,,N/A,$110.60 , $-   
3/22/2024,1567,5,2,1,2,3,Outpatient,$191.00 ,$195.00 ,4/16/2024,1,Physician Referral,Yes,Paid,,,N/A,$270.20 , $-   
3/22/2024,1285,5,1,4,1,2,Inpatient,$396.00 ,$94.00 ,,2,Emergency,Yes,Paid,,,General Ward,$350.00 ,$10.00 
3/22/2024,2076,5,2,1,2,3,Outpatient,$450.00 ,$154.00 ,4/11/2024,1,Self-Referral,Yes,Paid,,,N/A,$422.80 , $-   
3/22/2024,4778,5,1,4,5,3,Outpatient,$524.00 ,$101.00 ,,2,Physician Referral,No,Paid,,,General Ward,$444.50 ,$10.00 
3/22/2024,111,5,2,1,2,1,Outpatient,$620.00 ,$102.00 ,4/19/2024,1,Emergency,Yes,Pending,,,N/A,$505.40 , $-   
3/22/2024,2177,5,1,4,4,3,Outpatient,$515.00 ,$161.00 ,4/13/2024,2,Emergency,No,Paid,,,N/A,$473.20 , $-   
3/23/2024,444,5,2,1,2,1,Emergency,$782.00 ,$166.00 ,,1,Emergency,Yes,Pending,,,Semi-Private Room,$684.60 ,$30.00 
3/23/2024,1140,5,1,4,3,3,Emergency,$778.00 ,$73.00 ,,2,Self-Referral,No,Paid,,,General Ward,$602.70 ,$10.00 
3/23/2024,2221,5,2,1,2,1,Outpatient,$921.00 ,$86.00 ,,1,Self-Referral,Yes,Pending,,,Private Room,$739.90 ,$50.00 
3/23/2024,328,5,1,4,3,1,Emergency,$659.00 ,$181.00 ,,2,Emergency,No,Pending,,,Private Room,$623.00 ,$50.00 
3/23/2024,2773,5,2,1,2,1,Emergency,$353.00 ,$108.00 ,,1,Self-Referral,Yes,Paid,,,General Ward,$329.70 ,$10.00 
3/23/2024,4641,5,1,4,1,1,Outpatient,$378.00 ,$188.00 ,,2,Physician Referral,No,Paid,,,General Ward,$403.20 ,$10.00 
3/23/2024,3770,5,2,1,2,2,Outpatient,$534.00 ,$178.00 ,4/13/2024,1,Physician Referral,No,Pending,,,N/A,$498.40 , $-   
3/23/2024,2777,5,1,4,5,3,Inpatient,$80.00 ,$186.00 ,,2,Physician Referral,No,Pending,,,Private Room,$221.20 ,$50.00 
3/23/2024,1226,5,2,1,2,2,Outpatient,$328.00 ,$97.00 ,3/31/2024,1,Self-Referral,No,Paid,,,N/A,$297.50 , $-   
3/23/2024,3549,5,1,4,1,3,Outpatient,$659.00 ,$199.00 ,4/4/2024,2,Self-Referral,No,Pending,,,N/A,$600.60 , $-   
3/24/2024,2745,5,2,1,2,2,Outpatient,$450.00 ,$194.00 ,4/20/2024,1,Self-Referral,No,Pending,,,N/A,$450.80 , $-   
3/24/2024,2721,5,1,4,5,3,Outpatient,$618.00 ,$39.00 ,4/6/2024,2,Emergency,Yes,Pending,,,N/A,$459.90 , $-   
3/24/2024,156,5,2,1,2,2,Outpatient,$708.00 ,$115.00 ,4/8/2024,1,Physician Referral,Yes,Pending,,,N/A,$576.10 , $-   
3/24/2024,1100,5,1,4,5,2,Inpatient,$71.00 ,$199.00 ,,2,Emergency,Yes,Pending,,,Private Room,$224.00 ,$50.00 
3/24/2024,4798,5,2,1,2,1,Outpatient,$284.00 ,$114.00 ,4/8/2024,1,Emergency,No,Pending,,,N/A,$278.60 , $-   
3/24/2024,2639,5,1,4,2,2,Outpatient,$525.00 ,$90.00 ,4/16/2024,2,Physician Referral,Yes,Paid,,,N/A,$430.50 , $-   
3/24/2024,216,5,2,1,2,1,Outpatient,$405.00 ,$152.00 ,4/22/2024,1,Self-Referral,No,Paid,,,N/A,$389.90 , $-   
3/24/2024,665,5,1,4,3,1,Inpatient,$157.00 ,$151.00 ,,2,Emergency,No,Paid,,,General Ward,$222.60 ,$10.00 
3/24/2024,1177,5,2,1,2,2,Emergency,$511.00 ,$158.00 ,,1,Emergency,Yes,Paid,,,Semi-Private Room,$489.30 ,$30.00 
3/24/2024,2473,5,1,4,1,3,Inpatient,$832.00 ,$38.00 ,,2,Self-Referral,Yes,Pending,,,Private Room,$644.00 ,$50.00 
3/25/2024,3543,5,2,1,2,2,Emergency,$162.00 ,$121.00 ,,1,Self-Referral,Yes,Paid,,,General Ward,$205.10 ,$10.00 
3/25/2024,3497,5,1,4,4,1,Outpatient,$124.00 ,$46.00 ,4/3/2024,2,Physician Referral,No,Pending,,,N/A,$119.00 , $-   
3/25/2024,1511,5,2,1,2,1,Outpatient,$342.00 ,$48.00 ,,1,Emergency,Yes,Pending,,,General Ward,$280.00 ,$10.00 
3/25/2024,2617,5,1,4,5,2,Outpatient,$490.00 ,$37.00 ,4/4/2024,2,Physician Referral,No,Paid,,,N/A,$368.90 , $-   
3/25/2024,126,5,2,1,2,2,Outpatient,$245.00 ,$184.00 ,,1,Emergency,No,Paid,,,General Ward,$307.30 ,$10.00 
3/25/2024,1214,5,1,4,4,2,Outpatient,$921.00 ,$194.00 ,,2,Physician Referral,No,Pending,,,General Ward,$787.50 ,$10.00 
3/25/2024,2444,5,2,1,2,2,Outpatient,$338.00 ,$108.00 ,,1,Physician Referral,Yes,Paid,,,Private Room,$347.20 ,$50.00 
3/25/2024,3336,5,1,4,3,3,Outpatient,$883.00 ,$39.00 ,,2,Self-Referral,Yes,Paid,,,Private Room,$680.40 ,$50.00 
3/25/2024,1883,5,2,1,2,1,Outpatient,$449.00 ,$89.00 ,4/2/2024,1,Emergency,Yes,Pending,,,N/A,$376.60 , $-   
3/25/2024,3840,5,1,4,5,2,Outpatient,$309.00 ,$119.00 ,,2,Physician Referral,Yes,Pending,,,General Ward,$306.60 ,$10.00 
3/26/2024,1220,5,2,1,2,2,Outpatient,$647.00 ,$196.00 ,4/2/2024,1,Self-Referral,No,Pending,,,N/A,$590.10 , $-   
3/26/2024,1305,5,1,4,2,2,Outpatient,$609.00 ,$162.00 ,4/11/2024,2,Self-Referral,No,Pending,,,N/A,$539.70 , $-   
3/26/2024,334,5,2,1,2,1,Outpatient,$240.00 ,$37.00 ,4/4/2024,1,Self-Referral,No,Pending,,,N/A,$193.90 , $-   
3/26/2024,4471,5,1,4,5,1,Outpatient,$489.00 ,$57.00 ,4/11/2024,2,Emergency,No,Pending,,,N/A,$382.20 , $-   
3/26/2024,3431,5,2,1,2,1,Outpatient,$254.00 ,$139.00 ,4/10/2024,1,Physician Referral,Yes,Paid,,,N/A,$275.10 , $-   
3/26/2024,3925,5,1,4,4,2,Outpatient,$292.00 ,$108.00 ,4/18/2024,2,Emergency,Yes,Paid,,,N/A,$280.00 , $-   
3/26/2024,3838,5,2,1,2,1,Outpatient,$474.00 ,$103.00 ,4/16/2024,1,Emergency,No,Paid,,,N/A,$403.90 , $-   
3/26/2024,263,5,1,4,1,2,Emergency,$974.00 ,$169.00 ,,2,Self-Referral,Yes,Pending,,,Private Room,$835.10 ,$50.00 
3/26/2024,4523,5,2,1,2,2,Outpatient,$177.00 ,$123.00 ,4/4/2024,1,Emergency,No,Pending,,,N/A,$210.00 , $-   
3/26/2024,4427,5,1,4,3,3,Outpatient,$146.00 ,$130.00 ,,2,Emergency,No,Paid,,,Semi-Private Room,$214.20 ,$30.00 
3/27/2024,3270,5,2,1,2,3,Emergency,$768.00 ,$45.00 ,,1,Physician Referral,Yes,Paid,,,General Ward,$576.10 ,$10.00 
3/27/2024,1393,5,1,4,3,3,Outpatient,$68.00 ,$83.00 ,4/23/2024,2,Self-Referral,No,Paid,,,N/A,$105.70 , $-   
3/27/2024,893,5,2,1,2,1,Outpatient,$691.00 ,$77.00 ,4/5/2024,1,Self-Referral,Yes,Pending,,,N/A,$537.60 , $-   
3/27/2024,2998,5,1,4,1,3,Outpatient,$590.00 ,$150.00 ,,2,Physician Referral,Yes,Paid,,,General Ward,$525.00 ,$10.00 
3/27/2024,2569,5,2,1,2,1,Outpatient,$53.00 ,$49.00 ,,1,Emergency,No,Paid,,,Private Room,$106.40 ,$50.00 
3/27/2024,545,5,1,4,3,2,Outpatient,$142.00 ,$38.00 ,4/6/2024,2,Physician Referral,Yes,Paid,,,N/A,$126.00 , $-   
3/27/2024,1922,5,2,1,2,3,Outpatient,$594.00 ,$29.00 ,4/6/2024,1,Physician Referral,Yes,Pending,,,N/A,$436.10 , $-   
3/27/2024,4423,5,1,4,2,3,Outpatient,$443.00 ,$108.00 ,,2,Emergency,No,Paid,,,Semi-Private Room,$406.70 ,$30.00 
3/27/2024,2151,5,2,1,2,1,Outpatient,$340.00 ,$193.00 ,,1,Self-Referral,Yes,Paid,,,Semi-Private Room,$394.10 ,$30.00 
3/27/2024,4289,5,1,4,2,1,Outpatient,$589.00 ,$166.00 ,4/19/2024,2,Physician Referral,Yes,Pending,,,N/A,$528.50 , $-   
3/28/2024,1042,5,2,1,2,3,Outpatient,$101.00 ,$146.00 ,,1,Emergency,Yes,Pending,,,General Ward,$179.90 ,$10.00 
3/28/2024,2066,5,1,4,3,1,Inpatient,$701.00 ,$143.00 ,,2,Self-Referral,Yes,Pending,,,Semi-Private Room,$611.80 ,$30.00 
3/28/2024,1255,5,2,1,2,1,Outpatient,$818.00 ,$126.00 ,4/9/2024,1,Physician Referral,Yes,Pending,,,N/A,$660.80 , $-   
3/28/2024,2416,5,1,4,3,1,Inpatient,$118.00 ,$104.00 ,,2,Physician Referral,Yes,Pending,,,General Ward,$162.40 ,$10.00 
3/28/2024,4674,5,2,1,2,2,Outpatient,$387.00 ,$25.00 ,4/14/2024,1,Self-Referral,No,Paid,,,N/A,$288.40 , $-   
3/28/2024,2882,5,1,4,4,3,Outpatient,$406.00 ,$70.00 ,4/15/2024,2,Physician Referral,Yes,Paid,,,N/A,$333.20 , $-   
3/28/2024,2890,5,2,1,2,1,Outpatient,$899.00 ,$161.00 ,4/26/2024,1,Physician Referral,No,Pending,,,N/A,$742.00 , $-   
3/28/2024,1539,5,1,4,4,1,Inpatient,$135.00 ,$77.00 ,,2,Emergency,No,Pending,,,Semi-Private Room,$169.40 ,$30.00 
3/28/2024,532,5,2,1,2,2,Outpatient,$243.00 ,$155.00 ,4/10/2024,1,Physician Referral,No,Pending,,,N/A,$278.60 , $-   
3/28/2024,2147,5,1,4,2,2,Emergency,"$1,000.00 ",$21.00 ,,2,Physician Referral,No,Pending,,,Semi-Private Room,$735.70 ,$30.00 
3/29/2024,2334,5,2,1,2,2,Outpatient,$373.00 ,$37.00 ,4/17/2024,1,Emergency,No,Paid,,,N/A,$287.00 , $-   
3/29/2024,4599,5,1,4,3,2,Outpatient,$462.00 ,$111.00 ,4/10/2024,2,Emergency,No,Paid,,,N/A,$401.10 , $-   
3/29/2024,3933,5,2,1,2,3,Inpatient,$246.00 ,$182.00 ,,1,Self-Referral,Yes,Pending,,,General Ward,$306.60 ,$10.00 
3/29/2024,3300,5,1,4,5,3,Inpatient,$95.00 ,$75.00 ,,2,Self-Referral,Yes,Pending,,,Private Room,$154.00 ,$50.00 
3/29/2024,558,5,2,1,2,1,Inpatient,$376.00 ,$62.00 ,,1,Self-Referral,No,Pending,,,General Ward,$313.60 ,$10.00 
3/29/2024,3144,5,1,4,3,3,Outpatient,$502.00 ,$92.00 ,4/27/2024,2,Emergency,No,Pending,,,N/A,$415.80 , $-   
3/29/2024,3942,5,2,1,2,1,Inpatient,$838.00 ,$91.00 ,,1,Physician Referral,No,Paid,,,Semi-Private Room,$671.30 ,$30.00 
3/29/2024,3898,5,1,4,5,3,Outpatient,$763.00 ,$136.00 ,4/7/2024,2,Physician Referral,Yes,Pending,,,N/A,$629.30 , $-   
3/29/2024,1769,5,2,1,2,3,Inpatient,$831.00 ,$27.00 ,,1,Physician Referral,Yes,Pending,,,General Ward,$607.60 ,$10.00 
3/29/2024,4602,5,1,4,2,3,Outpatient,$298.00 ,$24.00 ,4/25/2024,2,Physician Referral,No,Paid,,,N/A,$225.40 , $-   
3/30/2024,4608,5,2,1,2,1,Outpatient,$136.00 ,$32.00 ,4/19/2024,1,Emergency,No,Pending,,,N/A,$117.60 , $-   
3/30/2024,270,5,1,4,2,1,Outpatient,$853.00 ,$26.00 ,4/19/2024,2,Self-Referral,No,Paid,,,N/A,$615.30 , $-   
3/30/2024,2690,5,2,1,2,2,Outpatient,$725.00 ,$40.00 ,4/28/2024,1,Self-Referral,No,Pending,,,N/A,$535.50 , $-   
3/30/2024,1443,5,4,4,5,1,Emergency,$699.00 ,$56.00 ,,2,Self-Referral,No,Pending,,,General Ward,$535.50 ,$10.00 
3/30/2024,979,5,4,1,5,2,Emergency,$784.00 ,$192.00 ,,1,Emergency,No,Paid,,,Private Room,$718.20 ,$50.00 
3/30/2024,3680,5,3,4,2,1,Outpatient,$395.00 ,$199.00 ,4/15/2024,2,Self-Referral,Yes,Pending,,,N/A,$415.80 , $-   
3/30/2024,3229,5,1,1,4,1,Outpatient,$336.00 ,$195.00 ,4/10/2024,1,Emergency,Yes,Paid,,,N/A,$371.70 , $-   
3/30/2024,1859,5,2,4,2,3,Emergency,$804.00 ,$81.00 ,,2,Physician Referral,Yes,Paid,,,Semi-Private Room,$640.50 ,$30.00 
3/30/2024,4707,5,3,1,1,1,Inpatient,$914.00 ,$120.00 ,,1,Emergency,No,Paid,,,Semi-Private Room,$744.80 ,$30.00 
3/30/2024,1271,5,2,4,2,3,Emergency,$981.00 ,$138.00 ,,2,Emergency,Yes,Pending,,,Private Room,$818.30 ,$50.00 
3/31/2024,829,5,2,1,2,1,Outpatient,$369.00 ,$198.00 ,,1,Self-Referral,Yes,Pending,,,Semi-Private Room,$417.90 ,$30.00 
3/31/2024,481,5,5,4,3,2,Inpatient,$550.00 ,$151.00 ,,2,Physician Referral,No,Paid,,,General Ward,$497.70 ,$10.00 
3/31/2024,3692,5,4,1,5,1,Emergency,$901.00 ,$139.00 ,,1,Emergency,No,Pending,,,Private Room,$763.00 ,$50.00 
3/31/2024,2746,5,5,4,3,3,Outpatient,$739.00 ,$105.00 ,4/8/2024,2,Emergency,No,Pending,,,N/A,$590.80 , $-   
3/31/2024,3353,5,4,1,5,3,Emergency,$182.00 ,$94.00 ,,1,Emergency,No,Pending,,,General Ward,$200.20 ,$10.00 
3/31/2024,1778,5,3,4,5,3,Emergency,$746.00 ,$53.00 ,,2,Emergency,No,Paid,,,General Ward,$566.30 ,$10.00 
3/31/2024,3747,5,2,1,2,3,Outpatient,$664.00 ,$64.00 ,4/12/2024,1,Self-Referral,Yes,Paid,,,N/A,$509.60 , $-   
3/31/2024,3640,5,5,4,5,1,Inpatient,$189.00 ,$163.00 ,,2,Self-Referral,Yes,Pending,,,Semi-Private Room,$267.40 ,$30.00 
3/31/2024,1569,5,3,1,5,3,Emergency,$174.00 ,$156.00 ,,1,Self-Referral,No,Paid,,,Semi-Private Room,$252.00 ,$30.00 
3/31/2024,3359,5,3,4,5,3,Outpatient,$127.00 ,$35.00 ,,2,Physician Referral,No,Pending,,,Semi-Private Room,$134.40 ,$30.00 
4/1/2024,3040,5,4,1,5,1,Outpatient,$58.00 ,$114.00 ,4/30/2024,1,Self-Referral,Yes,Pending,,,N/A,$120.40 , $-   
4/1/2024,1951,5,2,4,2,3,Emergency,$66.00 ,$178.00 ,,2,Emergency,Yes,Pending,,,Private Room,$205.80 ,$50.00 
4/1/2024,1799,5,4,1,5,2,Outpatient,$233.00 ,$160.00 ,4/18/2024,1,Emergency,Yes,Paid,,,N/A,$275.10 , $-   
4/1/2024,2673,5,4,4,5,2,Inpatient,$574.00 ,$147.00 ,,2,Physician Referral,No,Paid,,,Private Room,$539.70 ,$50.00 
4/1/2024,1838,5,3,1,4,3,Outpatient,$607.00 ,$24.00 ,4/25/2024,1,Physician Referral,No,Pending,,,N/A,$441.70 , $-   
4/1/2024,1331,5,4,4,5,2,Emergency,$788.00 ,$142.00 ,,2,Emergency,No,Paid,,,General Ward,$658.00 ,$10.00 
4/1/2024,707,5,1,1,3,3,Inpatient,$315.00 ,$146.00 ,,1,Self-Referral,No,Pending,,,Private Room,$357.70 ,$50.00 
4/1/2024,3203,5,2,4,2,1,Emergency,$776.00 ,$194.00 ,,2,Self-Referral,Yes,Paid,,,Semi-Private Room,$700.00 ,$30.00 
4/1/2024,4790,5,4,1,5,2,Outpatient,$917.00 ,$186.00 ,4/28/2024,1,Emergency,Yes,Paid,,,N/A,$772.10 , $-   
4/1/2024,1242,5,4,4,5,2,Inpatient,$760.00 ,$37.00 ,,2,Physician Referral,No,Paid,,,Private Room,$592.90 ,$50.00 
4/2/2024,1855,5,5,1,1,1,Inpatient,$512.00 ,$167.00 ,,1,Emergency,Yes,Pending,,,Private Room,$510.30 ,$50.00 
4/2/2024,4588,5,2,4,2,2,Outpatient,$204.00 ,$149.00 ,4/19/2024,2,Physician Referral,No,Pending,,,N/A,$247.10 , $-   
4/2/2024,2918,5,2,1,2,3,Outpatient,$210.00 ,$59.00 ,4/23/2024,1,Self-Referral,Yes,Pending,,,N/A,$188.30 , $-   
4/2/2024,4173,5,4,4,5,3,Outpatient,$661.00 ,$177.00 ,4/11/2024,2,Self-Referral,No,Paid,,,N/A,$586.60 , $-   
4/2/2024,2127,5,1,1,4,2,Emergency,$64.00 ,$29.00 ,,1,Emergency,No,Pending,,,Semi-Private Room,$86.10 ,$30.00 
4/2/2024,4572,5,5,4,4,1,Outpatient,$438.00 ,$83.00 ,4/10/2024,2,Self-Referral,Yes,Pending,,,N/A,$364.70 , $-   
4/2/2024,3971,5,1,1,4,3,Outpatient,$105.00 ,$61.00 ,,1,Emergency,Yes,Pending,,,Private Room,$151.20 ,$50.00 
4/2/2024,2658,5,4,4,5,3,Outpatient,$802.00 ,$112.00 ,4/15/2024,2,Emergency,Yes,Pending,,,N/A,$639.80 , $-   
4/2/2024,1161,5,2,1,2,2,Outpatient,$183.00 ,$59.00 ,4/13/2024,1,Physician Referral,Yes,Paid,,,N/A,$169.40 , $-   
4/2/2024,3261,5,2,4,2,1,Emergency,$235.00 ,$163.00 ,,2,Emergency,Yes,Paid,,,Semi-Private Room,$299.60 ,$30.00 
4/3/2024,230,5,1,1,2,3,Inpatient,$724.00 ,$195.00 ,,1,Emergency,No,Pending,,,General Ward,$650.30 ,$10.00 
4/3/2024,232,5,3,4,1,1,Outpatient,$168.00 ,$144.00 ,,2,Self-Referral,No,Paid,,,Semi-Private Room,$239.40 ,$30.00 
4/3/2024,3242,5,4,2,5,2,Outpatient,$356.00 ,$80.00 ,,1,Physician Referral,No,Paid,,,Semi-Private Room,$326.20 ,$30.00 
4/3/2024,3816,5,2,5,2,2,Outpatient,$688.00 ,$185.00 ,4/30/2024,2,Physician Referral,Yes,Paid,,,N/A,$611.10 , $-   
4/3/2024,2792,5,3,2,2,3,Outpatient,$481.00 ,$133.00 ,4/22/2024,1,Physician Referral,No,Paid,,,N/A,$429.80 , $-   
4/3/2024,4648,5,2,4,2,1,Outpatient,$469.00 ,$63.00 ,4/17/2024,2,Self-Referral,Yes,Paid,,,N/A,$372.40 , $-   
4/3/2024,614,5,2,1,2,1,Outpatient,$89.00 ,$162.00 ,,1,Physician Referral,Yes,Pending,,,General Ward,$182.70 ,$10.00 
4/3/2024,2907,5,3,4,3,2,Outpatient,$286.00 ,$114.00 ,,2,Self-Referral,Yes,Paid,,,General Ward,$287.00 ,$10.00 
4/3/2024,2069,5,1,3,5,2,Outpatient,$461.00 ,$80.00 ,4/18/2024,1,Physician Referral,No,Pending,,,N/A,$378.70 , $-   
4/3/2024,2303,5,4,3,5,2,Outpatient,$794.00 ,$26.00 ,4/17/2024,2,Emergency,No,Pending,,,N/A,$574.00 , $-   
4/4/2024,4783,5,3,2,1,2,Emergency,$995.00 ,$143.00 ,,1,Physician Referral,Yes,Pending,,,Private Room,$831.60 ,$50.00 
4/4/2024,4508,5,3,4,4,2,Outpatient,$336.00 ,$49.00 ,4/20/2024,2,Self-Referral,No,Paid,,,N/A,$269.50 , $-   
4/4/2024,3961,5,2,4,2,3,Outpatient,$349.00 ,$183.00 ,4/12/2024,1,Self-Referral,No,Paid,,,N/A,$372.40 , $-   
4/4/2024,4796,5,3,5,5,3,Outpatient,$100.00 ,$132.00 ,4/20/2024,2,Emergency,Yes,Paid,,,N/A,$162.40 , $-   
4/4/2024,3149,5,4,1,5,1,Inpatient,$304.00 ,$109.00 ,,1,Emergency,Yes,Paid,,,General Ward,$296.10 ,$10.00 
4/4/2024,3437,5,1,4,5,3,Outpatient,$347.00 ,$158.00 ,4/21/2024,2,Self-Referral,No,Pending,,,N/A,$353.50 , $-   
4/4/2024,2437,5,1,2,5,3,Outpatient,$391.00 ,$142.00 ,,1,Physician Referral,No,Pending,,,Semi-Private Room,$394.10 ,$30.00 
4/4/2024,2493,5,1,5,3,3,Outpatient,$681.00 ,$125.00 ,5/3/2024,2,Emergency,Yes,Pending,,,N/A,$564.20 , $-   
4/4/2024,895,5,4,5,5,1,Inpatient,$996.00 ,$176.00 ,,1,Emergency,No,Paid,,,Semi-Private Room,$841.40 ,$30.00 
4/4/2024,2158,5,2,2,2,3,Outpatient,$390.00 ,$111.00 ,4/21/2024,2,Physician Referral,No,Pending,,,N/A,$350.70 , $-   
4/5/2024,3597,5,4,2,5,1,Outpatient,$948.00 ,$112.00 ,4/16/2024,1,Self-Referral,No,Pending,,,N/A,$742.00 , $-   
4/5/2024,4406,5,3,4,5,1,Outpatient,$686.00 ,$153.00 ,4/25/2024,2,Emergency,Yes,Pending,,,N/A,$587.30 , $-   
4/5/2024,4119,5,5,4,4,3,Outpatient,$594.00 ,$131.00 ,,1,Emergency,Yes,Paid,,,General Ward, $-   ,$10.00 
4/5/2024,4862,5,5,5,1,3,Outpatient,$826.00 ,$70.00 ,5/4/2024,2,Self-Referral,Yes,Pending,,,N/A, $-   , $-   
4/5/2024,2993,5,5,5,5,3,Outpatient,$337.00 ,$99.00 ,4/14/2024,1,Physician Referral,No,Pending,,,N/A, $-   , $-   
4/5/2024,2996,5,1,1,1,2,Outpatient,$533.00 ,$129.00 ,,2,Physician Referral,Yes,Paid,,,Semi-Private Room, $-   ,$30.00 
4/5/2024,3653,5,4,5,5,1,Outpatient,$701.00 ,$57.00 ,,1,Emergency,Yes,Pending,,,Semi-Private Room,$551.60 ,$30.00 
4/5/2024,939,5,4,2,5,1,Outpatient,$192.00 ,$41.00 ,5/1/2024,2,Self-Referral,No,Paid,,,N/A,$163.10 , $-   
4/5/2024,808,5,1,2,4,2,Outpatient,$716.00 ,$109.00 ,5/4/2024,1,Physician Referral,No,Pending,,,N/A,$577.50 , $-   
4/5/2024,1993,5,3,1,2,2,Outpatient,$734.00 ,$187.00 ,4/13/2024,2,Self-Referral,No,Paid,,,N/A,$644.70 , $-   
4/6/2024,831,5,5,3,1,3,Outpatient,$262.00 ,$154.00 ,4/30/2024,1,Emergency,No,Paid,,,N/A,$291.20 , $-   
4/6/2024,4668,5,5,3,5,2,Outpatient,$964.00 ,$129.00 ,4/13/2024,2,Physician Referral,Yes,Paid,,,N/A,$765.10 , $-   
4/6/2024,1256,5,1,2,4,2,Emergency,$942.00 ,$187.00 ,,1,Self-Referral,Yes,Pending,,,General Ward, $-   ,$10.00 
4/6/2024,4194,5,5,3,5,2,Outpatient,$632.00 ,$126.00 ,4/13/2024,2,Self-Referral,No,Pending,,,N/A, $-   , $-   
4/6/2024,1127,5,2,3,2,1,Outpatient,$610.00 ,$143.00 ,,1,Emergency,Yes,Paid,,,General Ward, $-   ,$10.00 
4/6/2024,2188,5,4,1,5,2,Outpatient,$416.00 ,$43.00 ,,2,Physician Referral,Yes,Paid,,,General Ward, $-   ,$10.00 
4/6/2024,1270,5,5,5,2,3,Outpatient,$765.00 ,$60.00 ,4/29/2024,1,Emergency,No,Paid,,,N/A,$577.50 , $-   
4/6/2024,2148,5,5,5,1,1,Emergency,$518.00 ,$70.00 ,,2,Emergency,No,Paid,,,Semi-Private Room,$432.60 ,$30.00 
4/6/2024,1028,5,2,3,2,1,Outpatient,$711.00 ,$186.00 ,4/18/2024,1,Physician Referral,No,Paid,,,N/A,$627.90 , $-   
4/6/2024,1479,5,3,4,2,2,Inpatient,$466.00 ,$121.00 ,,2,Self-Referral,Yes,Paid,,,General Ward,$417.90 ,$10.00 
4/7/2024,1866,5,3,1,1,2,Emergency,$958.00 ,$133.00 ,,1,Self-Referral,Yes,Paid,,,Semi-Private Room,$784.70 ,$30.00 
4/7/2024,2486,5,2,3,2,2,Outpatient,$483.00 ,$190.00 ,4/26/2024,2,Self-Referral,Yes,Paid,,,N/A, $-   , $-   
4/7/2024,4657,5,3,4,1,2,Outpatient,$414.00 ,$88.00 ,5/4/2024,1,Physician Referral,Yes,Paid,,,N/A, $-   , $-   
4/7/2024,906,5,1,4,3,3,Emergency,$828.00 ,$172.00 ,,2,Emergency,Yes,Paid,,,Semi-Private Room, $-   ,$30.00 
4/7/2024,3493,5,2,1,2,2,Outpatient,$541.00 ,$113.00 ,5/4/2024,1,Self-Referral,Yes,Paid,,,N/A,$457.80 , $-   
4/7/2024,440,5,4,5,5,3,Outpatient,$853.00 ,$139.00 ,4/14/2024,2,Self-Referral,No,Paid,,,N/A,$694.40 , $-   
4/7/2024,4971,5,4,2,5,2,Emergency,$286.00 ,$44.00 ,,1,Physician Referral,No,Pending,,,Private Room,$266.00 ,$50.00 
4/7/2024,2178,5,4,4,5,2,Emergency,$523.00 ,$171.00 ,,2,Physician Referral,No,Paid,,,General Ward,$492.80 ,$10.00 
4/7/2024,1489,5,5,2,2,3,Inpatient,$951.00 ,$123.00 ,,1,Emergency,No,Pending,,,General Ward,$758.80 ,$10.00 
4/7/2024,2491,5,2,2,2,2,Outpatient,$999.00 ,$62.00 ,4/19/2024,2,Emergency,Yes,Pending,,,N/A,$742.70 , $-   
4/8/2024,388,5,2,1,2,1,Outpatient,$52.00 ,$78.00 ,4/22/2024,1,Self-Referral,No,Pending,,,N/A,$91.00 , $-   
4/8/2024,4690,5,3,5,2,3,Outpatient,$528.00 ,$73.00 ,4/27/2024,2,Self-Referral,No,Paid,,,N/A,$420.70 , $-   
4/8/2024,4764,5,2,1,2,3,Inpatient,$180.00 ,$98.00 ,,1,Physician Referral,No,Pending,,,Semi-Private Room,$215.60 ,$30.00 
4/8/2024,3812,5,2,4,2,1,Outpatient,$171.00 ,$173.00 ,4/16/2024,2,Emergency,No,Paid,,,N/A,$240.80 , $-   
4/8/2024,4230,5,3,5,3,3,Emergency,$451.00 ,$73.00 ,,1,Self-Referral,Yes,Pending,,,General Ward,$373.80 ,$10.00 
4/8/2024,3792,5,2,3,2,2,Inpatient,$673.00 ,$94.00 ,,2,Physician Referral,Yes,Paid,,,Private Room,$571.90 ,$50.00 
4/8/2024,1867,5,2,5,2,3,Emergency,$166.00 ,$112.00 ,,1,Emergency,Yes,Paid,,,General Ward,$201.60 ,$10.00 
4/8/2024,2490,5,1,1,4,3,Inpatient,$611.00 ,$191.00 ,,2,Emergency,No,Pending,,,Private Room,$596.40 ,$50.00 
4/8/2024,1438,5,3,1,3,1,Inpatient,$950.00 ,$156.00 ,,1,Emergency,No,Pending,,,General Ward,$781.20 ,$10.00 
4/8/2024,2135,5,1,2,5,3,Outpatient,$751.00 ,$61.00 ,,2,Physician Referral,Yes,Paid,,,Private Room,$603.40 ,$50.00 
4/9/2024,3956,5,5,3,1,2,Outpatient,$727.00 ,$176.00 ,,1,Emergency,No,Pending,,,Private Room,$667.10 ,$50.00 
4/9/2024,2379,5,3,5,4,3,Outpatient,$819.00 ,$98.00 ,4/23/2024,2,Physician Referral,No,Paid,,,N/A,$641.90 , $-   
4/9/2024,2031,5,2,3,2,3,Outpatient,$240.00 ,$100.00 ,,1,Physician Referral,Yes,Paid,,,General Ward,$245.00 ,$10.00 
4/9/2024,2113,5,2,2,2,1,Outpatient,$541.00 ,$77.00 ,5/7/2024,2,Physician Referral,No,Paid,,,N/A,$432.60 , $-   
4/9/2024,1906,5,1,3,5,1,Outpatient,$631.00 ,$105.00 ,4/16/2024,1,Emergency,No,Pending,,,N/A,$515.20 , $-   
4/9/2024,3260,5,1,3,1,3,Outpatient,$417.00 ,$196.00 ,4/28/2024,2,Self-Referral,No,Paid,,,N/A,$429.10 , $-   
4/9/2024,4240,5,5,5,5,2,Outpatient,$280.00 ,$126.00 ,4/16/2024,1,Self-Referral,No,Paid,,,N/A,$284.20 , $-   
4/9/2024,4134,5,5,3,5,1,Outpatient,$453.00 ,$158.00 ,4/25/2024,2,Physician Referral,No,Paid,,,N/A,$427.70 , $-   
4/9/2024,4305,5,2,2,2,1,Outpatient,$75.00 ,$121.00 ,,1,Physician Referral,No,Paid,,,Private Room,$172.20 ,$50.00 
4/9/2024,3652,5,4,4,5,2,Outpatient,$341.00 ,$73.00 ,4/20/2024,2,Self-Referral,No,Pending,,,N/A,$289.80 , $-   
4/10/2024,661,5,5,4,2,1,Outpatient,$608.00 ,$49.00 ,5/9/2024,1,Emergency,No,Pending,,,N/A,$459.90 , $-   
4/10/2024,2677,5,2,1,2,3,Outpatient,$301.00 ,$84.00 ,5/6/2024,2,Self-Referral,No,Pending,,,N/A,$269.50 , $-   
4/10/2024,3734,5,5,4,1,1,Inpatient,$436.00 ,$77.00 ,,1,Self-Referral,No,Pending,,,General Ward,$366.10 ,$10.00 
4/10/2024,45,5,3,5,5,2,Outpatient,$252.00 ,$56.00 ,4/29/2024,2,Emergency,Yes,Paid,,,N/A,$215.60 , $-   
4/10/2024,791,5,1,1,3,3,Outpatient,$992.00 ,$137.00 ,4/21/2024,1,Physician Referral,Yes,Paid,,,N/A,$790.30 , $-   
4/10/2024,367,5,2,4,2,2,Outpatient,$149.00 ,$92.00 ,4/26/2024,2,Self-Referral,Yes,Paid,,,N/A,$168.70 , $-   
4/10/2024,2561,5,5,4,1,2,Outpatient,$450.00 ,$88.00 ,4/19/2024,1,Physician Referral,Yes,Paid,,,N/A,$376.60 , $-   
4/10/2024,3360,5,1,1,5,2,Emergency,$217.00 ,$171.00 ,,2,Emergency,No,Paid,,,Semi-Private Room,$292.60 ,$30.00 
4/10/2024,4497,5,4,5,5,2,Outpatient,$674.00 ,$82.00 ,4/18/2024,1,Emergency,Yes,Paid,,,N/A,$529.20 , $-   
4/10/2024,4909,5,5,1,2,1,Outpatient,$150.00 ,$113.00 ,,2,Emergency,Yes,Pending,,,General Ward,$191.10 ,$10.00 
4/11/2024,701,5,2,5,2,1,Inpatient,$789.00 ,$198.00 ,,1,Emergency,Yes,Paid,,,General Ward,$697.90 ,$10.00 
4/11/2024,1182,5,3,5,4,1,Outpatient,$352.00 ,$34.00 ,4/19/2024,2,Emergency,Yes,Paid,,,N/A,$270.20 , $-   
4/11/2024,2701,5,1,2,4,1,Outpatient,$357.00 ,$194.00 ,4/22/2024,1,Physician Referral,Yes,Paid,,,N/A,$385.70 , $-   
4/11/2024,4327,5,1,4,1,3,Emergency,$728.00 ,$193.00 ,,2,Emergency,No,Pending,,,General Ward,$651.70 ,$10.00 
4/11/2024,163,5,3,4,4,1,Outpatient,$477.00 ,$49.00 ,4/21/2024,1,Physician Referral,Yes,Paid,,,N/A,$368.20 , $-   
4/11/2024,1895,5,2,3,2,2,Outpatient,$592.00 ,$132.00 ,4/19/2024,2,Emergency,No,Paid,,,N/A,$506.80 , $-   
4/11/2024,1560,5,4,1,5,3,Outpatient,$695.00 ,$98.00 ,5/8/2024,1,Physician Referral,No,Paid,,,N/A,$555.10 , $-   
4/11/2024,1351,5,3,2,5,1,Inpatient,$507.00 ,$167.00 ,,2,Emergency,No,Pending,,,Private Room,$506.80 ,$50.00 
4/11/2024,3058,5,4,4,5,1,Emergency,$868.00 ,$76.00 ,,1,Emergency,No,Paid,,,Private Room,$695.80 ,$50.00 
4/11/2024,4237,5,2,3,2,3,Outpatient,$670.00 ,$196.00 ,4/26/2024,2,Physician Referral,Yes,Paid,,,N/A,$606.20 , $-   
4/12/2024,3399,5,5,2,5,1,Outpatient,$769.00 ,$75.00 ,4/27/2024,1,Self-Referral,No,Pending,,,N/A,$590.80 , $-   
4/12/2024,3065,5,5,5,4,2,Emergency,$457.00 ,$75.00 ,,2,Emergency,No,Paid,,,Semi-Private Room,$393.40 ,$30.00 
4/12/2024,1577,5,2,4,2,2,Emergency,$53.00 ,$172.00 ,,1,Physician Referral,No,Pending,,,General Ward,$164.50 ,$10.00 
4/12/2024,1996,5,4,1,5,2,Emergency,$673.00 ,$28.00 ,,2,Physician Referral,Yes,Paid,,,Private Room,$525.70 ,$50.00 
4/12/2024,758,5,3,2,4,2,Inpatient,$740.00 ,$41.00 ,,1,Self-Referral,No,Pending,,,General Ward,$553.70 ,$10.00 
4/12/2024,1084,5,2,3,2,1,Outpatient,$604.00 ,$96.00 ,,2,Emergency,Yes,Paid,,,Private Room,$525.00 ,$50.00 
4/12/2024,796,5,2,1,2,2,Outpatient,$154.00 ,$184.00 ,,1,Self-Referral,Yes,Paid,,,General Ward,$243.60 ,$10.00 
4/12/2024,68,5,5,5,5,1,Outpatient,$959.00 ,$143.00 ,,2,Physician Referral,No,Pending,,,Private Room,$806.40 ,$50.00 
4/12/2024,2496,5,3,1,1,1,Outpatient,$589.00 ,$47.00 ,4/27/2024,1,Emergency,No,Paid,,,N/A,$445.20 , $-   
4/12/2024,2462,5,5,3,3,1,Emergency,$182.00 ,$161.00 ,,2,Self-Referral,No,Paid,,,General Ward,$247.10 ,$10.00 
4/13/2024,2535,5,4,5,5,1,Outpatient,$511.00 ,$177.00 ,,1,Emergency,No,Pending,,,General Ward,$488.60 ,$10.00 
4/13/2024,2905,5,4,3,5,3,Outpatient,$261.00 ,$186.00 ,4/23/2024,2,Physician Referral,Yes,Paid,,,N/A,$312.90 , $-   
4/13/2024,1493,5,1,4,5,3,Outpatient,$646.00 ,$152.00 ,4/27/2024,1,Self-Referral,No,Pending,,,N/A,$558.60 , $-   
4/13/2024,1128,5,2,3,2,3,Outpatient,$517.00 ,$31.00 ,5/7/2024,2,Physician Referral,Yes,Paid,,,N/A,$383.60 , $-   
4/13/2024,41,5,3,1,3,2,Emergency,$722.00 ,$182.00 ,,1,Physician Referral,Yes,Pending,,,Private Room,$667.80 ,$50.00 
4/13/2024,4499,5,3,4,4,1,Inpatient,$260.00 ,$188.00 ,,2,Self-Referral,Yes,Paid,,,Semi-Private Room,$334.60 ,$30.00 
4/13/2024,1114,5,5,4,3,1,Outpatient,$778.00 ,$82.00 ,4/28/2024,1,Self-Referral,Yes,Paid,,,N/A,$602.00 , $-   
4/13/2024,595,5,5,2,5,2,Outpatient,$60.00 ,$189.00 ,4/22/2024,2,Self-Referral,No,Pending,,,N/A,$174.30 , $-   
4/13/2024,2758,5,3,1,2,3,Outpatient,$831.00 ,$144.00 ,4/25/2024,1,Physician Referral,Yes,Paid,,,N/A,$682.50 , $-   
4/13/2024,478,5,5,1,1,1,Outpatient,$247.00 ,$125.00 ,,2,Emergency,Yes,Pending,,,General Ward,$267.40 ,$10.00 
4/14/2024,1190,5,1,5,2,2,Outpatient,$522.00 ,$190.00 ,5/13/2024,1,Emergency,No,Pending,,,N/A,$498.40 , $-   
4/14/2024,3558,5,2,3,2,3,Outpatient,$584.00 ,$167.00 ,,2,Emergency,No,Pending,,,General Ward,$532.70 ,$10.00 
4/14/2024,3138,5,1,3,2,2,Emergency,$522.00 ,$117.00 ,,1,Emergency,No,Paid,,,Semi-Private Room,$468.30 ,$30.00 
4/14/2024,751,5,4,1,5,2,Inpatient,$219.00 ,$138.00 ,,2,Emergency,No,Paid,,,Semi-Private Room,$270.90 ,$30.00 
4/14/2024,1339,5,3,3,5,1,Outpatient,$445.00 ,$138.00 ,,1,Emergency,Yes,Paid,,,General Ward,$415.10 ,$10.00 
4/14/2024,4046,5,1,1,4,3,Outpatient,$643.00 ,$171.00 ,5/9/2024,2,Self-Referral,Yes,Pending,,,N/A,$569.80 , $-   
4/14/2024,3085,5,1,4,2,3,Outpatient,$720.00 ,$182.00 ,4/25/2024,1,Emergency,Yes,Pending,,,N/A,$631.40 , $-   
4/14/2024,1630,5,5,3,3,1,Outpatient,$546.00 ,$60.00 ,5/7/2024,2,Physician Referral,Yes,Pending,,,N/A,$424.20 , $-   
4/14/2024,4144,5,5,3,5,3,Inpatient,$537.00 ,$141.00 ,,1,Physician Referral,Yes,Paid,,,General Ward,$481.60 ,$10.00 
4/14/2024,3320,5,5,1,2,2,Outpatient,$951.00 ,$35.00 ,5/9/2024,2,Emergency,Yes,Pending,,,N/A,$690.20 , $-   
4/15/2024,3458,5,4,1,5,2,Emergency,$201.00 ,$141.00 ,,1,Physician Referral,No,Paid,,,General Ward,$246.40 ,$10.00 
4/15/2024,649,5,1,5,1,2,Outpatient,$431.00 ,$99.00 ,,2,Physician Referral,No,Paid,,,Private Room,$406.00 ,$50.00 
4/15/2024,4800,5,2,3,2,1,Inpatient,$341.00 ,$125.00 ,,1,Emergency,Yes,Paid,,,Private Room,$361.20 ,$50.00 
4/15/2024,3443,5,5,2,2,3,Outpatient,$778.00 ,$25.00 ,4/24/2024,2,Self-Referral,Yes,Paid,,,N/A,$562.10 , $-   
4/15/2024,4967,5,4,1,5,1,Outpatient,$463.00 ,$39.00 ,,1,Self-Referral,Yes,Paid,,,Semi-Private Room,$372.40 ,$30.00 
4/15/2024,1633,5,4,2,5,1,Emergency,$760.00 ,$155.00 ,,2,Emergency,Yes,Paid,,,Private Room,$675.50 ,$50.00 
4/15/2024,4450,5,5,4,3,1,Outpatient,$818.00 ,$116.00 ,4/29/2024,1,Self-Referral,Yes,Paid,,,N/A,$653.80 , $-   
4/15/2024,1903,5,3,4,5,1,Outpatient,$802.00 ,$25.00 ,4/30/2024,2,Self-Referral,No,Paid,,,N/A,$578.90 , $-   
4/15/2024,5,5,1,2,2,3,Outpatient,$621.00 ,$27.00 ,5/13/2024,1,Emergency,No,Pending,,,N/A,$453.60 , $-   
4/15/2024,1809,5,5,4,5,2,Inpatient,$413.00 ,$33.00 ,,2,Physician Referral,No,Paid,,,General Ward,$319.20 ,$10.00 
4/16/2024,849,5,2,2,2,2,Emergency,$241.00 ,$150.00 ,,1,Self-Referral,Yes,Paid,,,Semi-Private Room,$294.70 ,$30.00 
4/16/2024,4625,5,1,5,1,2,Outpatient,$160.00 ,$149.00 ,5/15/2024,2,Emergency,Yes,Pending,,,N/A,$216.30 , $-   
4/16/2024,3388,5,4,5,5,3,Outpatient,$216.00 ,$41.00 ,,1,Physician Referral,No,Pending,,,Semi-Private Room,$200.90 ,$30.00 
4/16/2024,2865,5,2,4,2,3,Outpatient,$146.00 ,$104.00 ,,2,Self-Referral,Yes,Pending,,,Semi-Private Room,$196.00 ,$30.00 
4/16/2024,2849,5,1,2,1,3,Outpatient,$245.00 ,$153.00 ,5/14/2024,1,Emergency,Yes,Pending,,,N/A,$278.60 , $-   
4/16/2024,4855,5,2,2,2,2,Outpatient,$253.00 ,$197.00 ,4/30/2024,2,Self-Referral,Yes,Pending,,,N/A,$315.00 , $-   
4/16/2024,4904,5,4,2,5,3,Outpatient,$197.00 ,$63.00 ,5/6/2024,1,Self-Referral,Yes,Pending,,,N/A,$182.00 , $-   
4/16/2024,2110,5,5,4,2,2,Outpatient,$823.00 ,$27.00 ,5/15/2024,2,Emergency,No,Pending,,,N/A,$595.00 , $-   
4/16/2024,369,5,2,2,2,2,Outpatient,$429.00 ,$43.00 ,5/2/2024,1,Physician Referral,Yes,Pending,,,N/A,$330.40 , $-   
4/16/2024,1090,5,5,1,3,1,Outpatient,$719.00 ,$46.00 ,5/9/2024,2,Emergency,No,Pending,,,N/A,$535.50 , $-   
4/17/2024,2079,5,4,2,5,3,Outpatient,$858.00 ,$70.00 ,4/26/2024,1,Physician Referral,Yes,Pending,,,N/A,$649.60 , $-   
4/17/2024,4821,5,4,1,5,1,Outpatient,$359.00 ,$175.00 ,4/26/2024,2,Emergency,No,Pending,,,N/A,$373.80 , $-   
4/17/2024,3643,5,2,5,2,3,Emergency,$490.00 ,$88.00 ,,1,Emergency,No,Pending,,,General Ward,$411.60 ,$10.00 
4/17/2024,2805,5,2,1,2,3,Outpatient,$258.00 ,$44.00 ,,2,Self-Referral,Yes,Pending,,,Semi-Private Room,$232.40 ,$30.00 
4/17/2024,1362,5,4,5,5,1,Outpatient,$510.00 ,$63.00 ,,1,Physician Referral,No,Pending,,,Private Room,$436.10 ,$50.00 
4/17/2024,1525,5,2,4,2,3,Outpatient,$625.00 ,$194.00 ,,2,Physician Referral,No,Pending,,,Private Room,$608.30 ,$50.00 
4/17/2024,1857,5,2,5,2,3,Inpatient,$837.00 ,$138.00 ,,1,Physician Referral,No,Pending,,,Private Room,$717.50 ,$50.00 
4/17/2024,1846,5,2,5,2,3,Outpatient,$592.00 ,$128.00 ,,2,Self-Referral,No,Pending,,,Semi-Private Room,$525.00 ,$30.00 
4/17/2024,3683,5,2,2,2,2,Emergency,$590.00 ,$139.00 ,,1,Emergency,No,Pending,,,Semi-Private Room,$531.30 ,$30.00 
4/17/2024,2651,5,1,3,5,2,Outpatient,$134.00 ,$32.00 ,,2,Self-Referral,Yes,Pending,,,Private Room,$151.20 ,$50.00 
4/18/2024,4311,5,4,5,5,3,Inpatient,$745.00 ,$72.00 ,,1,Emergency,No,Pending,,,Private Room,$606.90 ,$50.00 
4/18/2024,3343,5,4,1,5,1,Inpatient,$831.00 ,$56.00 ,,2,Emergency,Yes,Pending,,,Semi-Private Room,$641.90 ,$30.00 
4/18/2024,1176,5,3,4,4,2,Inpatient,$710.00 ,$134.00 ,,1,Emergency,No,Pending,,,Semi-Private Room,$611.80 ,$30.00 
4/18/2024,370,5,5,1,3,2,Outpatient,$287.00 ,$59.00 ,4/27/2024,2,Emergency,No,Pending,,,N/A,$242.20 , $-   
4/18/2024,194,5,3,4,4,3,Emergency,$516.00 ,$97.00 ,,1,Emergency,Yes,Pending,,,Semi-Private Room,$450.10 ,$30.00 
4/18/2024,581,5,2,1,2,2,Outpatient,$735.00 ,$114.00 ,4/28/2024,2,Self-Referral,No,Pending,,,N/A,$594.30 , $-   
4/18/2024,2733,5,2,5,2,1,Emergency,$347.00 ,$153.00 ,,1,Physician Referral,No,Pending,,,Private Room,$385.00 ,$50.00 
4/18/2024,3875,5,1,3,4,1,Outpatient,$591.00 ,$44.00 ,5/11/2024,2,Emergency,No,Pending,,,N/A,$444.50 , $-   
4/18/2024,3839,5,1,5,3,1,Inpatient,$155.00 ,$122.00 ,,1,Self-Referral,Yes,Pending,,,General Ward,$200.90 ,$10.00 
4/18/2024,4776,5,1,2,2,1,Outpatient,$914.00 ,$65.00 ,5/8/2024,2,Self-Referral,Yes,Pending,,,N/A,$685.30 , $-   
4/19/2024,1949,5,1,1,1,2,Outpatient,$489.00 ,$178.00 ,,1,Self-Referral,No,Pending,,,Private Room,$501.90 ,$50.00 
4/19/2024,2434,5,1,3,4,2,Outpatient,$621.00 ,$121.00 ,4/27/2024,2,Self-Referral,Yes,Pending,,,N/A,$519.40 , $-   
4/19/2024,4575,5,1,1,4,1,Outpatient,$313.00 ,$110.00 ,,1,Self-Referral,No,Pending,,,General Ward,$303.10 ,$10.00 
4/19/2024,3877,5,1,2,1,2,Outpatient,$716.00 ,$113.00 ,5/7/2024,2,Emergency,Yes,Pending,,,N/A,$580.30 , $-   
4/19/2024,1554,5,1,2,1,3,Outpatient,$657.00 ,$87.00 ,,1,Physician Referral,Yes,Pending,,,General Ward,$527.80 ,$10.00 
4/19/2024,870,5,1,2,2,3,Outpatient,$197.00 ,$58.00 ,4/30/2024,2,Emergency,Yes,Pending,,,N/A,$178.50 , $-   
4/19/2024,828,5,4,5,5,3,Outpatient,$293.00 ,$99.00 ,5/17/2024,1,Emergency,No,Pending,,,N/A,$274.40 , $-   
4/19/2024,187,5,1,5,2,3,Outpatient,$136.00 ,$183.00 ,4/27/2024,2,Physician Referral,Yes,Pending,,,N/A,$223.30 , $-   
4/19/2024,681,5,5,3,5,3,Outpatient,$62.00 ,$154.00 ,5/7/2024,1,Emergency,No,Pending,,,N/A,$151.20 , $-   
4/19/2024,3154,5,1,2,3,1,Outpatient,$428.00 ,$104.00 ,5/4/2024,2,Physician Referral,Yes,Pending,,,N/A,$372.40 , $-   
4/20/2024,1915,5,2,5,2,2,Outpatient,$527.00 ,$85.00 ,5/19/2024,1,Emergency,No,Pending,,,N/A,$428.40 , $-   
4/20/2024,1159,5,2,4,2,1,Outpatient,$365.00 ,$74.00 ,5/5/2024,2,Physician Referral,No,Pending,,,N/A,$307.30 , $-   
4/20/2024,485,5,1,4,1,1,Outpatient,$817.00 ,$91.00 ,5/16/2024,1,Self-Referral,Yes,Pending,,,N/A,$635.60 , $-   
4/20/2024,3485,5,1,5,2,1,Inpatient,$65.00 ,$61.00 ,,2,Physician Referral,Yes,Pending,,,Semi-Private Room,$109.20 ,$30.00 
4/20/2024,1789,5,2,3,2,2,Inpatient,$170.00 ,$174.00 ,,1,Emergency,No,Pending,,,Semi-Private Room,$261.80 ,$30.00 
4/20/2024,671,5,5,1,4,3,Inpatient,$468.00 ,$149.00 ,,2,Emergency,No,Pending,,,General Ward,$438.90 ,$10.00 
4/20/2024,3957,5,3,2,1,1,Outpatient,$170.00 ,$89.00 ,5/19/2024,1,Physician Referral,Yes,Pending,,,N/A,$181.30 , $-   
4/20/2024,4535,5,4,5,5,2,Outpatient,$592.00 ,$151.00 ,4/27/2024,2,Self-Referral,Yes,Pending,,,N/A,$520.10 , $-   
4/20/2024,4612,5,2,3,2,1,Outpatient,$672.00 ,$40.00 ,,1,Emergency,No,Pending,,,Private Room,$533.40 ,$50.00 
4/20/2024,3548,5,1,1,4,2,Emergency,$595.00 ,$20.00 ,,2,Self-Referral,No,Pending,,,Private Room,$465.50 ,$50.00 
4/21/2024,2988,5,4,3,5,1,Outpatient,$891.00 ,$185.00 ,5/4/2024,1,Physician Referral,No,Pending,,,N/A,$753.20 , $-   
4/21/2024,3292,5,1,1,4,3,Outpatient,$640.00 ,$79.00 ,5/20/2024,2,Physician Referral,No,Pending,,,N/A,$503.30 , $-   
4/21/2024,3705,5,3,4,4,2,Inpatient,$704.00 ,$95.00 ,,1,Physician Referral,Yes,Pending,,,General Ward,$566.30 ,$10.00 
4/21/2024,780,5,3,1,3,1,Outpatient,$527.00 ,$110.00 ,5/15/2024,2,Self-Referral,Yes,Pending,,,N/A,$445.90 , $-   
4/21/2024,1690,5,2,4,2,3,Emergency,$418.00 ,$161.00 ,,1,Self-Referral,Yes,Pending,,,Semi-Private Room,$426.30 ,$30.00 
4/21/2024,2922,5,4,2,5,3,Outpatient,$453.00 ,$107.00 ,5/7/2024,2,Physician Referral,Yes,Pending,,,N/A,$392.00 , $-   
4/21/2024,4759,5,4,5,5,2,Emergency,$450.00 ,$101.00 ,,1,Physician Referral,Yes,Pending,,,Semi-Private Room,$406.70 ,$30.00 
4/21/2024,4337,5,3,4,5,3,Inpatient,$321.00 ,$36.00 ,,2,Physician Referral,Yes,Pending,,,General Ward,$256.90 ,$10.00 
4/21/2024,192,5,1,3,3,2,Outpatient,$536.00 ,$92.00 ,5/12/2024,1,Self-Referral,No,Pending,,,N/A,$439.60 , $-   
4/21/2024,2523,5,2,1,2,2,Outpatient,$380.00 ,$194.00 ,,2,Self-Referral,Yes,Pending,,,Private Room,$436.80 ,$50.00 
4/22/2024,3505,5,5,3,2,3,Outpatient,$916.00 ,$75.00 ,5/7/2024,1,Self-Referral,No,Pending,,,N/A,$693.70 , $-   
4/22/2024,629,5,3,4,5,3,Outpatient,$915.00 ,$146.00 ,5/9/2024,2,Physician Referral,Yes,Pending,,,N/A,$742.70 , $-   
4/22/2024,2071,5,3,3,2,2,Outpatient,$714.00 ,$72.00 ,4/29/2024,1,Self-Referral,Yes,Pending,,,N/A,$550.20 , $-   
4/22/2024,244,5,2,1,2,3,Outpatient,$842.00 ,$147.00 ,5/9/2024,2,Emergency,No,Pending,,,N/A,$692.30 , $-   
4/22/2024,4682,5,1,5,1,2,Outpatient,$410.00 ,$165.00 ,4/29/2024,1,Self-Referral,Yes,Pending,,,N/A,$402.50 , $-   
4/22/2024,88,5,4,3,5,3,Emergency,$900.00 ,$67.00 ,,2,Self-Referral,No,Pending,,,General Ward,$683.90 ,$10.00 
4/22/2024,2257,5,3,2,2,2,Outpatient,$107.00 ,$156.00 ,5/3/2024,1,Emergency,No,Pending,,,N/A,$184.10 , $-   
4/22/2024,3025,5,2,1,2,3,Outpatient,$556.00 ,$73.00 ,5/16/2024,2,Self-Referral,No,Pending,,,N/A,$440.30 , $-   
4/22/2024,350,5,2,1,2,3,Inpatient,$334.00 ,$182.00 ,,1,Physician Referral,Yes,Pending,,,Semi-Private Room,$382.20 ,$30.00 
4/22/2024,1894,5,2,2,2,1,Outpatient,$265.00 ,$193.00 ,4/29/2024,2,Emergency,No,Pending,,,N/A,$320.60 , $-   
4/23/2024,2382,5,4,4,5,1,Emergency,$220.00 ,$20.00 ,,1,Physician Referral,No,Pending,,,General Ward,$175.00 ,$10.00 
4/23/2024,4520,5,3,2,4,2,Outpatient,$608.00 ,$60.00 ,5/9/2024,2,Emergency,No,Pending,,,N/A,$467.60 , $-   
4/23/2024,3508,5,2,4,2,1,Outpatient,$875.00 ,$92.00 ,,1,Self-Referral,No,Pending,,,Private Room,$711.90 ,$50.00 
4/23/2024,3836,5,4,5,5,1,Outpatient,$899.00 ,$179.00 ,5/12/2024,2,Emergency,No,Pending,,,N/A,$754.60 , $-   
4/23/2024,436,5,1,4,2,2,Outpatient,$188.00 ,$96.00 ,5/7/2024,1,Self-Referral,Yes,Pending,,,N/A,$198.80 , $-   
4/23/2024,4731,5,5,5,2,3,Outpatient,$486.00 ,$59.00 ,5/12/2024,2,Self-Referral,Yes,Pending,,,N/A,$381.50 , $-   
4/23/2024,1428,5,3,5,1,3,Outpatient,$890.00 ,$158.00 ,5/19/2024,1,Physician Referral,Yes,Pending,,,N/A,$733.60 , $-   
4/23/2024,2915,5,4,2,5,2,Outpatient,$787.00 ,$193.00 ,5/1/2024,2,Emergency,No,Pending,,,N/A,$686.00 , $-   
4/23/2024,4344,5,5,5,3,1,Inpatient,$427.00 ,$67.00 ,,1,Emergency,Yes,Pending,,,Semi-Private Room,$366.80 ,$30.00 
4/23/2024,2520,5,5,4,5,3,Emergency,$536.00 ,$62.00 ,,2,Self-Referral,Yes,Pending,,,General Ward,$425.60 ,$10.00 
4/24/2024,2468,5,4,3,5,1,Outpatient,$352.00 ,$198.00 ,5/21/2024,1,Physician Referral,No,Pending,,,N/A,$385.00 , $-   
4/24/2024,2174,5,4,1,5,2,Outpatient,$129.00 ,$61.00 ,,2,Physician Referral,No,Pending,,,Private Room,$168.00 ,$50.00 
4/24/2024,2502,5,4,1,5,1,Outpatient,$926.00 ,$173.00 ,5/12/2024,1,Self-Referral,Yes,Pending,,,N/A,$769.30 , $-   
4/24/2024,552,5,2,4,2,2,Outpatient,$619.00 ,$123.00 ,5/13/2024,2,Physician Referral,Yes,Pending,,,N/A,$519.40 , $-   
4/24/2024,3137,5,1,3,3,2,Outpatient,$641.00 ,$30.00 ,5/22/2024,1,Physician Referral,Yes,Paid,,,N/A,$469.70 , $-   
4/24/2024,2694,5,2,5,2,3,Outpatient,$810.00 ,$44.00 ,,2,Self-Referral,No,Paid,,,Private Room,$632.80 ,$50.00 
4/24/2024,2390,5,5,4,4,2,Outpatient,$902.00 ,$59.00 ,5/8/2024,1,Physician Referral,Yes,Paid,,,N/A,$672.70 , $-   
4/24/2024,3315,5,5,5,4,3,Outpatient,$290.00 ,$44.00 ,,2,Self-Referral,Yes,Paid,,,Private Room,$268.80 ,$50.00 
4/24/2024,1154,5,5,2,2,2,Outpatient,$979.00 ,$103.00 ,5/15/2024,1,Physician Referral,Yes,Paid,,,N/A,$757.40 , $-   
4/24/2024,184,5,4,3,5,3,Outpatient,$645.00 ,$125.00 ,5/7/2024,2,Self-Referral,Yes,Paid,,,N/A,$539.00 , $-   
4/25/2024,2732,5,3,1,1,1,Inpatient,$264.00 ,$138.00 ,,1,Emergency,No,Paid,,,Private Room,$316.40 ,$50.00 
4/25/2024,2513,5,2,4,2,2,Outpatient,$724.00 ,$127.00 ,5/8/2024,2,Physician Referral,Yes,Paid,,,N/A,$595.70 , $-   
4/25/2024,4059,5,3,1,2,1,Outpatient,$994.00 ,$93.00 ,,1,Physician Referral,No,Paid,,,General Ward,$767.90 ,$10.00 
4/25/2024,2860,5,1,5,1,2,Outpatient,$417.00 ,$199.00 ,5/18/2024,2,Physician Referral,Yes,Paid,,,N/A,$431.20 , $-   
4/25/2024,1024,5,1,5,3,2,Outpatient,$795.00 ,$132.00 ,5/20/2024,1,Physician Referral,No,Paid,,,N/A,$648.90 , $-   
4/25/2024,283,5,2,2,2,2,Outpatient,$903.00 ,$150.00 ,5/4/2024,2,Physician Referral,Yes,Paid,,,N/A,$737.10 , $-   
4/25/2024,2296,5,5,5,4,3,Outpatient,$539.00 ,$58.00 ,,1,Self-Referral,Yes,Paid,,,General Ward,$424.90 ,$10.00 
4/25/2024,4744,5,1,5,2,3,Outpatient,$355.00 ,$110.00 ,5/8/2024,2,Physician Referral,No,Paid,,,N/A,$325.50 , $-   
4/25/2024,1153,5,3,1,3,1,Outpatient,$897.00 ,$182.00 ,,1,Self-Referral,Yes,Paid,,,Semi-Private Room,$776.30 ,$30.00 
4/25/2024,2128,5,3,1,1,1,Outpatient,$55.00 ,$187.00 ,5/13/2024,2,Emergency,Yes,Paid,,,N/A,$169.40 , $-   
4/26/2024,1816,5,4,4,5,2,Outpatient,$184.00 ,$41.00 ,5/16/2024,1,Emergency,No,Paid,,,N/A,$157.50 , $-   
4/26/2024,2678,5,5,4,5,1,Inpatient,$182.00 ,$38.00 ,,2,Self-Referral,No,Paid,,,General Ward,$161.00 ,$10.00 
4/26/2024,3428,5,4,5,5,2,Outpatient,$791.00 ,$33.00 ,5/4/2024,1,Emergency,No,Paid,,,N/A,$576.80 , $-   
4/26/2024,3020,5,2,3,2,2,Outpatient,$261.00 ,$128.00 ,5/9/2024,2,Self-Referral,Yes,Paid,,,N/A,$272.30 , $-   
4/26/2024,1338,5,1,4,4,2,Emergency,$862.00 ,$197.00 ,,1,Physician Referral,Yes,Paid,,,General Ward,$748.30 ,$10.00 
4/26/2024,3272,5,4,5,5,3,Inpatient,$444.00 ,$62.00 ,,2,Self-Referral,No,Paid,,,Semi-Private Room,$375.20 ,$30.00 
4/26/2024,2713,5,4,1,5,1,Inpatient,$716.00 ,$74.00 ,,1,Emergency,No,Paid,,,Private Room,$588.00 ,$50.00 
4/26/2024,1476,5,2,2,2,3,Outpatient,$480.00 ,$187.00 ,5/18/2024,2,Self-Referral,No,Paid,,,N/A,$466.90 , $-   
4/26/2024,4527,5,3,1,2,2,Inpatient,$113.00 ,$31.00 ,,1,Emergency,Yes,Paid,,,Semi-Private Room,$121.80 ,$30.00 
4/26/2024,2481,5,3,1,4,2,Inpatient,$75.00 ,$181.00 ,,2,Self-Referral,Yes,Paid,,,Private Room,$214.20 ,$50.00 
4/27/2024,439,5,2,2,2,3,Outpatient,$136.00 ,$127.00 ,5/12/2024,1,Emergency,No,Paid,,,N/A,$184.10 , $-   
4/27/2024,1898,5,3,1,5,1,Inpatient,$973.00 ,$102.00 ,,2,Physician Referral,No,Paid,,,Private Room,$787.50 ,$50.00 
4/27/2024,1360,5,2,4,2,3,Outpatient,$105.00 ,$42.00 ,,1,Self-Referral,No,Paid,,,Private Room,$137.90 ,$50.00 
4/27/2024,426,5,3,1,3,3,Outpatient,$749.00 ,$154.00 ,5/4/2024,2,Physician Referral,No,Paid,,,N/A,$632.10 , $-   
4/27/2024,3490,5,2,2,2,1,Inpatient,$769.00 ,$165.00 ,,1,Physician Referral,Yes,Paid,,,Semi-Private Room,$674.80 ,$30.00 
4/27/2024,294,5,3,5,4,2,Outpatient,$670.00 ,$155.00 ,5/15/2024,2,Physician Referral,No,Paid,,,N/A,$577.50 , $-   
4/27/2024,1008,5,4,5,5,1,Outpatient,$187.00 ,$108.00 ,,1,Emergency,No,Paid,,,General Ward,$213.50 ,$10.00 
4/27/2024,2332,5,4,5,5,1,Emergency,$272.00 ,$61.00 ,,2,Emergency,Yes,Paid,,,Semi-Private Room,$254.10 ,$30.00 
4/27/2024,3929,5,3,2,1,3,Outpatient,$618.00 ,$112.00 ,5/5/2024,1,Physician Referral,No,Paid,,,N/A,$511.00 , $-   
4/27/2024,3224,5,2,2,2,2,Emergency,$658.00 ,$112.00 ,,2,Self-Referral,No,Paid,,,General Ward,$546.00 ,$10.00 
4/28/2024,1803,5,4,4,5,2,Outpatient,$323.00 ,$20.00 ,5/26/2024,1,Emergency,Yes,Paid,,,N/A,$240.10 , $-   
4/28/2024,677,5,1,2,1,2,Inpatient,$310.00 ,$98.00 ,,2,Emergency,No,Paid,,,Private Room,$320.60 ,$50.00 
4/28/2024,2726,5,3,5,2,3,Outpatient,$964.00 ,$162.00 ,,1,Physician Referral,No,Paid,,,General Ward,$795.20 ,$10.00 
4/28/2024,2380,5,1,2,2,3,Outpatient,$571.00 ,$175.00 ,5/22/2024,2,Emergency,No,Paid,,,N/A,$522.20 , $-   
4/28/2024,4128,5,1,3,2,1,Outpatient,$746.00 ,$183.00 ,5/18/2024,1,Self-Referral,Yes,Paid,,,N/A,$650.30 , $-   
4/28/2024,4683,5,5,1,4,1,Inpatient,$635.00 ,$125.00 ,,2,Emergency,No,Paid,,,Semi-Private Room,$553.00 ,$30.00 
4/28/2024,4570,5,1,4,4,3,Outpatient,$249.00 ,$65.00 ,,1,Emergency,Yes,Paid,,,Private Room,$254.80 ,$50.00 
4/28/2024,3805,5,1,5,1,1,Outpatient,$877.00 ,$40.00 ,,2,Self-Referral,Yes,Paid,,,General Ward,$648.90 ,$10.00 
4/28/2024,3291,5,5,5,5,3,Outpatient,$885.00 ,$196.00 ,5/16/2024,1,Self-Referral,Yes,Paid,,,N/A,$756.70 , $-   
4/28/2024,47,5,5,3,1,1,Outpatient,$815.00 ,$186.00 ,5/22/2024,2,Emergency,No,Paid,,,N/A,$700.70 , $-   
4/29/2024,2832,5,5,4,5,2,Inpatient,$362.00 ,$57.00 ,,1,Self-Referral,Yes,Paid,,,Semi-Private Room,$314.30 ,$30.00 
4/29/2024,4601,5,2,1,2,3,Inpatient,$472.00 ,$28.00 ,,2,Emergency,Yes,Paid,,,Private Room,$385.00 ,$50.00 
4/29/2024,4618,5,5,4,4,1,Outpatient,$206.00 ,$39.00 ,,1,Self-Referral,No,Paid,,,General Ward,$178.50 ,$10.00 
4/29/2024,1667,5,2,4,2,3,Outpatient,$256.00 ,$103.00 ,5/10/2024,2,Physician Referral,Yes,Paid,,,N/A,$251.30 , $-   
4/29/2024,4788,5,3,5,3,3,Outpatient,$254.00 ,$27.00 ,,1,Emergency,Yes,Paid,,,Semi-Private Room,$217.70 ,$30.00 
4/29/2024,2880,5,2,2,2,1,Outpatient,$986.00 ,$33.00 ,5/12/2024,2,Physician Referral,Yes,Paid,,,N/A,$713.30 , $-   
4/29/2024,2374,5,3,1,1,1,Outpatient,$405.00 ,$81.00 ,5/9/2024,1,Emergency,No,Paid,,,N/A,$340.20 , $-   
4/29/2024,274,5,5,4,3,3,Emergency,$659.00 ,$182.00 ,,2,Self-Referral,Yes,Paid,,,Semi-Private Room,$609.70 ,$30.00 
4/29/2024,3910,5,5,3,1,3,Outpatient,$222.00 ,$74.00 ,5/18/2024,1,Physician Referral,Yes,Paid,,,N/A,$207.20 , $-   
4/29/2024,3377,5,3,5,2,1,Outpatient,$362.00 ,$64.00 ,5/21/2024,2,Emergency,No,Paid,,,N/A,$298.20 , $-   
4/30/2024,548,5,4,2,5,2,Inpatient,$955.00 ,$168.00 ,,1,Self-Referral,No,Paid,,,General Ward,$793.10 ,$10.00 
4/30/2024,1014,5,2,2,2,2,Outpatient,$700.00 ,$72.00 ,,2,Self-Referral,Yes,Paid,,,Semi-Private Room,$561.40 ,$30.00 
4/30/2024,1746,5,1,5,2,2,Emergency,$869.00 ,$105.00 ,,1,Physician Referral,No,Paid,,,Semi-Private Room,$702.80 ,$30.00 
4/30/2024,3318,5,5,4,2,3,Emergency,$236.00 ,$190.00 ,,2,Emergency,Yes,Paid,,,General Ward,$305.20 ,$10.00 
4/30/2024,2425,5,2,5,2,2,Outpatient,$678.00 ,$25.00 ,,1,Physician Referral,No,Paid,,,Semi-Private Room,$513.10 ,$30.00 
4/30/2024,1236,5,2,2,2,3,Inpatient,$348.00 ,$63.00 ,,2,Emergency,Yes,Paid,,,Semi-Private Room,$308.70 ,$30.00 
4/30/2024,4890,5,5,2,2,1,Emergency,$179.00 ,$110.00 ,,1,Self-Referral,No,Paid,,,Semi-Private Room,$223.30 ,$30.00 
4/30/2024,4078,5,3,3,2,2,Outpatient,$549.00 ,$23.00 ,5/28/2024,2,Self-Referral,Yes,Paid,,,N/A,$400.40 , $-   
4/30/2024,3906,5,5,3,3,1,Emergency,$808.00 ,$140.00 ,,1,Self-Referral,Yes,Paid,,,Semi-Private Room,$684.60 ,$30.00 
4/30/2024,4384,5,2,2,2,2,Emergency,$193.00 ,$82.00 ,,2,Emergency,No,Paid,,,Private Room,$227.50 ,$50.00 
5/1/2024,4356,5,4,3,5,2,Outpatient,$84.00 ,$111.00 ,,1,Emergency,No,Paid,,,General Ward,$143.50 ,$10.00 
5/1/2024,1568,5,3,3,3,1,Emergency,$456.00 ,$100.00 ,,2,Self-Referral,No,Paid,,,General Ward,$396.20 ,$10.00 
5/1/2024,2501,5,5,3,5,1,Outpatient,$298.00 ,$57.00 ,,1,Emergency,No,Paid,,,General Ward,$255.50 ,$10.00 
5/1/2024,604,5,1,2,2,3,Outpatient,$577.00 ,$71.00 ,,2,Emergency,No,Paid,,,Private Room,$488.60 ,$50.00 
5/1/2024,2057,5,5,4,2,1,Outpatient,$489.00 ,$176.00 ,5/23/2024,1,Self-Referral,Yes,Paid,,,N/A,$465.50 , $-   
5/1/2024,3264,5,2,4,2,3,Emergency,$436.00 ,$187.00 ,,2,Self-Referral,Yes,Paid,,,General Ward,$443.10 ,$10.00 
5/1/2024,464,5,2,1,2,3,Outpatient,$804.00 ,$27.00 ,5/26/2024,1,Emergency,No,Paid,,,N/A,$581.70 , $-   
5/1/2024,2204,5,1,3,5,1,Inpatient,$876.00 ,$124.00 ,,2,Emergency,Yes,Paid,,,Private Room,$735.00 ,$50.00 
5/1/2024,2253,5,3,4,3,2,Outpatient,$413.00 ,$182.00 ,5/11/2024,1,Physician Referral,Yes,Paid,,,N/A,$416.50 , $-   
5/1/2024,2590,5,2,1,2,2,Outpatient,$806.00 ,$134.00 ,5/27/2024,2,Emergency,No,Paid,,,N/A,$658.00 , $-   
5/2/2024,4568,5,3,5,1,2,Outpatient,$658.00 ,$142.00 ,5/28/2024,1,Physician Referral,Yes,Paid,,,N/A,$560.00 , $-   
5/2/2024,988,5,3,3,5,1,Outpatient,$185.00 ,$35.00 ,,2,Emergency,No,Paid,,,Private Room,$189.00 ,$50.00 
5/2/2024,4564,5,5,4,2,2,Emergency,$386.00 ,$37.00 ,,1,Physician Referral,Yes,Paid,,,General Ward,$303.10 ,$10.00 
5/2/2024,2919,5,3,4,4,3,Inpatient,$207.00 ,$53.00 ,,2,Physician Referral,Yes,Paid,,,General Ward,$189.00 ,$10.00 
5/2/2024,1325,5,2,4,2,1,Inpatient,$62.00 ,$151.00 ,,1,Self-Referral,No,Paid,,,General Ward,$156.10 ,$10.00 
5/2/2024,2838,5,2,1,2,3,Inpatient,$466.00 ,$146.00 ,,2,Emergency,Yes,Paid,,,General Ward,$435.40 ,$10.00 
5/2/2024,3470,5,4,5,5,2,Emergency,$239.00 ,$80.00 ,,1,Self-Referral,No,Paid,,,Semi-Private Room,$244.30 ,$30.00 
5/2/2024,2019,5,3,3,3,2,Outpatient,$494.00 ,$65.00 ,5/9/2024,2,Self-Referral,Yes,Paid,,,N/A,$391.30 , $-   
5/2/2024,2309,5,4,4,5,2,Outpatient,$73.00 ,$168.00 ,5/21/2024,1,Emergency,Yes,Paid,,,N/A,$168.70 , $-   
5/2/2024,4522,5,5,2,3,3,Outpatient,$364.00 ,$96.00 ,5/28/2024,2,Self-Referral,Yes,Paid,,,N/A,$322.00 , $-   
5/3/2024,4958,5,4,3,5,2,Inpatient,$416.00 ,$142.00 ,,1,Self-Referral,No,Paid,,,General Ward,$397.60 ,$10.00 
5/3/2024,3624,5,3,2,2,3,Emergency,$685.00 ,$185.00 ,,2,Self-Referral,No,Paid,,,General Ward,$616.00 ,$10.00 
5/3/2024,3316,5,2,1,2,1,Outpatient,$637.00 ,$92.00 ,5/29/2024,1,Self-Referral,Yes,Paid,,,N/A,$510.30 , $-   
5/3/2024,3546,5,5,4,5,1,Inpatient,$504.00 ,$105.00 ,,2,Physician Referral,No,Paid,,,General Ward,$433.30 ,$10.00 
5/3/2024,710,5,3,3,5,1,Inpatient,$373.00 ,$100.00 ,,1,Emergency,No,Paid,,,Private Room,$366.10 ,$50.00 
5/3/2024,2989,5,5,3,3,2,Emergency,$231.00 ,$183.00 ,,2,Emergency,No,Paid,,,Private Room,$324.80 ,$50.00 
5/3/2024,1129,5,1,4,4,3,Outpatient,$819.00 ,$153.00 ,5/31/2024,1,Self-Referral,Yes,Paid,,,N/A,$680.40 , $-   
5/3/2024,2352,5,3,5,1,2,Outpatient,$188.00 ,$186.00 ,5/18/2024,2,Emergency,No,Paid,,,N/A,$261.80 , $-   
5/3/2024,165,5,1,1,2,1,Inpatient,$73.00 ,$176.00 ,,1,Physician Referral,No,Paid,,,Private Room,$209.30 ,$50.00 
5/3/2024,428,5,4,4,5,1,Outpatient,$415.00 ,$174.00 ,5/19/2024,2,Self-Referral,No,Paid,,,N/A,$412.30 , $-   
5/4/2024,3807,5,3,3,5,2,Outpatient,$242.00 ,$88.00 ,5/16/2024,1,Self-Referral,No,Paid,,,N/A,$231.00 , $-   
5/4/2024,3090,5,1,5,2,2,Outpatient,$805.00 ,$156.00 ,,2,Self-Referral,No,Paid,,,Semi-Private Room,$693.70 ,$30.00 
5/4/2024,801,5,2,3,2,2,Inpatient,$286.00 ,$171.00 ,,1,Physician Referral,No,Paid,,,General Ward,$326.90 ,$10.00 
5/4/2024,1852,5,4,2,5,3,Outpatient,$632.00 ,$166.00 ,6/1/2024,2,Emergency,No,Paid,,,N/A,$558.60 , $-   
5/4/2024,271,5,3,3,5,2,Outpatient,$464.00 ,$116.00 ,5/17/2024,1,Physician Referral,No,Paid,,,N/A,$406.00 , $-   
5/4/2024,3299,5,3,1,4,1,Inpatient,$138.00 ,$142.00 ,,2,Emergency,No,Paid,,,General Ward,$203.00 ,$10.00 
5/4/2024,2558,5,2,4,2,1,Outpatient,$486.00 ,$177.00 ,,1,Physician Referral,No,Paid,,,General Ward,$471.10 ,$10.00 
5/4/2024,998,5,2,3,2,3,Outpatient,$562.00 ,$187.00 ,,2,Physician Referral,Yes,Paid,,,Semi-Private Room,$545.30 ,$30.00 
5/4/2024,394,5,1,2,4,2,Outpatient,$143.00 ,$138.00 ,6/2/2024,1,Self-Referral,Yes,Paid,,,N/A,$196.70 , $-   
5/4/2024,3951,5,1,2,4,3,Outpatient,$197.00 ,$51.00 ,5/26/2024,2,Self-Referral,Yes,Paid,,,N/A,$173.60 , $-   
5/5/2024,714,5,1,4,1,2,Outpatient,$944.00 ,$132.00 ,,1,Self-Referral,Yes,Paid,,,Private Room,$788.20 ,$50.00 
5/5/2024,90,5,5,2,4,1,Outpatient,$633.00 ,$84.00 ,,2,Physician Referral,Yes,Paid,,,General Ward,$508.90 ,$10.00 
5/5/2024,159,5,4,4,5,2,Outpatient,$117.00 ,$181.00 ,,1,Physician Referral,No,Paid,,,General Ward,$215.60 ,$10.00 
5/5/2024,2366,5,3,1,3,2,Outpatient,$111.00 ,$104.00 ,,2,Emergency,No,Paid,,,General Ward,$157.50 ,$10.00 
5/5/2024,313,5,4,4,5,1,Outpatient,$58.00 ,$178.00 ,5/28/2024,1,Physician Referral,No,Paid,,,N/A,$165.20 , $-   
5/5/2024,465,5,2,5,2,1,Inpatient,$471.00 ,$78.00 ,,2,Emergency,No,Paid,,,Private Room,$419.30 ,$50.00 
5/5/2024,4109,5,4,2,5,1,Emergency,$759.00 ,$45.00 ,,1,Self-Referral,Yes,Paid,,,Semi-Private Room,$583.80 ,$30.00 
5/5/2024,3876,5,4,2,5,2,Outpatient,$156.00 ,$169.00 ,5/12/2024,2,Self-Referral,Yes,Paid,,,N/A,$227.50 , $-   
5/5/2024,2855,5,1,3,3,3,Emergency,$841.00 ,$181.00 ,,1,Physician Referral,No,Paid,,,Private Room,$750.40 ,$50.00 
5/5/2024,651,5,2,5,2,2,Outpatient,$655.00 ,$140.00 ,5/20/2024,2,Emergency,No,Paid,,,N/A,$556.50 , $-   
5/6/2024,950,5,4,3,5,3,Outpatient,$196.00 ,$32.00 ,5/26/2024,1,Emergency,Yes,Paid,,,N/A,$159.60 , $-   
5/6/2024,1549,5,3,4,4,2,Outpatient,$141.00 ,$74.00 ,5/27/2024,2,Self-Referral,No,Paid,,,N/A,$150.50 , $-   
5/6/2024,835,5,1,1,2,2,Inpatient,$95.00 ,$155.00 ,,1,Physician Referral,No,Paid,,,Private Room,$210.00 ,$50.00 
5/6/2024,1726,5,4,2,5,2,Outpatient,$902.00 ,$169.00 ,5/16/2024,2,Emergency,Yes,Paid,,,N/A,$749.70 , $-   
5/6/2024,1403,5,2,1,2,2,Outpatient,$878.00 ,$75.00 ,,1,Emergency,No,Paid,,,General Ward,$674.10 ,$10.00 
5/6/2024,80,5,3,4,1,3,Outpatient,$908.00 ,$103.00 ,5/20/2024,2,Emergency,No,Paid,,,N/A,$707.70 , $-   
5/6/2024,1641,5,2,4,2,2,Outpatient,$163.00 ,$168.00 ,5/27/2024,1,Self-Referral,No,Paid,,,N/A, $-   , $-   
5/6/2024,391,5,2,5,2,1,Outpatient,$271.00 ,$117.00 ,6/3/2024,2,Physician Referral,Yes,Paid,,,N/A, $-   , $-   
5/6/2024,1424,5,2,3,2,1,Inpatient,$166.00 ,$196.00 ,,1,Emergency,Yes,Paid,,,General Ward,$260.40 ,$10.00 
5/6/2024,174,5,5,2,5,2,Outpatient,$470.00 ,$113.00 ,,2,Physician Referral,Yes,Paid,,,Semi-Private Room,$429.10 ,$30.00 
5/7/2024,4544,5,3,2,5,3,Outpatient,$613.00 ,$153.00 ,5/17/2024,1,Emergency,Yes,Paid,,,N/A,$536.20 , $-   
5/7/2024,983,1,2,1,2,1,Inpatient,$547.00 ,$54.00 ,,2,Self-Referral,Yes,Paid,,,Semi-Private Room,$441.70 ,$30.00 
5/7/2024,2272,2,5,5,2,1,Outpatient,$492.00 ,$174.00 ,6/1/2024,1,Physician Referral,Yes,Paid,,,N/A, $-   , $-   
5/7/2024,2619,1,1,4,5,1,Outpatient,$741.00 ,$145.00 ,5/16/2024,2,Emergency,Yes,Paid,,,N/A, $-   , $-   
5/7/2024,592,1,5,5,2,2,Outpatient,$603.00 ,$132.00 ,5/21/2024,1,Self-Referral,No,Paid,,,N/A,$514.50 , $-   
5/7/2024,1459,4,1,2,2,1,Outpatient,$262.00 ,$187.00 ,5/15/2024,2,Self-Referral,Yes,Paid,,,N/A,$314.30 , $-   
5/7/2024,2947,3,5,3,4,3,Inpatient,$160.00 ,$33.00 ,,1,Self-Referral,No,Paid,,,General Ward,$142.10 ,$10.00 
5/7/2024,4057,5,2,1,2,3,Outpatient,$857.00 ,$93.00 ,6/4/2024,2,Emergency,Yes,Paid,,,N/A,$665.00 , $-   
5/7/2024,3465,5,5,4,5,3,Outpatient,$98.00 ,$71.00 ,,1,Self-Referral,No,Paid,,,Private Room,$153.30 ,$50.00 
5/7/2024,4832,3,5,4,1,1,Outpatient,$915.00 ,$125.00 ,5/21/2024,2,Self-Referral,No,Paid,,,N/A,$728.00 , $-   
5/8/2024,3848,3,2,4,2,1,Outpatient,$196.00 ,$59.00 ,5/22/2024,1,Self-Referral,Yes,Paid,,,N/A, $-   , $-   
5/8/2024,3724,2,1,3,2,3,Outpatient,$75.00 ,$62.00 ,5/31/2024,2,Self-Referral,No,Paid,,,N/A, $-   , $-   
5/8/2024,390,3,2,2,2,1,Outpatient,$762.00 ,$131.00 ,5/30/2024,1,Self-Referral,Yes,Paid,,,N/A,$625.10 , $-   
5/8/2024,2896,2,3,2,2,3,Outpatient,$408.00 ,$22.00 ,5/30/2024,2,Emergency,No,Paid,,,N/A,$301.00 , $-   
5/8/2024,3927,3,5,5,5,2,Inpatient,$979.00 ,$162.00 ,,1,Physician Referral,No,Paid,,,General Ward,$805.70 ,$10.00 
5/8/2024,3226,2,3,5,3,2,Inpatient,$930.00 ,$192.00 ,,2,Emergency,No,Paid,,,General Ward,$792.40 ,$10.00 
5/8/2024,1931,3,2,2,2,2,Outpatient,$126.00 ,$114.00 ,5/30/2024,1,Emergency,Yes,Paid,,,N/A,$168.00 , $-   
5/8/2024,182,3,2,4,2,1,Emergency,$797.00 ,$158.00 ,,2,Emergency,No,Paid,,,General Ward,$675.50 ,$10.00 
5/8/2024,2405,5,4,3,5,2,Inpatient,$652.00 ,$186.00 ,,1,Physician Referral,No,Paid,,,General Ward, $-   ,$10.00 
5/8/2024,376,1,3,2,2,2,Outpatient,$529.00 ,$38.00 ,5/21/2024,2,Physician Referral,Yes,Paid,,,N/A, $-   , $-   
5/9/2024,377,1,4,3,5,3,Outpatient,$512.00 ,$167.00 ,5/30/2024,1,Self-Referral,Yes,Paid,,,N/A,$475.30 , $-   
5/9/2024,4127,2,3,1,3,3,Outpatient,$100.00 ,$75.00 ,6/1/2024,2,Physician Referral,No,Paid,,,N/A,$122.50 , $-   
5/9/2024,2934,4,4,4,5,3,Outpatient,$696.00 ,$97.00 ,5/18/2024,1,Emergency,Yes,Paid,,,N/A,$555.10 , $-   
5/9/2024,4374,5,4,1,5,2,Inpatient,$322.00 ,$137.00 ,,2,Self-Referral,Yes,Paid,,,Semi-Private Room,$342.30 ,$30.00 
5/9/2024,4053,3,3,2,1,3,Inpatient,$865.00 ,$151.00 ,,1,Physician Referral,Yes,Paid,,,Semi-Private Room,$732.20 ,$30.00 
5/9/2024,2187,5,2,5,2,2,Outpatient,$228.00 ,$28.00 ,,2,Emergency,Yes,Paid,,,Semi-Private Room,$200.20 ,$30.00 
5/9/2024,1683,4,1,2,1,1,Inpatient,$183.00 ,$172.00 ,,1,Self-Referral,No,Paid,,,Private Room,$283.50 ,$50.00 
5/9/2024,3952,5,2,1,3,2,Outpatient,$928.00 ,$194.00 ,5/16/2024,2,Self-Referral,Yes,Paid,,,N/A,$785.40 , $-   
5/9/2024,853,5,1,3,5,3,Outpatient,$795.00 ,$68.00 ,5/23/2024,1,Self-Referral,No,Paid,,,N/A,$604.10 , $-   
5/9/2024,183,4,3,2,5,3,Outpatient,$720.00 ,$174.00 ,5/22/2024,2,Emergency,Yes,Paid,,,N/A,$625.80 , $-   
5/10/2024,582,5,5,5,4,3,Outpatient,$902.00 ,$47.00 ,6/3/2024,1,Self-Referral,Yes,Paid,,,N/A,$664.30 , $-   
5/10/2024,2835,5,2,1,1,3,Inpatient,$329.00 ,$35.00 ,,2,Emergency,Yes,Paid,,,Private Room,$289.80 ,$50.00 
5/10/2024,2118,4,4,2,5,1,Outpatient,$426.00 ,$106.00 ,,1,Physician Referral,No,Paid,,,General Ward,$379.40 ,$10.00 
5/10/2024,1143,5,2,1,3,1,Outpatient,$783.00 ,$193.00 ,6/8/2024,2,Self-Referral,No,Paid,,,N/A,$683.20 , $-   
5/10/2024,2936,5,3,1,5,2,Inpatient,$894.00 ,$193.00 ,,1,Physician Referral,No,Paid,,,Semi-Private Room,$781.90 ,$30.00 
5/10/2024,1349,4,5,4,5,3,Outpatient,$741.00 ,$187.00 ,,2,Self-Referral,No,Paid,,,Semi-Private Room,$670.60 ,$30.00 
5/10/2024,3809,5,5,3,2,1,Outpatient,$856.00 ,$102.00 ,5/21/2024,1,Self-Referral,Yes,Paid,,,N/A,$670.60 , $-   
5/10/2024,1957,5,2,4,2,1,Inpatient,$473.00 ,$53.00 ,,2,Self-Referral,No,Paid,,,Private Room,$403.20 ,$50.00 
5/10/2024,1383,4,2,1,4,1,Outpatient,$844.00 ,$157.00 ,5/31/2024,1,Emergency,Yes,Paid,,,N/A,$700.70 , $-   
5/10/2024,1010,5,2,5,4,3,Emergency,$412.00 ,$20.00 ,,2,Physician Referral,No,Paid,,,Private Room,$337.40 ,$50.00 
5/11/2024,10,5,3,5,3,1,Inpatient,$886.00 ,$85.00 ,,1,Self-Referral,Yes,Paid,,,General Ward,$686.70 ,$10.00 
5/11/2024,3416,4,1,4,4,3,Outpatient,$331.00 ,$134.00 ,5/24/2024,2,Self-Referral,No,Paid,,,N/A,$325.50 , $-   
5/11/2024,3693,5,1,5,5,1,Outpatient,$314.00 ,$164.00 ,5/27/2024,1,Emergency,Yes,Paid,,,N/A,$334.60 , $-   
5/11/2024,3372,5,4,1,5,1,Outpatient,$554.00 ,$66.00 ,6/2/2024,2,Self-Referral,Yes,Paid,,,N/A,$434.00 , $-   
5/11/2024,3362,4,3,2,5,3,Emergency,$496.00 ,$43.00 ,,1,Emergency,No,Paid,,,Semi-Private Room,$398.30 ,$30.00 
5/11/2024,4389,5,5,1,3,3,Outpatient,$455.00 ,$197.00 ,6/9/2024,2,Self-Referral,No,Paid,,,N/A,$456.40 , $-   
5/11/2024,4197,5,4,2,5,3,Emergency,$136.00 ,$123.00 ,,1,Physician Referral,Yes,Paid,,,Semi-Private Room,$202.30 ,$30.00 
5/11/2024,2119,4,5,5,3,1,Outpatient,$852.00 ,$48.00 ,5/19/2024,2,Emergency,Yes,Paid,,,N/A,$630.00 , $-   
5/11/2024,1082,5,5,3,5,2,Inpatient,$937.00 ,$91.00 ,,1,Emergency,No,Paid,,,Private Room,$754.60 ,$50.00 
5/11/2024,3682,5,2,3,4,2,Outpatient,$640.00 ,$105.00 ,6/4/2024,2,Self-Referral,Yes,Paid,,,N/A,$521.50 , $-   
5/12/2024,2872,4,5,1,4,3,Outpatient,$60.00 ,$123.00 ,6/2/2024,1,Physician Referral,No,Paid,,,N/A,$128.10 , $-   
5/12/2024,4077,5,5,1,2,3,Inpatient,$772.00 ,$160.00 ,,2,Self-Referral,Yes,Paid,,,General Ward,$659.40 ,$10.00 
5/12/2024,2914,5,3,5,4,2,Inpatient,$761.00 ,$175.00 ,,1,Emergency,No,Paid,,,Private Room,$690.20 ,$50.00 
5/12/2024,2649,4,2,3,4,2,Outpatient,$233.00 ,$152.00 ,6/10/2024,2,Self-Referral,No,Paid,,,N/A,$269.50 , $-   
5/12/2024,2530,5,2,3,4,3,Inpatient,$497.00 ,$93.00 ,,1,Physician Referral,No,Paid,,,Semi-Private Room,$434.00 ,$30.00 
5/12/2024,555,5,4,1,5,3,Outpatient,$393.00 ,$156.00 ,6/6/2024,2,Emergency,Yes,Paid,,,N/A,$384.30 , $-   
5/12/2024,4439,4,2,3,4,3,Emergency,$378.00 ,$161.00 ,,1,Physician Referral,No,Paid,,,Private Room,$412.30 ,$50.00 
5/12/2024,2593,5,1,1,2,2,Outpatient,$137.00 ,$121.00 ,,2,Physician Referral,No,Paid,,,Private Room,$215.60 ,$50.00 
5/12/2024,4301,5,3,4,2,2,Outpatient,$483.00 ,$157.00 ,6/7/2024,1,Emergency,No,Paid,,,N/A,$448.00 , $-   
5/12/2024,3396,4,4,3,5,2,Outpatient,$918.00 ,$180.00 ,6/1/2024,2,Physician Referral,No,Paid,,,N/A,$768.60 , $-   
5/13/2024,1831,5,1,2,4,3,Inpatient,$292.00 ,$94.00 ,,1,Self-Referral,No,Paid,,,General Ward,$277.20 ,$10.00 
5/13/2024,2812,5,5,5,4,1,Emergency,$769.00 ,$59.00 ,,2,Emergency,Yes,Paid,,,General Ward,$586.60 ,$10.00 
5/13/2024,1558,4,1,1,1,2,Emergency,$186.00 ,$153.00 ,,1,Physician Referral,Yes,Paid,,,General Ward,$244.30 ,$10.00 
5/13/2024,1106,5,4,3,5,1,Emergency,$346.00 ,$36.00 ,,2,Physician Referral,Yes,Paid,,,Private Room,$302.40 ,$50.00 
5/13/2024,4511,5,2,3,4,1,Outpatient,$891.00 ,$183.00 ,6/11/2024,1,Self-Referral,No,Paid,,,N/A,$751.80 , $-   
5/13/2024,3579,4,3,1,2,2,Outpatient,$60.00 ,$89.00 ,5/21/2024,2,Self-Referral,Yes,Paid,,,N/A,$104.30 , $-   
5/13/2024,817,5,4,2,1,2,Inpatient,$717.00 ,$80.00 ,,1,Self-Referral,No,Paid,,,Semi-Private Room,$578.90 ,$30.00 
5/13/2024,1369,5,1,3,2,2,Outpatient,$800.00 ,$130.00 ,6/6/2024,2,Self-Referral,Yes,Paid,,,N/A,$651.00 , $-   
5/13/2024,3650,4,1,4,4,3,Outpatient,$508.00 ,$196.00 ,,1,Physician Referral,Yes,Paid,,,Private Room,$527.80 ,$50.00 
5/13/2024,269,5,4,5,3,1,Emergency,$653.00 ,$102.00 ,,2,Physician Referral,Yes,Paid,,,General Ward,$535.50 ,$10.00 
5/14/2024,727,5,4,1,3,1,Outpatient,$547.00 ,$43.00 ,,1,Physician Referral,Yes,Paid,,,General Ward,$420.00 ,$10.00 
5/14/2024,4330,4,4,3,3,1,Outpatient,$317.00 ,$70.00 ,5/29/2024,2,Emergency,No,Paid,,,N/A,$270.90 , $-   
5/14/2024,3446,5,2,5,4,1,Emergency,$811.00 ,$189.00 ,,1,Physician Referral,Yes,Paid,,,General Ward,$707.00 ,$10.00 
5/14/2024,2308,5,4,1,3,3,Outpatient,$285.00 ,$166.00 ,5/21/2024,2,Emergency,Yes,Paid,,,N/A,$315.70 , $-   
5/14/2024,200,4,5,1,1,2,Outpatient,$699.00 ,$81.00 ,6/5/2024,1,Physician Referral,No,Paid,,,N/A,$546.00 , $-   
5/14/2024,3887,5,3,1,3,2,Emergency,$114.00 ,$86.00 ,,2,Self-Referral,Yes,Paid,,,General Ward,$147.00 ,$10.00 
5/14/2024,881,5,3,2,3,3,Outpatient,$617.00 ,$49.00 ,6/1/2024,1,Physician Referral,Yes,Paid,,,N/A,$466.20 , $-   
5/14/2024,3409,4,5,4,3,2,Inpatient,$249.00 ,$126.00 ,,2,Emergency,No,Paid,,,Semi-Private Room,$283.50 ,$30.00 
5/14/2024,4012,5,1,1,5,1,Emergency,$547.00 ,$185.00 ,,1,Self-Referral,Yes,Paid,,,Semi-Private Room,$533.40 ,$30.00 
5/14/2024,1122,5,1,2,3,3,Outpatient,$475.00 ,$153.00 ,6/1/2024,2,Physician Referral,Yes,Paid,,,N/A,$439.60 , $-   
5/15/2024,4163,4,1,1,2,3,Inpatient,$632.00 ,$130.00 ,,1,Emergency,No,Paid,,,General Ward,$540.40 ,$10.00 
5/15/2024,1576,5,1,1,5,1,Outpatient,$406.00 ,$169.00 ,6/9/2024,2,Physician Referral,No,Paid,,,N/A,$402.50 , $-   
5/15/2024,1872,5,2,2,4,3,Outpatient,$956.00 ,$140.00 ,5/31/2024,1,Self-Referral,Yes,Paid,,,N/A,$767.20 , $-   
5/15/2024,1003,4,5,4,1,1,Outpatient,$612.00 ,$30.00 ,6/10/2024,2,Emergency,Yes,Paid,,,N/A,$449.40 , $-   
5/15/2024,4183,5,3,5,5,3,Inpatient,$391.00 ,$91.00 ,,1,Self-Referral,Yes,Paid,,,Semi-Private Room,$358.40 ,$30.00 
5/15/2024,4703,5,5,3,1,2,Outpatient,$428.00 ,$110.00 ,5/26/2024,2,Emergency,No,Paid,,,N/A,$376.60 , $-   
5/15/2024,4622,4,3,1,5,1,Inpatient,$684.00 ,$48.00 ,,1,Self-Referral,No,Paid,,,Semi-Private Room,$533.40 ,$30.00 
5/15/2024,760,5,1,4,4,2,Outpatient,$812.00 ,$138.00 ,,2,Emergency,Yes,Paid,,,General Ward,$672.00 ,$10.00 
5/15/2024,1613,5,2,3,4,3,Outpatient,$285.00 ,$138.00 ,5/24/2024,1,Emergency,No,Paid,,,N/A,$296.10 , $-   
5/15/2024,4345,4,4,1,3,3,Outpatient,$581.00 ,$27.00 ,5/30/2024,2,Physician Referral,No,Paid,,,N/A,$425.60 , $-   
5/16/2024,4166,5,4,3,3,3,Inpatient,$825.00 ,$99.00 ,,1,Self-Referral,Yes,Paid,,,Semi-Private Room,$667.80 ,$30.00 
5/16/2024,2045,5,1,2,3,3,Outpatient,$453.00 ,$182.00 ,6/12/2024,2,Physician Referral,No,Paid,,,N/A,$444.50 , $-   
5/16/2024,2782,4,1,4,3,3,Outpatient,$948.00 ,$91.00 ,6/14/2024,1,Self-Referral,No,Paid,,,N/A,$727.30 , $-   
5/16/2024,1531,5,5,4,3,2,Outpatient,$646.00 ,$192.00 ,6/6/2024,2,Self-Referral,No,Paid,,,N/A,$586.60 , $-   
5/16/2024,3811,5,2,5,4,1,Outpatient,$454.00 ,$52.00 ,,1,Physician Referral,No,Paid,,,Semi-Private Room,$375.20 ,$30.00 
5/16/2024,2801,4,2,5,4,3,Outpatient,$713.00 ,$24.00 ,6/5/2024,2,Emergency,Yes,Paid,,,N/A,$515.90 , $-   
5/16/2024,4072,5,5,3,3,3,Inpatient,$127.00 ,$184.00 ,,1,Self-Referral,No,Paid,,,Semi-Private Room,$238.70 ,$30.00 
5/16/2024,4152,5,2,2,4,3,Emergency,$316.00 ,$164.00 ,,2,Emergency,Yes,Paid,,,Semi-Private Room,$357.00 ,$30.00 
5/16/2024,2533,4,2,3,4,2,Outpatient,$396.00 ,$41.00 ,6/2/2024,1,Self-Referral,Yes,Paid,,,N/A,$305.90 , $-   
5/16/2024,2793,5,4,1,3,3,Outpatient,$630.00 ,$97.00 ,6/4/2024,2,Physician Referral,Yes,Paid,,,N/A,$508.90 , $-   
5/17/2024,2532,5,2,4,4,3,Outpatient,$496.00 ,$179.00 ,,1,Emergency,Yes,Paid,,,General Ward,$479.50 ,$10.00 
5/17/2024,901,4,1,3,1,3,Inpatient,$248.00 ,$33.00 ,,2,Physician Referral,No,Paid,,,General Ward,$203.70 ,$10.00 
5/17/2024,1849,5,4,3,3,1,Outpatient,$567.00 ,$167.00 ,5/30/2024,1,Self-Referral,Yes,Paid,,,N/A,$513.80 , $-   
5/17/2024,3307,5,1,4,3,1,Inpatient,$704.00 ,$169.00 ,,2,Physician Referral,Yes,Paid,,,Private Room,$646.10 ,$50.00 
5/17/2024,1997,4,1,4,3,3,Outpatient,$127.00 ,$49.00 ,5/25/2024,1,Self-Referral,No,Paid,,,N/A,$123.20 , $-   
5/17/2024,1320,5,5,5,2,1,Outpatient,$521.00 ,$180.00 ,,2,Emergency,No,Paid,,,Semi-Private Room,$511.70 ,$30.00 
5/17/2024,1059,5,2,5,4,3,Outpatient,$655.00 ,$24.00 ,5/26/2024,1,Emergency,No,Paid,,,N/A,$475.30 , $-   
5/17/2024,3196,4,2,4,4,3,Emergency,$280.00 ,$37.00 ,,2,Physician Referral,Yes,Paid,,,General Ward,$228.90 ,$10.00 
5/17/2024,1629,5,2,3,4,1,Outpatient,$314.00 ,$82.00 ,6/12/2024,1,Physician Referral,Yes,Paid,,,N/A,$277.20 , $-   
5/17/2024,348,5,2,1,4,1,Outpatient,$239.00 ,$193.00 ,5/31/2024,2,Emergency,No,Paid,,,N/A,$302.40 , $-   
5/18/2024,4223,4,4,3,3,3,Inpatient,$747.00 ,$154.00 ,,1,Physician Referral,No,Paid,,,Private Room,$665.70 ,$50.00 
5/18/2024,247,5,3,1,3,1,Outpatient,$348.00 ,$176.00 ,5/25/2024,2,Physician Referral,Yes,Paid,,,N/A,$366.80 , $-   
5/18/2024,2283,5,1,4,3,1,Inpatient,$743.00 ,$76.00 ,,1,Emergency,No,Paid,,,General Ward,$580.30 ,$10.00 
5/18/2024,3486,4,3,1,3,1,Inpatient,$726.00 ,$194.00 ,,2,Self-Referral,No,Paid,,,Private Room,$679.00 ,$50.00 
5/18/2024,730,5,3,5,2,2,Outpatient,$157.00 ,$28.00 ,,1,Physician Referral,Yes,Paid,,,Semi-Private Room,$150.50 ,$30.00 
5/18/2024,2072,5,3,4,5,2,Outpatient,$645.00 ,$131.00 ,,2,Physician Referral,No,Paid,,,Private Room,$578.20 ,$50.00 
5/18/2024,3109,4,4,2,3,2,Outpatient,$479.00 ,$124.00 ,6/14/2024,1,Emergency,No,Paid,,,N/A,$422.10 , $-   
5/18/2024,2274,5,3,1,1,2,Inpatient,$301.00 ,$142.00 ,,2,Self-Referral,No,Paid,,,General Ward,$317.10 ,$10.00 
5/18/2024,3411,5,4,1,3,2,Outpatient,$203.00 ,$90.00 ,,1,Self-Referral,No,Paid,,,Semi-Private Room,$226.10 ,$30.00 
5/18/2024,1355,4,5,2,3,3,Outpatient,$760.00 ,$132.00 ,,2,Physician Referral,No,Paid,,,Private Room,$659.40 ,$50.00 
5/19/2024,3331,5,5,2,1,1,Outpatient,$343.00 ,$190.00 ,5/29/2024,1,Physician Referral,No,Paid,,,N/A,$373.10 , $-   
5/19/2024,3148,5,5,4,4,2,Emergency,$684.00 ,$78.00 ,,2,Self-Referral,Yes,Paid,,,Private Room,$568.40 ,$50.00 
5/19/2024,4405,4,4,3,3,1,Outpatient,$509.00 ,$25.00 ,6/7/2024,1,Physician Referral,Yes,Paid,,,N/A,$373.80 , $-   
5/19/2024,2943,5,4,2,3,3,Outpatient,$747.00 ,$129.00 ,6/8/2024,2,Self-Referral,No,Paid,,,N/A,$613.20 , $-   
5/19/2024,125,5,1,1,4,1,Inpatient,$327.00 ,$130.00 ,,1,Physician Referral,Yes,Paid,,,General Ward,$326.90 ,$10.00 
5/19/2024,453,4,3,2,2,1,Outpatient,$768.00 ,$72.00 ,6/3/2024,2,Physician Referral,No,Paid,,,N/A,$588.00 , $-   
5/19/2024,4256,5,2,4,4,3,Inpatient,$540.00 ,$83.00 ,,1,Emergency,Yes,Paid,,,General Ward,$443.10 ,$10.00 
5/19/2024,1917,5,2,4,4,3,Outpatient,$166.00 ,$23.00 ,5/28/2024,2,Self-Referral,No,Paid,,,N/A,$132.30 , $-   
5/19/2024,1158,4,3,1,5,1,Outpatient,$203.00 ,$20.00 ,6/8/2024,1,Self-Referral,Yes,Paid,,,N/A,$156.10 , $-   
5/19/2024,3275,5,2,1,4,1,Inpatient,$555.00 ,$89.00 ,,2,Physician Referral,No,Paid,,,Private Room,$485.80 ,$50.00 
5/20/2024,4233,5,2,1,4,3,Outpatient,$205.00 ,$50.00 ,5/30/2024,1,Emergency,No,Paid,,,N/A,$178.50 , $-   
5/20/2024,1181,4,2,3,4,2,Outpatient,$773.00 ,$84.00 ,,2,Self-Referral,No,Paid,,,Semi-Private Room,$620.90 ,$30.00 
5/20/2024,1640,5,4,1,3,2,Outpatient,$600.00 ,$136.00 ,6/12/2024,1,Physician Referral,Yes,Paid,,,N/A,$515.20 , $-   
5/20/2024,2073,5,4,4,3,2,Inpatient,$769.00 ,$38.00 ,,2,Physician Referral,Yes,Paid,,,Semi-Private Room,$585.90 ,$30.00 
5/20/2024,3936,4,4,4,3,2,Inpatient,$291.00 ,$137.00 ,,1,Emergency,Yes,Paid,,,Semi-Private Room,$320.60 ,$30.00 
5/20/2024,1626,5,3,2,5,1,Inpatient,$381.00 ,$88.00 ,,2,Self-Referral,No,Paid,,,Private Room,$363.30 ,$50.00 
5/20/2024,443,5,5,1,2,2,Inpatient,$298.00 ,$196.00 ,,1,Self-Referral,Yes,Paid,,,Private Room,$380.80 ,$50.00 
5/20/2024,2671,4,2,3,4,2,Outpatient,$686.00 ,$50.00 ,6/10/2024,2,Physician Referral,Yes,Paid,,,N/A,$515.20 , $-   
5/20/2024,4552,5,1,5,3,3,Inpatient,$792.00 ,$98.00 ,,1,Physician Referral,No,Paid,,,Semi-Private Room,$644.00 ,$30.00 
5/20/2024,4613,5,4,2,3,3,Outpatient,$455.00 ,$74.00 ,,2,Emergency,No,Paid,,,Semi-Private Room,$391.30 ,$30.00 
5/21/2024,2665,4,1,3,1,3,Emergency,$533.00 ,$146.00 ,,1,Self-Referral,Yes,Paid,,,Semi-Private Room,$496.30 ,$30.00 
5/21/2024,2507,5,2,1,4,3,Inpatient,$568.00 ,$96.00 ,,2,Self-Referral,No,Paid,,,Private Room,$499.80 ,$50.00 
5/21/2024,4093,5,5,3,2,1,Outpatient,$222.00 ,$110.00 ,6/8/2024,1,Emergency,Yes,Paid,,,N/A,$232.40 , $-   
5/21/2024,802,4,1,5,5,1,Outpatient,$747.00 ,$185.00 ,,2,Self-Referral,No,Paid,,,Semi-Private Room,$673.40 ,$30.00 
5/21/2024,2285,5,2,3,4,1,Outpatient,$399.00 ,$180.00 ,6/10/2024,1,Emergency,No,Paid,,,N/A,$405.30 , $-   
5/21/2024,2393,5,2,5,4,2,Outpatient,$267.00 ,$25.00 ,,2,Self-Referral,Yes,Paid,,,General Ward,$211.40 ,$10.00 
5/21/2024,2683,4,4,5,3,2,Emergency,$140.00 ,$160.00 ,,1,Emergency,No,Paid,,,Private Room,$245.00 ,$50.00 
5/21/2024,3492,5,5,5,5,1,Inpatient,$835.00 ,$39.00 ,,2,Emergency,No,Paid,,,Private Room,$646.80 ,$50.00 
5/21/2024,1774,5,2,3,4,2,Emergency,$374.00 ,$119.00 ,,1,Physician Referral,No,Paid,,,Semi-Private Room,$366.10 ,$30.00 
5/21/2024,3732,4,5,1,5,2,Inpatient,$512.00 ,$184.00 ,,2,Self-Referral,No,Paid,,,General Ward,$494.20 ,$10.00 
5/22/2024,544,5,4,4,3,2,Emergency,$467.00 ,$64.00 ,,1,Physician Referral,No,Paid,,,General Ward,$378.70 ,$10.00 
5/22/2024,1397,5,1,4,2,2,Outpatient,$131.00 ,$100.00 ,6/16/2024,2,Emergency,No,Paid,,,N/A,$161.70 , $-   
5/22/2024,2060,4,3,3,5,2,Outpatient,$448.00 ,$78.00 ,6/7/2024,1,Emergency,No,Paid,,,N/A,$368.20 , $-   
5/22/2024,2465,5,3,1,1,3,Emergency,$934.00 ,$71.00 ,,2,Emergency,No,Paid,,,Private Room,$738.50 ,$50.00 
5/22/2024,1066,5,3,4,4,1,Outpatient,$293.00 ,$165.00 ,,1,Self-Referral,No,Paid,,,Semi-Private Room,$341.60 ,$30.00 
5/22/2024,4360,4,5,5,1,1,Outpatient,$935.00 ,$44.00 ,,2,Physician Referral,No,Paid,,,General Ward,$692.30 ,$10.00 
5/22/2024,3746,5,3,3,3,2,Outpatient,$452.00 ,$142.00 ,6/2/2024,1,Emergency,No,Paid,,,N/A,$415.80 , $-   
5/22/2024,850,5,1,3,2,2,Emergency,$72.00 ,$148.00 ,,2,Self-Referral,No,Paid,,,General Ward,$161.00 ,$10.00 
5/22/2024,1693,4,2,2,4,3,Outpatient,$466.00 ,$60.00 ,6/14/2024,1,Emergency,Yes,Paid,,,N/A,$368.20 , $-   
5/22/2024,3627,5,5,2,2,1,Outpatient,$784.00 ,$121.00 ,6/14/2024,2,Emergency,No,Paid,,,N/A,$633.50 , $-   
5/23/2024,188,5,1,2,2,3,Outpatient,$815.00 ,$37.00 ,6/1/2024,1,Emergency,No,Paid,,,N/A,$596.40 , $-   
5/23/2024,1504,4,5,1,3,3,Outpatient,$512.00 ,$148.00 ,6/14/2024,2,Emergency,No,Paid,,,N/A,$462.00 , $-   
5/23/2024,4503,5,5,3,2,1,Outpatient,$645.00 ,$186.00 ,6/7/2024,1,Physician Referral,Yes,Paid,,,N/A,$581.70 , $-   
5/23/2024,438,5,5,2,5,3,Inpatient,$140.00 ,$178.00 ,,2,Emergency,Yes,Paid,,,Semi-Private Room,$243.60 ,$30.00 
5/23/2024,4377,4,4,3,3,3,Outpatient,$219.00 ,$121.00 ,6/15/2024,1,Emergency,Yes,Paid,,,N/A,$238.00 , $-   
5/23/2024,1487,5,2,5,4,1,Outpatient,$694.00 ,$90.00 ,6/18/2024,2,Physician Referral,Yes,Paid,,,N/A,$548.80 , $-   
5/23/2024,944,5,3,2,5,1,Emergency,$549.00 ,$185.00 ,,1,Physician Referral,No,Paid,,,Private Room,$548.80 ,$50.00 
5/23/2024,2483,4,4,3,3,1,Outpatient,$108.00 ,$27.00 ,,2,Emergency,No,Paid,,,General Ward,$101.50 ,$10.00 
5/23/2024,1561,5,2,1,4,3,Outpatient,$104.00 ,$181.00 ,6/10/2024,1,Physician Referral,No,Paid,,,N/A,$199.50 , $-   
5/23/2024,4333,5,3,1,2,2,Inpatient,$875.00 ,$92.00 ,,2,Physician Referral,Yes,Paid,,,Semi-Private Room,$697.90 ,$30.00 
5/24/2024,907,4,4,1,3,2,Outpatient,$413.00 ,$108.00 ,,1,Physician Referral,No,Paid,,,Semi-Private Room,$385.70 ,$30.00 
5/24/2024,610,5,4,2,3,2,Outpatient,$502.00 ,$46.00 ,,2,Physician Referral,Yes,Paid,,,General Ward,$390.60 ,$10.00 
5/24/2024,948,5,1,1,1,3,Outpatient,$440.00 ,$188.00 ,6/1/2024,1,Emergency,Yes,Paid,,,N/A,$439.60 , $-   
5/24/2024,2841,4,4,4,3,3,Outpatient,$936.00 ,$26.00 ,6/19/2024,2,Self-Referral,Yes,Paid,,,N/A,$673.40 , $-   
5/24/2024,3102,5,5,5,2,2,Inpatient,$297.00 ,$51.00 ,,1,Self-Referral,No,Paid,,,General Ward,$250.60 ,$10.00 
5/24/2024,3892,5,4,3,3,1,Emergency,$474.00 ,$92.00 ,,2,Emergency,No,Paid,,,Semi-Private Room,$417.20 ,$30.00 
5/24/2024,2736,4,5,4,2,1,Outpatient,$602.00 ,$118.00 ,6/15/2024,1,Self-Referral,No,Paid,,,N/A,$504.00 , $-   
5/24/2024,2181,5,2,2,4,3,Outpatient,$63.00 ,$131.00 ,6/22/2024,2,Physician Referral,No,Paid,,,N/A,$135.80 , $-   
5/24/2024,1454,5,2,3,4,2,Inpatient,$407.00 ,$163.00 ,,1,Self-Referral,Yes,Paid,,,Private Room,$434.00 ,$50.00 
5/24/2024,3136,4,5,3,1,3,Outpatient,$122.00 ,$149.00 ,6/22/2024,2,Emergency,No,Paid,,,N/A,$189.70 , $-   
5/25/2024,3536,5,1,1,3,3,Outpatient,$186.00 ,$190.00 ,6/21/2024,1,Self-Referral,No,Paid,,,N/A,$263.20 , $-   
5/25/2024,3365,5,1,3,4,2,Emergency,$680.00 ,$50.00 ,,2,Emergency,No,Paid,,,Semi-Private Room,$532.00 ,$30.00 
5/25/2024,3699,4,2,3,4,3,Emergency,$928.00 ,$99.00 ,,1,Self-Referral,Yes,Paid,,,Private Room,$753.90 ,$50.00 
5/25/2024,586,5,4,5,3,1,Outpatient,$989.00 ,$194.00 ,6/23/2024,2,Physician Referral,Yes,Paid,,,N/A,$828.10 , $-   
5/25/2024,228,5,2,2,4,1,Outpatient,$110.00 ,$52.00 ,6/6/2024,1,Physician Referral,No,Paid,,,N/A,$113.40 , $-   
5/25/2024,4506,4,2,4,4,2,Outpatient,$684.00 ,$164.00 ,6/2/2024,2,Physician Referral,No,Paid,,,N/A,$593.60 , $-   
5/25/2024,2969,5,5,1,2,3,Outpatient,$254.00 ,$118.00 ,,1,Self-Referral,Yes,Paid,,,General Ward,$267.40 ,$10.00 
5/25/2024,2566,5,1,5,2,1,Inpatient,$542.00 ,$73.00 ,,2,Self-Referral,Yes,Paid,,,Private Room,$465.50 ,$50.00 
5/25/2024,1051,4,5,4,3,2,Inpatient,$538.00 ,$73.00 ,,1,Self-Referral,No,Paid,,,Private Room,$462.70 ,$50.00 
5/25/2024,2372,5,2,4,4,2,Inpatient,$357.00 ,$198.00 ,,2,Physician Referral,Yes,Paid,,,Private Room,$423.50 ,$50.00 
5/26/2024,3608,5,3,5,3,2,Outpatient,$346.00 ,$199.00 ,6/10/2024,1,Self-Referral,Yes,Paid,,,N/A,$381.50 , $-   
5/26/2024,4555,4,4,1,3,3,Outpatient,$605.00 ,$154.00 ,,2,Self-Referral,Yes,Paid,,,Private Room,$566.30 ,$50.00 
5/26/2024,2816,5,2,2,4,2,Inpatient,$342.00 ,$158.00 ,,1,Emergency,Yes,Paid,,,Semi-Private Room,$371.00 ,$30.00 
5/26/2024,2705,5,5,5,2,3,Outpatient,$701.00 ,$49.00 ,6/6/2024,2,Physician Referral,Yes,Paid,,,N/A,$525.00 , $-   
5/26/2024,2565,4,3,5,1,2,Emergency,$972.00 ,$101.00 ,,1,Self-Referral,Yes,Paid,,,General Ward,$758.10 ,$10.00 
5/26/2024,1995,5,3,5,3,3,Outpatient,$122.00 ,$76.00 ,6/19/2024,2,Emergency,Yes,Paid,,,N/A,$138.60 , $-   
5/26/2024,2505,5,2,1,4,1,Emergency,$621.00 ,$193.00 ,,1,Emergency,No,Paid,,,General Ward,$576.80 ,$10.00 
5/26/2024,2452,4,1,5,5,3,Outpatient,$170.00 ,$89.00 ,6/23/2024,2,Emergency,Yes,Paid,,,N/A,$181.30 , $-   
5/26/2024,4209,5,3,5,2,1,Outpatient,$106.00 ,$85.00 ,6/22/2024,1,Physician Referral,No,Paid,,,N/A,$133.70 , $-   
5/26/2024,4922,5,4,3,3,1,Outpatient,$904.00 ,$126.00 ,6/19/2024,2,Emergency,No,Paid,,,N/A,$721.00 , $-   
5/27/2024,1747,4,5,3,3,2,Outpatient,$540.00 ,$29.00 ,,1,Physician Referral,No,Paid,,,Semi-Private Room,$419.30 ,$30.00 
5/27/2024,3664,5,5,3,4,1,Outpatient,$372.00 ,$151.00 ,6/12/2024,2,Emergency,No,Paid,,,N/A,$366.10 , $-   
5/27/2024,3200,5,5,3,2,3,Emergency,$424.00 ,$93.00 ,,1,Self-Referral,No,Paid,,,Private Room,$396.90 ,$50.00 
5/27/2024,622,4,2,5,4,1,Outpatient,$433.00 ,$92.00 ,,2,Physician Referral,No,Paid,,,General Ward,$374.50 ,$10.00 
5/27/2024,2763,5,5,3,3,3,Inpatient,$541.00 ,$81.00 ,,1,Physician Referral,Yes,Paid,,,Private Room,$470.40 ,$50.00 
5/27/2024,1034,5,5,4,3,3,Emergency,$723.00 ,$128.00 ,,2,Self-Referral,Yes,Paid,,,Private Room,$630.70 ,$50.00 
5/27/2024,4605,4,4,2,3,3,Outpatient,$370.00 ,$190.00 ,,1,Emergency,No,Paid,,,Private Room,$427.00 ,$50.00 
5/27/2024,22,5,1,3,3,2,Inpatient,$770.00 ,$61.00 ,,2,Physician Referral,No,Paid,,,Private Room,$616.70 ,$50.00 
5/27/2024,1346,5,2,1,4,3,Outpatient,$221.00 ,$43.00 ,6/12/2024,1,Physician Referral,Yes,Paid,,,N/A,$184.80 , $-   
5/27/2024,113,4,2,2,4,2,Outpatient,$267.00 ,$24.00 ,6/25/2024,2,Physician Referral,Yes,Paid,,,N/A,$203.70 , $-   
5/28/2024,2401,5,5,4,3,1,Inpatient,$968.00 ,$118.00 ,,1,Physician Referral,No,Paid,,,Semi-Private Room,$781.20 ,$30.00 
5/28/2024,4137,5,4,2,3,1,Inpatient,$87.00 ,$118.00 ,,2,Physician Referral,No,Paid,,,General Ward,$150.50 ,$10.00 
5/28/2024,860,4,3,2,3,2,Outpatient,$607.00 ,$139.00 ,,1,Self-Referral,No,Paid,,,General Ward,$529.20 ,$10.00 
5/28/2024,580,5,5,4,4,1,Inpatient,$433.00 ,$96.00 ,,2,Physician Referral,Yes,Paid,,,Private Room,$405.30 ,$50.00 
5/28/2024,4867,5,5,3,2,1,Emergency,$629.00 ,$120.00 ,,1,Physician Referral,Yes,Paid,,,Semi-Private Room,$545.30 ,$30.00 
5/28/2024,4539,4,2,4,4,1,Outpatient,$345.00 ,$115.00 ,6/13/2024,2,Self-Referral,Yes,Paid,,,N/A,$322.00 , $-   
5/28/2024,1661,5,2,1,4,1,Outpatient,$331.00 ,$192.00 ,6/21/2024,1,Emergency,No,Paid,,,N/A,$366.10 , $-   
5/28/2024,4013,5,5,4,1,3,Emergency,$114.00 ,$139.00 ,,2,Physician Referral,Yes,Paid,,,Semi-Private Room,$198.10 ,$30.00 
5/28/2024,4426,4,2,5,4,1,Inpatient,$649.00 ,$84.00 ,,1,Self-Referral,No,Paid,,,General Ward,$520.10 ,$10.00 
5/28/2024,3731,5,4,5,3,3,Outpatient,$193.00 ,$140.00 ,6/19/2024,2,Self-Referral,No,Paid,,,N/A,$233.10 , $-   
5/29/2024,2265,5,3,2,5,1,Outpatient,$903.00 ,$109.00 ,,1,Emergency,Yes,Paid,,,General Ward,$715.40 ,$10.00 
5/29/2024,4319,4,3,3,4,2,Outpatient,$834.00 ,$196.00 ,,2,Physician Referral,Yes,Paid,,,Private Room,$756.00 ,$50.00 
5/29/2024,2544,5,3,3,2,2,Emergency,$703.00 ,$134.00 ,,1,Physician Referral,Yes,Paid,,,Semi-Private Room,$606.90 ,$30.00 
5/29/2024,2108,5,5,5,1,3,Outpatient,$87.00 ,$96.00 ,6/27/2024,2,Emergency,No,Paid,,,N/A,$128.10 , $-   
5/29/2024,1584,4,5,1,1,2,Outpatient,$141.00 ,$51.00 ,6/10/2024,1,Self-Referral,Yes,Paid,,,N/A,$134.40 , $-   
5/29/2024,1827,5,5,4,4,3,Emergency,$135.00 ,$131.00 ,,2,Self-Referral,No,Paid,,,Semi-Private Room,$207.20 ,$30.00 
5/29/2024,3194,5,4,4,3,1,Outpatient,$442.00 ,$197.00 ,6/16/2024,1,Self-Referral,Yes,Paid,,,N/A,$447.30 , $-   
5/29/2024,2725,4,3,4,2,2,Outpatient,$55.00 ,$71.00 ,6/8/2024,2,Emergency,No,Paid,,,N/A,$88.20 , $-   
5/29/2024,2521,5,2,1,4,3,Emergency,$72.00 ,$42.00 ,,1,Emergency,Yes,Pending,,,Semi-Private Room,$100.80 ,$30.00 
5/29/2024,1842,5,2,1,4,3,Outpatient,$119.00 ,$49.00 ,6/24/2024,2,Self-Referral,No,Pending,,,N/A,$117.60 , $-   
5/30/2024,957,4,1,4,1,1,Outpatient,$522.00 ,$89.00 ,6/21/2024,1,Physician Referral,Yes,Pending,,,N/A,$427.70 , $-   
5/30/2024,995,5,1,4,5,1,Outpatient,$378.00 ,$90.00 ,6/27/2024,2,Physician Referral,No,Pending,,,N/A,$327.60 , $-   
5/30/2024,430,5,2,1,4,2,Outpatient,$713.00 ,$130.00 ,6/27/2024,1,Self-Referral,Yes,Paid,,,N/A,$590.10 , $-   
5/30/2024,695,4,3,4,5,3,Outpatient,$111.00 ,$177.00 ,6/27/2024,2,Physician Referral,Yes,Paid,,,N/A,$201.60 , $-   
5/30/2024,3501,5,5,1,1,1,Outpatient,$585.00 ,$56.00 ,6/16/2024,1,Self-Referral,Yes,Paid,,,N/A,$448.70 , $-   
5/30/2024,351,5,2,2,4,2,Emergency,$448.00 ,$67.00 ,,2,Self-Referral,Yes,Paid,,,Private Room,$395.50 ,$50.00 
5/30/2024,4408,4,2,5,4,3,Outpatient,$855.00 ,$179.00 ,,1,Physician Referral,No,Paid,,,Private Room,$758.80 ,$50.00 
5/30/2024,312,5,1,5,3,1,Outpatient,$231.00 ,$89.00 ,,2,Physician Referral,Yes,Paid,,,General Ward,$231.00 ,$10.00 
5/30/2024,2101,5,3,1,4,2,Outpatient,$759.00 ,$54.00 ,6/6/2024,1,Emergency,No,Paid,,,N/A,$569.10 , $-   
5/30/2024,588,4,2,4,4,2,Emergency,$614.00 ,$87.00 ,,2,Physician Referral,Yes,Paid,,,Private Room,$525.70 ,$50.00 
5/31/2024,2563,5,5,5,4,1,Outpatient,$714.00 ,$179.00 ,6/11/2024,1,Physician Referral,Yes,Paid,,,N/A,$625.10 , $-   
5/31/2024,4338,5,5,3,5,1,Outpatient,$158.00 ,$78.00 ,6/23/2024,2,Physician Referral,Yes,Paid,,,N/A,$165.20 , $-   
5/31/2024,412,4,4,4,3,3,Emergency,$465.00 ,$137.00 ,,1,Physician Referral,Yes,Paid,,,Private Room,$456.40 ,$50.00 
5/31/2024,663,5,5,1,1,3,Outpatient,$755.00 ,$182.00 ,6/17/2024,2,Self-Referral,No,Pending,,,N/A,$655.90 , $-   
5/31/2024,3808,5,2,3,4,1,Inpatient,$935.00 ,$131.00 ,,1,Physician Referral,No,Pending,,,Semi-Private Room,$767.20 ,$30.00 
5/31/2024,2399,4,2,1,4,2,Outpatient,$783.00 ,$163.00 ,6/20/2024,2,Self-Referral,Yes,Pending,,,N/A,$662.20 , $-   
5/31/2024,74,5,5,4,4,1,Outpatient,$429.00 ,$138.00 ,,1,Self-Referral,No,Pending,,,General Ward,$403.90 ,$10.00 
5/31/2024,4797,5,1,2,5,3,Emergency,$858.00 ,$134.00 ,,2,Emergency,No,Paid,,,General Ward,$701.40 ,$10.00 
5/31/2024,644,4,3,2,3,3,Emergency,$527.00 ,$124.00 ,,1,Self-Referral,Yes,Paid,,,General Ward,$462.70 ,$10.00 
5/31/2024,2058,5,2,2,4,1,Outpatient,$487.00 ,$199.00 ,,2,Physician Referral,Yes,Paid,,,Private Room,$515.20 ,$50.00 
6/1/2024,1737,5,5,4,1,3,Outpatient,$351.00 ,$85.00 ,6/16/2024,1,Emergency,No,Pending,,,N/A,$305.20 , $-   
6/1/2024,599,4,5,4,1,2,Outpatient,$691.00 ,$25.00 ,,2,Emergency,No,Pending,,,Semi-Private Room,$522.20 ,$30.00 
6/1/2024,3185,5,2,3,4,3,Outpatient,$75.00 ,$33.00 ,6/17/2024,1,Emergency,Yes,Paid,,,N/A,$75.60 , $-   
6/1/2024,93,5,4,4,3,2,Emergency,$166.00 ,$176.00 ,,2,Self-Referral,Yes,Paid,,,General Ward,$246.40 ,$10.00 
6/1/2024,4561,4,3,4,5,3,Inpatient,$208.00 ,$125.00 ,,1,Self-Referral,Yes,Paid,,,Semi-Private Room,$254.10 ,$30.00 
6/1/2024,3554,5,2,3,4,2,Inpatient,$122.00 ,$173.00 ,,2,Self-Referral,Yes,Paid,,,Private Room,$241.50 ,$50.00 
6/1/2024,3593,5,5,3,1,1,Outpatient,$139.00 ,$37.00 ,6/11/2024,1,Emergency,Yes,Paid,,,N/A,$123.20 , $-   
6/1/2024,4631,4,4,1,3,2,Emergency,$587.00 ,$23.00 ,,2,Self-Referral,Yes,Pending,,,Private Room,$462.00 ,$50.00 
6/1/2024,4804,5,2,5,4,1,Outpatient,$825.00 ,$76.00 ,,1,Self-Referral,Yes,Paid,,,Private Room,$665.70 ,$50.00 
6/1/2024,2041,5,3,5,1,3,Outpatient,$320.00 ,$138.00 ,6/9/2024,2,Emergency,Yes,Paid,,,N/A,$320.60 , $-   
6/2/2024,2414,4,4,1,3,2,Inpatient,$834.00 ,$72.00 ,,1,Emergency,Yes,Paid,,,Private Room,$669.20 ,$50.00 
6/2/2024,1744,5,5,2,1,2,Outpatient,$935.00 ,$121.00 ,6/14/2024,2,Physician Referral,Yes,Paid,,,N/A,$739.20 , $-   
6/2/2024,2824,5,1,4,4,3,Emergency,$951.00 ,$44.00 ,,1,Emergency,No,Paid,,,Private Room,$731.50 ,$50.00 
6/2/2024,3642,4,3,3,1,3,Outpatient,$168.00 ,$194.00 ,,2,Emergency,No,Pending,,,Private Room,$288.40 ,$50.00 
6/2/2024,1064,5,4,3,3,2,Emergency,$573.00 ,$199.00 ,,1,Emergency,No,Paid,,,Semi-Private Room,$561.40 ,$30.00 
6/2/2024,2877,5,2,2,4,1,Outpatient,$780.00 ,$181.00 ,6/11/2024,2,Physician Referral,Yes,Paid,,,N/A,$672.70 , $-   
6/2/2024,3352,4,2,3,4,3,Emergency,$524.00 ,$163.00 ,,1,Physician Referral,No,Paid,,,General Ward,$487.90 ,$10.00 
6/2/2024,1472,5,4,2,3,2,Outpatient,$114.00 ,$113.00 ,,2,Physician Referral,Yes,Pending,,,Semi-Private Room,$179.90 ,$30.00 
6/2/2024,4297,5,2,1,4,3,Inpatient,$496.00 ,$146.00 ,,1,Emergency,Yes,Paid,,,Semi-Private Room,$470.40 ,$30.00 
6/2/2024,4015,4,4,2,3,3,Outpatient,$728.00 ,$143.00 ,6/21/2024,2,Physician Referral,Yes,Paid,,,N/A,$609.70 , $-   
6/3/2024,600,5,3,5,2,1,Outpatient,$599.00 ,$55.00 ,6/21/2024,1,Emergency,No,Paid,,,N/A,$457.80 , $-   
6/3/2024,3393,5,2,2,4,1,Outpatient,$501.00 ,$175.00 ,6/27/2024,2,Self-Referral,Yes,Paid,,,N/A,$473.20 , $-   
6/3/2024,3690,4,3,1,2,1,Outpatient,$757.00 ,$91.00 ,6/15/2024,1,Physician Referral,Yes,Pending,,,N/A,$593.60 , $-   
6/3/2024,236,5,5,2,4,2,Outpatient,$581.00 ,$72.00 ,6/19/2024,2,Self-Referral,No,Pending,,,N/A,$457.10 , $-   
6/3/2024,3334,5,5,1,4,3,Outpatient,$114.00 ,$189.00 ,6/15/2024,1,Emergency,Yes,Paid,,,N/A,$212.10 , $-   
6/3/2024,522,4,5,5,4,1,Emergency,$248.00 ,$98.00 ,,2,Self-Referral,No,Paid,,,Semi-Private Room,$263.20 ,$30.00 
6/3/2024,717,5,5,4,3,2,Emergency,$905.00 ,$117.00 ,,1,Physician Referral,No,Paid,,,General Ward,$722.40 ,$10.00 
6/3/2024,2012,5,2,1,4,1,Outpatient,$896.00 ,$166.00 ,,2,Physician Referral,Yes,Pending,,,Semi-Private Room,$764.40 ,$30.00 
6/3/2024,2689,4,4,4,3,1,Emergency,$761.00 ,$63.00 ,,1,Emergency,No,Paid,,,Semi-Private Room,$597.80 ,$30.00 
6/3/2024,2935,5,2,1,4,3,Emergency,$249.00 ,$49.00 ,,2,Physician Referral,No,Pending,,,General Ward,$215.60 ,$10.00 
6/4/2024,872,5,2,2,4,2,Outpatient,$322.00 ,$93.00 ,6/15/2024,1,Self-Referral,Yes,Pending,,,N/A,$290.50 , $-   
6/4/2024,139,4,3,4,4,3,Outpatient,$397.00 ,$191.00 ,6/25/2024,2,Self-Referral,Yes,Pending,,,N/A,$411.60 , $-   
6/4/2024,2982,5,4,1,3,1,Outpatient,$99.00 ,$136.00 ,6/25/2024,1,Physician Referral,Yes,Pending,,,N/A,$164.50 , $-   
6/4/2024,477,5,1,1,2,3,Emergency,$955.00 ,$174.00 ,,2,Physician Referral,Yes,Pending,,,Private Room,$825.30 ,$50.00 
6/4/2024,3998,4,1,4,3,2,Outpatient,$724.00 ,$103.00 ,6/22/2024,1,Emergency,No,Paid,,,N/A,$578.90 , $-   
6/4/2024,2193,5,4,1,3,1,Outpatient,$941.00 ,$92.00 ,,2,Self-Referral,Yes,Paid,,,Semi-Private Room,$744.10 ,$30.00 
6/4/2024,1998,5,1,4,5,1,Outpatient,$811.00 ,$53.00 ,6/19/2024,1,Physician Referral,No,Paid,,,N/A,$604.80 , $-   
6/4/2024,208,4,4,5,3,1,Emergency,$229.00 ,$146.00 ,,2,Self-Referral,Yes,Pending,,,General Ward,$269.50 ,$10.00 
6/4/2024,4517,5,3,3,4,1,Outpatient,$197.00 ,$104.00 ,6/23/2024,1,Emergency,No,Pending,,,N/A,$210.70 , $-   
6/4/2024,3965,5,3,5,3,2,Outpatient,$776.00 ,$171.00 ,,2,Self-Referral,Yes,Paid,,,General Ward,$669.90 ,$10.00 
6/5/2024,4519,4,2,4,4,3,Outpatient,$157.00 ,$75.00 ,6/27/2024,1,Emergency,No,Pending,,,N/A,$162.40 , $-   
6/5/2024,2759,5,1,2,3,2,Outpatient,$854.00 ,$26.00 ,,2,Self-Referral,Yes,Paid,,,Semi-Private Room,$637.00 ,$30.00 
6/5/2024,1191,5,4,2,3,1,Outpatient,$949.00 ,$70.00 ,7/2/2024,1,Emergency,No,Paid,,,N/A,$713.30 , $-   
6/5/2024,3886,4,3,3,2,2,Emergency,$72.00 ,$155.00 ,,2,Physician Referral,Yes,Paid,,,Private Room,$193.90 ,$50.00 
6/5/2024,3982,5,2,4,4,1,Inpatient,$627.00 ,$77.00 ,,1,Physician Referral,No,Paid,,,General Ward,$499.80 ,$10.00 
6/5/2024,3311,5,1,1,5,1,Emergency,$995.00 ,$104.00 ,,2,Emergency,Yes,Paid,,,General Ward,$776.30 ,$10.00 
6/5/2024,1075,4,1,5,4,3,Inpatient,$938.00 ,$88.00 ,,1,Self-Referral,Yes,Paid,,,General Ward,$725.20 ,$10.00 
6/5/2024,703,5,1,5,1,1,Outpatient,$930.00 ,$27.00 ,6/13/2024,2,Self-Referral,Yes,Pending,,,N/A,$669.90 , $-   
6/5/2024,1430,5,3,3,4,2,Outpatient,$307.00 ,$171.00 ,6/28/2024,1,Self-Referral,Yes,Paid,,,N/A,$334.60 , $-   
6/5/2024,3729,4,3,3,3,2,Outpatient,$298.00 ,$189.00 ,6/20/2024,2,Physician Referral,Yes,Pending,,,N/A,$340.90 , $-   
6/6/2024,3116,5,1,3,1,3,Inpatient,$759.00 ,$73.00 ,,1,Physician Referral,No,Paid,,,General Ward,$589.40 ,$10.00 
6/6/2024,3387,5,3,3,5,3,Outpatient,$338.00 ,$163.00 ,7/5/2024,2,Self-Referral,No,Pending,,,N/A,$350.70 , $-   
6/6/2024,1317,4,1,3,2,1,Emergency,$325.00 ,$151.00 ,,1,Physician Referral,No,Paid,,,General Ward,$340.20 ,$10.00 
6/6/2024,483,5,5,3,2,1,Outpatient,$790.00 ,$78.00 ,7/1/2024,2,Physician Referral,Yes,Paid,,,N/A,$607.60 , $-   
6/6/2024,3499,5,3,1,4,1,Outpatient,$853.00 ,$113.00 ,,1,Physician Referral,Yes,Paid,,,General Ward,$683.20 ,$10.00 
6/6/2024,3481,4,4,1,3,1,Outpatient,$811.00 ,$65.00 ,6/18/2024,2,Emergency,No,Paid,,,N/A,$613.20 , $-   
6/6/2024,399,5,3,5,4,2,Emergency,$115.00 ,$113.00 ,,1,Emergency,Yes,Paid,,,General Ward,$166.60 ,$10.00 
6/6/2024,2327,5,1,5,3,1,Outpatient,$916.00 ,$118.00 ,,2,Physician Referral,No,Pending,,,Semi-Private Room,$744.80 ,$30.00 
6/6/2024,4040,4,4,3,3,3,Outpatient,$355.00 ,$32.00 ,6/16/2024,1,Physician Referral,Yes,Paid,,,N/A,$270.90 , $-   
6/6/2024,1587,5,2,5,4,2,Outpatient,$66.00 ,$56.00 ,6/27/2024,2,Physician Referral,No,Pending,,,N/A,$85.40 , $-   
6/7/2024,3238,5,4,3,3,2,Outpatient,$926.00 ,$196.00 ,7/1/2024,1,Self-Referral,No,Pending,,,N/A,$785.40 , $-   
6/7/2024,1225,4,4,1,3,1,Inpatient,$738.00 ,$94.00 ,,2,Emergency,No,Pending,,,General Ward,$589.40 ,$10.00 
6/7/2024,3281,5,3,2,2,1,Outpatient,$845.00 ,$77.00 ,,1,Self-Referral,Yes,Paid,,,Semi-Private Room,$666.40 ,$30.00 
6/7/2024,1677,5,4,1,3,2,Emergency,$122.00 ,$38.00 ,,2,Physician Referral,No,Paid,,,General Ward,$119.00 ,$10.00 
6/7/2024,490,4,4,4,3,3,Outpatient,$174.00 ,$165.00 ,6/25/2024,1,Physician Referral,No,Paid,,,N/A,$237.30 , $-   
6/7/2024,4697,5,1,1,4,1,Emergency,$785.00 ,$164.00 ,,2,Self-Referral,Yes,Paid,,,General Ward,$671.30 ,$10.00 
6/7/2024,2212,5,3,4,3,2,Outpatient,$296.00 ,$158.00 ,6/25/2024,1,Physician Referral,Yes,Paid,,,N/A,$317.80 , $-   
6/7/2024,79,4,1,5,2,2,Emergency,$202.00 ,$162.00 ,,2,Emergency,Yes,Paid,,,Semi-Private Room,$275.80 ,$30.00 
6/7/2024,2345,5,3,1,2,1,Outpatient,$471.00 ,$127.00 ,7/3/2024,1,Emergency,No,Paid,,,N/A,$418.60 , $-   
6/7/2024,1426,5,2,2,4,3,Inpatient,$823.00 ,$164.00 ,,2,Physician Referral,Yes,Paid,,,Semi-Private Room,$711.90 ,$30.00 
6/8/2024,3990,4,4,1,3,2,Outpatient,$377.00 ,$109.00 ,,1,Emergency,Yes,Paid,,,Semi-Private Room,$361.20 ,$30.00 
6/8/2024,4767,5,3,1,1,2,Outpatient,$205.00 ,$139.00 ,7/1/2024,2,Physician Referral,Yes,Paid,,,N/A,$240.80 , $-   
6/8/2024,4234,5,4,1,3,2,Emergency,$612.00 ,$24.00 ,,1,Physician Referral,Yes,Paid,,,Private Room,$480.20 ,$50.00 
6/8/2024,4287,4,4,3,3,1,Inpatient,$226.00 ,$151.00 ,,2,Physician Referral,Yes,Paid,,,Private Room,$298.90 ,$50.00 
6/8/2024,4849,5,5,1,2,2,Outpatient,$161.00 ,$75.00 ,6/21/2024,1,Emergency,No,Paid,,,N/A,$165.20 , $-   
6/8/2024,2395,5,1,1,2,2,Outpatient,$231.00 ,$123.00 ,,2,Self-Referral,No,Paid,,,General Ward,$254.80 ,$10.00 
6/8/2024,3722,4,3,2,4,1,Outpatient,$196.00 ,$67.00 ,7/4/2024,1,Emergency,Yes,Paid,,,N/A,$184.10 , $-   
6/8/2024,689,5,2,4,4,3,Outpatient,$656.00 ,$67.00 ,6/19/2024,2,Emergency,Yes,Paid,,,N/A,$506.10 , $-   
6/8/2024,1056,5,5,4,3,2,Emergency,$916.00 ,$182.00 ,,1,Self-Referral,Yes,Paid,,,Private Room,$803.60 ,$50.00 
6/8/2024,1041,4,1,2,2,1,Emergency,$573.00 ,$128.00 ,,2,Emergency,No,Paid,,,Semi-Private Room,$511.70 ,$30.00 
6/9/2024,2317,5,2,5,4,3,Inpatient,$50.00 ,$180.00 ,,1,Physician Referral,No,Paid,,,Private Room,$196.00 ,$50.00 
6/9/2024,4421,5,2,1,4,1,Outpatient,$407.00 ,$119.00 ,6/27/2024,2,Emergency,No,Paid,,,N/A,$368.20 , $-   
6/9/2024,1689,4,4,5,3,3,Outpatient,$833.00 ,$40.00 ,,1,Physician Referral,Yes,Paid,,,Semi-Private Room,$632.10 ,$30.00 
6/9/2024,3487,5,1,2,2,1,Outpatient,$209.00 ,$121.00 ,7/2/2024,2,Physician Referral,No,Paid,,,N/A,$231.00 , $-   
6/9/2024,4062,5,5,5,5,3,Inpatient,$478.00 ,$24.00 ,,1,Emergency,No,Paid,,,General Ward,$358.40 ,$10.00 
6/9/2024,3104,4,3,4,2,3,Inpatient,$733.00 ,$168.00 ,,2,Self-Referral,No,Paid,,,General Ward,$637.70 ,$10.00 
6/9/2024,4698,5,3,3,3,1,Outpatient,$262.00 ,$108.00 ,6/17/2024,1,Emergency,Yes,Paid,,,N/A,$259.00 , $-   
6/9/2024,1739,5,5,5,4,2,Inpatient,$445.00 ,$93.00 ,,2,Emergency,No,Paid,,,Semi-Private Room,$397.60 ,$30.00 
6/9/2024,3590,4,4,3,3,3,Emergency,$533.00 ,$141.00 ,,1,Emergency,No,Paid,,,Semi-Private Room,$492.80 ,$30.00 
6/9/2024,1582,5,4,5,3,1,Emergency,$884.00 ,$179.00 ,,2,Physician Referral,No,Paid,,,General Ward,$751.10 ,$10.00 
6/10/2024,3105,5,2,2,4,2,Inpatient,$58.00 ,$165.00 ,,1,Physician Referral,Yes,Paid,,,Semi-Private Room,$177.10 ,$30.00 
6/10/2024,1453,4,1,3,5,2,Inpatient,$753.00 ,$77.00 ,,2,Self-Referral,No,Paid,,,Semi-Private Room,$602.00 ,$30.00 
6/10/2024,4314,5,2,5,4,1,Outpatient,$289.00 ,$117.00 ,6/20/2024,1,Self-Referral,Yes,Paid,,,N/A,$284.20 , $-   
6/10/2024,2929,5,3,2,5,1,Emergency,$995.00 ,$98.00 ,,2,Emergency,Yes,Paid,,,Semi-Private Room,$786.10 ,$30.00 
6/10/2024,1981,4,5,4,1,3,Outpatient,$993.00 ,$171.00 ,6/18/2024,1,Self-Referral,No,Paid,,,N/A,$814.80 , $-   
6/10/2024,2973,5,1,1,3,1,Inpatient,$374.00 ,$24.00 ,,2,Emergency,Yes,Paid,,,Private Room,$313.60 ,$50.00 
6/10/2024,3453,5,5,2,3,2,Emergency,$843.00 ,$146.00 ,,1,Physician Referral,No,Paid,,,Private Room,$727.30 ,$50.00 
6/10/2024,2357,4,1,2,1,1,Outpatient,$675.00 ,$115.00 ,6/30/2024,2,Emergency,No,Paid,,,N/A,$553.00 , $-   
6/10/2024,3173,5,3,4,2,2,Emergency,$444.00 ,$152.00 ,,1,Emergency,Yes,Paid,,,General Ward,$424.20 ,$10.00 
6/10/2024,293,5,3,3,5,2,Emergency,$57.00 ,$141.00 ,,2,Emergency,No,Paid,,,Private Room,$173.60 ,$50.00 
6/11/2024,936,4,1,5,3,1,Outpatient,$709.00 ,$188.00 ,7/1/2024,1,Emergency,No,Paid,,,N/A,$627.90 , $-   
6/11/2024,1550,5,4,3,3,2,Outpatient,$406.00 ,$117.00 ,6/30/2024,2,Self-Referral,No,Paid,,,N/A,$366.10 , $-   
6/11/2024,3980,5,1,2,1,2,Emergency,$93.00 ,$154.00 ,,1,Emergency,Yes,Paid,,,General Ward,$179.90 ,$10.00 
6/11/2024,2859,4,3,5,4,3,Outpatient,$169.00 ,$109.00 ,7/4/2024,2,Physician Referral,Yes,Paid,,,N/A,$194.60 , $-   
6/11/2024,4341,5,5,1,1,2,Outpatient,$677.00 ,$148.00 ,7/4/2024,1,Emergency,Yes,Paid,,,N/A,$577.50 , $-   
6/11/2024,672,5,2,1,4,3,Outpatient,$814.00 ,$71.00 ,7/9/2024,2,Physician Referral,No,Paid,,,N/A,$619.50 , $-   
6/11/2024,1497,4,5,5,3,3,Outpatient,$331.00 ,$117.00 ,7/5/2024,1,Self-Referral,No,Paid,,,N/A,$313.60 , $-   
6/11/2024,4678,5,3,2,5,3,Emergency,$88.00 ,$45.00 ,,2,Emergency,Yes,Paid,,,Private Room,$128.10 ,$50.00 
6/11/2024,2016,5,5,4,4,3,Outpatient,$356.00 ,$140.00 ,,1,Physician Referral,Yes,Paid,,,Semi-Private Room,$368.20 ,$30.00 
6/11/2024,3167,4,4,3,3,2,Outpatient,$63.00 ,$31.00 ,6/20/2024,2,Emergency,No,Paid,,,N/A,$65.80 , $-   
6/12/2024,4833,5,4,3,3,2,Emergency,$974.00 ,$89.00 ,,1,Emergency,Yes,Paid,,,General Ward,$751.10 ,$10.00 
6/12/2024,2679,5,1,4,2,1,Outpatient,$697.00 ,$103.00 ,7/9/2024,2,Self-Referral,No,Paid,,,N/A,$560.00 , $-   
6/12/2024,938,4,5,4,1,3,Outpatient,$447.00 ,$38.00 ,,1,Physician Referral,Yes,Paid,,,Private Room,$374.50 ,$50.00 
6/12/2024,1692,5,5,1,2,2,Inpatient,$741.00 ,$151.00 ,,2,Physician Referral,No,Paid,,,Semi-Private Room,$645.40 ,$30.00 
6/12/2024,323,5,3,4,5,3,Outpatient,$607.00 ,$115.00 ,7/4/2024,1,Physician Referral,No,Paid,,,N/A,$505.40 , $-   
6/12/2024,1668,4,1,5,2,3,Outpatient,$635.00 ,$24.00 ,7/7/2024,2,Emergency,No,Paid,,,N/A,$461.30 , $-   
6/12/2024,3698,5,1,1,1,1,Outpatient,$523.00 ,$140.00 ,,1,Self-Referral,Yes,Paid,,,Semi-Private Room,$485.10 ,$30.00 
6/12/2024,4712,5,5,2,3,3,Emergency,$546.00 ,$147.00 ,,2,Emergency,No,Paid,,,General Ward,$492.10 ,$10.00 
6/12/2024,3198,4,2,1,4,2,Outpatient,$55.00 ,$73.00 ,,1,Self-Referral,Yes,Paid,,,Semi-Private Room,$110.60 ,$30.00 
6/12/2024,1843,5,5,1,3,2,Outpatient,$960.00 ,$199.00 ,6/24/2024,2,Self-Referral,No,Paid,,,N/A,$811.30 , $-   
6/13/2024,1045,5,5,3,2,2,Emergency,$126.00 ,$37.00 ,,1,Physician Referral,No,Paid,,,General Ward,$121.10 ,$10.00 
6/13/2024,2201,4,5,4,5,2,Outpatient,$985.00 ,$83.00 ,7/12/2024,2,Self-Referral,No,Paid,,,N/A,$747.60 , $-   
6/13/2024,479,5,4,5,3,3,Outpatient,$117.00 ,$157.00 ,6/25/2024,1,Physician Referral,Yes,Paid,,,N/A,$191.80 , $-   
6/13/2024,498,5,1,4,1,2,Outpatient,$601.00 ,$42.00 ,7/7/2024,2,Emergency,No,Paid,,,N/A,$450.10 , $-   
6/13/2024,4961,4,4,3,3,1,Emergency,$937.00 ,$139.00 ,,1,Emergency,Yes,Paid,,,Semi-Private Room,$774.20 ,$30.00 
6/13/2024,3841,5,2,4,4,3,Outpatient,$157.00 ,$134.00 ,6/28/2024,2,Self-Referral,No,Paid,,,N/A,$203.70 , $-   
6/13/2024,1820,5,3,5,3,2,Inpatient,$761.00 ,$101.00 ,,1,Physician Referral,No,Paid,,,General Ward,$610.40 ,$10.00 
6/13/2024,4907,4,2,4,4,2,Outpatient,$451.00 ,$199.00 ,7/7/2024,2,Physician Referral,Yes,Paid,,,N/A,$455.00 , $-   
6/13/2024,1266,5,1,3,1,1,Emergency,$927.00 ,$115.00 ,,1,Emergency,Yes,Paid,,,Private Room,$764.40 ,$50.00 
6/13/2024,4898,5,3,5,5,3,Outpatient,$306.00 ,$194.00 ,,2,Self-Referral,No,Paid,,,Private Room,$385.00 ,$50.00 
6/14/2024,965,4,2,4,4,1,Outpatient,$50.00 ,$45.00 ,6/26/2024,1,Physician Referral,Yes,Paid,,,N/A,$66.50 , $-   
6/14/2024,460,5,1,3,2,1,Outpatient,$330.00 ,$118.00 ,6/29/2024,2,Physician Referral,No,Paid,,,N/A,$313.60 , $-   
6/14/2024,3322,5,2,3,4,2,Inpatient,$949.00 ,$190.00 ,,1,Self-Referral,Yes,Paid,,,Semi-Private Room,$818.30 ,$30.00 
6/14/2024,3606,4,3,1,5,2,Emergency,$956.00 ,$85.00 ,,2,Emergency,No,Paid,,,Private Room,$763.70 ,$50.00 
6/14/2024,910,5,3,5,3,1,Outpatient,$884.00 ,$123.00 ,7/8/2024,1,Physician Referral,Yes,Paid,,,N/A,$704.90 , $-   
6/14/2024,1999,5,2,5,4,3,Outpatient,$469.00 ,$160.00 ,7/6/2024,2,Physician Referral,Yes,Paid,,,N/A,$440.30 , $-   
6/14/2024,3578,4,4,4,3,3,Inpatient,$447.00 ,$198.00 ,,1,Self-Referral,Yes,Paid,,,Private Room,$486.50 ,$50.00 
6/14/2024,4642,5,2,1,4,3,Emergency,$166.00 ,$24.00 ,,2,Self-Referral,Yes,Paid,,,Private Room,$168.00 ,$50.00 
6/14/2024,4075,5,2,5,4,1,Outpatient,$304.00 ,$194.00 ,7/13/2024,1,Physician Referral,No,Paid,,,N/A,$348.60 , $-   
6/14/2024,4359,4,2,3,4,3,Inpatient,$282.00 ,$183.00 ,,2,Physician Referral,Yes,Paid,,,Semi-Private Room,$346.50 ,$30.00 
6/15/2024,1310,5,4,5,3,2,Outpatient,$630.00 ,$183.00 ,7/4/2024,1,Self-Referral,Yes,Paid,,,N/A,$569.10 , $-   
6/15/2024,726,5,5,1,2,1,Outpatient,$843.00 ,$197.00 ,7/2/2024,2,Self-Referral,Yes,Paid,,,N/A,$728.00 , $-   
6/15/2024,473,4,3,2,2,1,Outpatient,$758.00 ,$38.00 ,6/29/2024,1,Physician Referral,No,Paid,,,N/A,$557.20 , $-   
6/15/2024,4606,5,1,3,5,1,Outpatient,$430.00 ,$39.00 ,7/8/2024,2,Self-Referral,No,Paid,,,N/A,$328.30 , $-   
6/15/2024,2866,5,3,5,3,3,Outpatient,$871.00 ,$169.00 ,,1,Physician Referral,Yes,Paid,,,General Ward,$735.00 ,$10.00 
6/15/2024,4265,4,3,3,4,3,Outpatient,$332.00 ,$50.00 ,6/30/2024,2,Self-Referral,No,Paid,,,N/A,$267.40 , $-   
6/15/2024,2368,5,5,4,2,2,Outpatient,$315.00 ,$124.00 ,6/27/2024,1,Physician Referral,No,Paid,,,N/A,$307.30 , $-   
6/15/2024,4050,5,3,3,4,3,Inpatient,$146.00 ,$63.00 ,,2,Physician Referral,Yes,Paid,,,General Ward,$153.30 ,$10.00 
6/15/2024,2109,4,3,5,3,3,Emergency,$757.00 ,$120.00 ,,1,Self-Referral,No,Paid,,,Private Room,$648.90 ,$50.00 
6/15/2024,4288,5,4,4,3,3,Outpatient,$851.00 ,$108.00 ,6/22/2024,2,Emergency,Yes,Paid,,,N/A,$671.30 , $-   
6/16/2024,2976,5,4,4,3,3,Outpatient,$399.00 ,$68.00 ,6/23/2024,1,Physician Referral,Yes,Paid,,,N/A,$326.90 , $-   
6/16/2024,634,4,4,4,3,2,Outpatient,$522.00 ,$78.00 ,7/5/2024,2,Emergency,No,Paid,,,N/A,$420.00 , $-   
6/16/2024,3523,5,4,2,3,2,Outpatient,$654.00 ,$151.00 ,6/29/2024,1,Emergency,No,Paid,,,N/A,$563.50 , $-   
6/16/2024,2185,5,4,2,3,2,Outpatient,$228.00 ,$136.00 ,7/2/2024,2,Self-Referral,Yes,Paid,,,N/A,$254.80 , $-   
6/16/2024,3192,4,1,4,2,3,Outpatient,$873.00 ,$186.00 ,7/10/2024,1,Physician Referral,Yes,Paid,,,N/A,$741.30 , $-   
6/16/2024,2154,5,5,5,1,3,Inpatient,$410.00 ,$154.00 ,,2,Emergency,Yes,Pending,,,General Ward,$401.80 ,$10.00 
6/16/2024,72,5,2,4,4,1,Inpatient,$829.00 ,$196.00 ,,1,Physician Referral,No,Pending,,,General Ward,$724.50 ,$10.00 
6/16/2024,1702,4,4,4,3,1,Outpatient,$159.00 ,$108.00 ,6/28/2024,2,Physician Referral,No,Paid,,,N/A,$186.90 , $-   
6/16/2024,302,5,5,3,1,3,Inpatient,$980.00 ,$34.00 ,,1,Emergency,No,Paid,,,Semi-Private Room,$730.80 ,$30.00 
6/16/2024,897,5,2,3,4,1,Emergency,$260.00 ,$26.00 ,,2,Emergency,No,Pending,,,General Ward,$207.20 ,$10.00 
6/17/2024,1468,4,3,3,2,2,Outpatient,$343.00 ,$194.00 ,7/6/2024,1,Physician Referral,Yes,Paid,,,N/A,$375.90 , $-   
6/17/2024,280,5,3,1,2,2,Emergency,$806.00 ,$135.00 ,,2,Emergency,No,Pending,,,Semi-Private Room,$679.70 ,$30.00 
6/17/2024,338,5,5,3,2,2,Outpatient,$323.00 ,$117.00 ,,1,Emergency,No,Pending,,,General Ward,$315.00 ,$10.00 
6/17/2024,4914,4,1,3,1,1,Outpatient,$188.00 ,$137.00 ,6/28/2024,2,Physician Referral,No,Paid,,,N/A,$227.50 , $-   
6/17/2024,4460,5,1,5,1,2,Outpatient,$939.00 ,$192.00 ,7/14/2024,1,Emergency,Yes,Paid,,,N/A,$791.70 , $-   
6/17/2024,2939,5,5,2,3,2,Outpatient,$512.00 ,$127.00 ,7/8/2024,2,Emergency,No,Paid,,,N/A,$447.30 , $-   
6/17/2024,416,4,1,2,5,2,Outpatient,$274.00 ,$125.00 ,,1,Physician Referral,Yes,Paid,,,Private Room,$314.30 ,$50.00 
6/17/2024,357,5,1,2,2,3,Outpatient,$820.00 ,$166.00 ,7/5/2024,2,Emergency,No,Paid,,,N/A,$690.20 , $-   
6/17/2024,3317,5,3,1,5,3,Emergency,$818.00 ,$66.00 ,,1,Self-Referral,Yes,Paid,,,General Ward,$625.80 ,$10.00 
6/17/2024,3871,4,1,4,2,2,Outpatient,$122.00 ,$72.00 ,7/15/2024,2,Physician Referral,Yes,Paid,,,N/A,$135.80 , $-   
6/18/2024,2017,5,1,3,1,2,Outpatient,$113.00 ,$174.00 ,7/5/2024,1,Self-Referral,Yes,Paid,,,N/A,$200.90 , $-   
6/18/2024,645,5,5,5,1,3,Outpatient,$878.00 ,$152.00 ,7/2/2024,2,Physician Referral,Yes,Paid,,,N/A,$721.00 , $-   
6/18/2024,1155,4,1,1,2,3,Outpatient,$614.00 ,$79.00 ,6/29/2024,1,Self-Referral,No,Paid,,,N/A,$485.10 , $-   
6/18/2024,1834,5,4,2,3,1,Outpatient,$93.00 ,$96.00 ,,2,Self-Referral,No,Paid,,,Semi-Private Room,$153.30 ,$30.00 
6/18/2024,2631,5,4,1,3,3,Inpatient,$901.00 ,$81.00 ,,1,Emergency,No,Paid,,,Semi-Private Room,$708.40 ,$30.00 
6/18/2024,4199,4,5,5,3,2,Outpatient,$623.00 ,$78.00 ,7/2/2024,2,Physician Referral,Yes,Paid,,,N/A,$490.70 , $-   
6/18/2024,234,5,4,1,3,3,Outpatient,$798.00 ,$75.00 ,,1,Physician Referral,Yes,Paid,,,Semi-Private Room,$632.10 ,$30.00 
6/18/2024,1701,5,3,2,3,2,Outpatient,$612.00 ,$97.00 ,6/29/2024,2,Emergency,Yes,Paid,,,N/A,$496.30 , $-   
6/18/2024,3308,4,5,4,5,1,Outpatient,$605.00 ,$66.00 ,7/4/2024,1,Emergency,Yes,Paid,,,N/A,$469.70 , $-   
6/18/2024,3045,5,1,2,1,3,Inpatient,$908.00 ,$195.00 ,,2,Self-Referral,No,Paid,,,Private Room,$807.10 ,$50.00 
6/19/2024,3380,5,4,2,3,1,Outpatient,$336.00 ,$157.00 ,,1,Physician Referral,No,Paid,,,Semi-Private Room,$366.10 ,$30.00 
6/19/2024,3385,4,3,2,5,2,Outpatient,$879.00 ,$179.00 ,7/10/2024,2,Emergency,Yes,Paid,,,N/A,$740.60 , $-   
6/19/2024,4859,5,5,1,3,2,Outpatient,$146.00 ,$43.00 ,7/1/2024,1,Emergency,No,Paid,,,N/A,$132.30 , $-   
6/19/2024,3507,5,5,5,4,2,Outpatient,$99.00 ,$48.00 ,7/13/2024,2,Self-Referral,Yes,Paid,,,N/A,$102.90 , $-   
6/19/2024,3247,4,1,2,3,2,Inpatient,$349.00 ,$154.00 ,,1,Self-Referral,No,Paid,,,Private Room,$387.10 ,$50.00 
6/19/2024,959,5,2,1,4,1,Outpatient,$724.00 ,$114.00 ,7/18/2024,2,Emergency,No,Paid,,,N/A,$586.60 , $-   
6/19/2024,2582,5,4,5,3,3,Outpatient,$90.00 ,$164.00 ,6/28/2024,1,Self-Referral,Yes,Paid,,,N/A,$177.80 , $-   
6/19/2024,3813,4,3,4,2,3,Outpatient,$700.00 ,$113.00 ,7/4/2024,2,Physician Referral,No,Paid,,,N/A,$569.10 , $-   
6/19/2024,606,5,5,2,5,2,Outpatient,$73.00 ,$44.00 ,7/5/2024,1,Self-Referral,Yes,Paid,,,N/A,$81.90 , $-   
6/19/2024,4784,5,4,3,3,2,Outpatient,$859.00 ,$55.00 ,7/2/2024,2,Physician Referral,No,Paid,,,N/A,$639.80 , $-   
6/20/2024,2817,4,3,1,1,1,Outpatient,$96.00 ,$90.00 ,7/15/2024,1,Emergency,Yes,Paid,,,N/A,$130.20 , $-   
6/20/2024,218,5,3,4,2,1,Emergency,$792.00 ,$182.00 ,,2,Emergency,Yes,Paid,,,Private Room,$716.80 ,$50.00 
6/20/2024,2643,5,5,4,3,2,Outpatient,$127.00 ,$139.00 ,6/28/2024,1,Self-Referral,Yes,Paid,,,N/A,$186.20 , $-   
6/20/2024,2115,4,4,4,3,2,Outpatient,$219.00 ,$69.00 ,7/4/2024,2,Emergency,No,Paid,,,N/A,$201.60 , $-   
6/20/2024,2703,5,3,1,3,3,Outpatient,$642.00 ,$147.00 ,,1,Self-Referral,No,Paid,,,Private Room,$587.30 ,$50.00 
6/20/2024,4003,5,5,5,5,3,Outpatient,$729.00 ,$60.00 ,,2,Self-Referral,Yes,Paid,,,Private Room,$587.30 ,$50.00 
6/20/2024,1144,4,4,3,3,3,Outpatient,$925.00 ,$44.00 ,7/3/2024,1,Self-Referral,Yes,Paid,,,N/A,$678.30 , $-   
6/20/2024,2191,5,4,5,3,2,Outpatient,$490.00 ,$181.00 ,,2,Self-Referral,No,Paid,,,General Ward,$476.70 ,$10.00 
6/20/2024,1162,5,5,2,2,1,Outpatient,$536.00 ,$155.00 ,7/1/2024,1,Physician Referral,Yes,Paid,,,N/A,$483.70 , $-   
6/20/2024,744,4,4,3,3,1,Inpatient,$449.00 ,$75.00 ,,2,Physician Referral,Yes,Paid,,,General Ward, $-   ,$10.00 
6/21/2024,2362,5,2,5,4,1,Inpatient,$746.00 ,$103.00 ,,1,Emergency,No,Paid,,,Semi-Private Room,$615.30 ,$30.00 
6/21/2024,1183,5,3,2,1,2,Outpatient,$356.00 ,$177.00 ,7/1/2024,2,Self-Referral,Yes,Paid,,,N/A,$373.10 , $-   
6/21/2024,2790,4,3,3,2,2,Outpatient,$181.00 ,$87.00 ,,1,Emergency,Yes,Paid,,,General Ward,$194.60 ,$10.00 
6/21/2024,891,5,4,1,3,1,Outpatient,$666.00 ,$40.00 ,7/8/2024,2,Self-Referral,Yes,Paid,,,N/A,$494.20 , $-   
6/21/2024,1312,5,5,2,1,1,Outpatient,$670.00 ,$110.00 ,,1,Emergency,No,Paid,,,General Ward,$553.00 ,$10.00 
6/21/2024,3207,4,1,5,5,1,Outpatient,$234.00 ,$29.00 ,7/7/2024,2,Physician Referral,No,Paid,,,N/A,$184.10 , $-   
6/21/2024,2981,5,4,3,3,2,Inpatient,$90.00 ,$106.00 ,,1,Emergency,Yes,Paid,,,Semi-Private Room,$158.20 ,$30.00 
6/21/2024,3170,5,1,2,5,3,Outpatient,$741.00 ,$52.00 ,6/28/2024,2,Self-Referral,Yes,Paid,,,N/A,$555.10 , $-   
6/21/2024,2074,4,4,2,3,3,Outpatient,$625.00 ,$124.00 ,7/1/2024,1,Self-Referral,No,Paid,,,N/A, $-   , $-   
6/21/2024,3742,5,1,1,4,2,Outpatient,$965.00 ,$102.00 ,7/19/2024,2,Emergency,Yes,Paid,,,N/A,$746.90 , $-   
6/22/2024,4835,5,4,2,3,3,Outpatient,$367.00 ,$23.00 ,7/4/2024,1,Emergency,Yes,Paid,,,N/A,$273.00 , $-   
6/22/2024,3772,4,5,3,4,1,Emergency,$525.00 ,$42.00 ,,2,Self-Referral,Yes,Paid,,,Private Room, $-   ,$50.00 
6/22/2024,409,5,1,4,1,3,Outpatient,$799.00 ,$72.00 ,7/16/2024,1,Emergency,No,Paid,,,N/A,$609.70 , $-   
6/22/2024,3695,5,2,3,4,1,Inpatient,$947.00 ,$132.00 ,,2,Physician Referral,No,Paid,,,Semi-Private Room,$776.30 ,$30.00 
6/22/2024,2063,4,5,3,3,2,Inpatient,$910.00 ,$152.00 ,,1,Self-Referral,No,Paid,,,General Ward, $-   ,$10.00 
6/22/2024,15,5,4,1,3,2,Outpatient,$407.00 ,$37.00 ,7/11/2024,2,Self-Referral,Yes,Paid,,,N/A,$310.80 , $-   
6/22/2024,4911,5,1,1,1,1,Outpatient,$460.00 ,$36.00 ,7/11/2024,1,Physician Referral,Yes,Paid,,,N/A,$347.20 , $-   
6/22/2024,4888,4,3,2,2,1,Inpatient,$204.00 ,$126.00 ,,2,Emergency,No,Paid,,,Semi-Private Room, $-   ,$30.00 
6/22/2024,38,5,5,1,3,3,Outpatient,$521.00 ,$132.00 ,,1,Physician Referral,Yes,Paid,,,Semi-Private Room,$478.10 ,$30.00 
6/22/2024,4368,5,1,2,5,1,Inpatient,$943.00 ,$141.00 ,,2,Self-Referral,No,Paid,,,General Ward,$765.80 ,$10.00 
6/23/2024,963,4,5,4,3,2,Outpatient,$129.00 ,$187.00 ,6/30/2024,1,Physician Referral,Yes,Paid,,,N/A,$221.20 , $-   
6/23/2024,3252,5,1,5,1,2,Outpatient,$502.00 ,$106.00 ,7/3/2024,2,Emergency,No,Paid,,,N/A, $-   , $-   
6/23/2024,1956,5,3,1,2,3,Emergency,$647.00 ,$21.00 ,,1,Emergency,No,Paid,,,Semi-Private Room,$488.60 ,$30.00 
6/23/2024,3204,4,2,1,4,1,Emergency,$512.00 ,$140.00 ,,2,Self-Referral,No,Paid,,,Private Room,$491.40 ,$50.00 
6/23/2024,2335,5,3,4,2,1,Emergency,$327.00 ,$122.00 ,,1,Self-Referral,Yes,Paid,,,Private Room,$349.30 ,$50.00 
6/23/2024,4208,5,4,1,3,3,Outpatient,$620.00 ,$168.00 ,7/3/2024,2,Physician Referral,Yes,Paid,,,N/A,$551.60 , $-   
6/23/2024,2083,4,5,4,5,2,Inpatient,$217.00 ,$199.00 ,,1,Emergency,No,Paid,,,General Ward,$298.20 ,$10.00 
6/23/2024,2,5,2,2,4,1,Emergency,$624.00 ,$171.00 ,,2,Physician Referral,Yes,Paid,,,General Ward,$563.50 ,$10.00 
6/23/2024,1821,5,5,1,1,3,Emergency,$680.00 ,$72.00 ,,1,Self-Referral,No,Paid,,,General Ward,$533.40 ,$10.00 
6/23/2024,4431,4,1,1,2,3,Emergency,$327.00 ,$185.00 ,,2,Physician Referral,No,Paid,,,Semi-Private Room,$379.40 ,$30.00 
6/24/2024,2053,5,4,2,3,3,Outpatient,$440.00 ,$167.00 ,7/18/2024,1,Emergency,No,Paid,,,N/A,$424.90 , $-   
6/24/2024,1370,5,4,1,3,3,Inpatient,$625.00 ,$69.00 ,,2,Self-Referral,No,Paid,,,Semi-Private Room,$506.80 ,$30.00 
6/24/2024,3823,4,5,3,2,1,Outpatient,$712.00 ,$186.00 ,7/18/2024,1,Physician Referral,Yes,Paid,,,N/A,$628.60 , $-   
6/24/2024,213,5,4,4,3,3,Outpatient,$639.00 ,$79.00 ,7/18/2024,2,Physician Referral,No,Paid,,,N/A,$502.60 , $-   
6/24/2024,4331,5,5,5,3,1,Outpatient,$790.00 ,$133.00 ,,1,Emergency,Yes,Paid,,,General Ward,$653.10 ,$10.00 
6/24/2024,3135,4,1,3,2,2,Outpatient,$580.00 ,$127.00 ,7/15/2024,2,Emergency,No,Paid,,,N/A,$494.90 , $-   
6/24/2024,287,5,1,5,5,3,Inpatient,$654.00 ,$58.00 ,,1,Physician Referral,No,Paid,,,Semi-Private Room,$519.40 ,$30.00 
6/24/2024,2984,5,5,3,1,3,Outpatient,$193.00 ,$90.00 ,,2,Emergency,No,Paid,,,Private Room,$233.10 ,$50.00 
6/24/2024,3028,4,3,3,4,2,Outpatient,$545.00 ,$147.00 ,,1,Self-Referral,No,Paid,,,General Ward,$491.40 ,$10.00 
6/24/2024,1133,5,3,3,2,3,Outpatient,$202.00 ,$52.00 ,,2,Physician Referral,No,Paid,,,General Ward,$184.80 ,$10.00 
6/25/2024,3955,5,1,4,5,1,Outpatient,$360.00 ,$176.00 ,,1,Physician Referral,No,Paid,,,Semi-Private Room,$396.20 ,$30.00 
6/25/2024,3626,4,2,5,4,2,Outpatient,$233.00 ,$93.00 ,7/19/2024,2,Self-Referral,No,Paid,,,N/A,$228.20 , $-   
6/25/2024,317,5,3,2,1,2,Outpatient,$869.00 ,$29.00 ,7/16/2024,1,Emergency,Yes,Paid,,,N/A,$628.60 , $-   
6/25/2024,3868,5,5,2,1,1,Inpatient,$645.00 ,$150.00 ,,2,Self-Referral,Yes,Paid,,,Semi-Private Room,$577.50 ,$30.00 
6/25/2024,2061,4,1,1,4,1,Outpatient,$681.00 ,$128.00 ,7/18/2024,1,Self-Referral,Yes,Paid,,,N/A,$566.30 , $-   
6/25/2024,1759,5,4,4,3,2,Outpatient,$368.00 ,$178.00 ,,2,Physician Referral,Yes,Paid,,,Semi-Private Room,$403.20 ,$30.00 
6/25/2024,2495,5,4,4,3,3,Outpatient,$990.00 ,$46.00 ,7/6/2024,1,Self-Referral,Yes,Paid,,,N/A,$725.20 , $-   
6/25/2024,332,4,3,4,3,1,Outpatient,$264.00 ,$46.00 ,7/12/2024,2,Emergency,No,Paid,,,N/A,$217.00 , $-   
6/25/2024,2702,5,2,3,4,1,Emergency,$199.00 ,$130.00 ,,1,Physician Referral,No,Paid,,,Private Room,$265.30 ,$50.00 
6/25/2024,4827,5,3,4,5,1,Outpatient,$304.00 ,$28.00 ,7/17/2024,2,Emergency,Yes,Paid,,,N/A,$232.40 , $-   
6/26/2024,1686,4,2,2,4,2,Outpatient,$174.00 ,$25.00 ,7/22/2024,1,Self-Referral,No,Paid,,,N/A,$139.30 , $-   
6/26/2024,4113,5,3,4,2,3,Outpatient,$371.00 ,$153.00 ,7/4/2024,2,Self-Referral,No,Paid,,,N/A,$366.80 , $-   
6/26/2024,3091,5,4,3,3,1,Outpatient,$893.00 ,$45.00 ,,1,Emergency,No,Paid,,,General Ward,$663.60 ,$10.00 
6/26/2024,3177,4,2,5,4,2,Outpatient,$174.00 ,$62.00 ,7/19/2024,2,Physician Referral,Yes,Paid,,,N/A,$165.20 , $-   
6/26/2024,4743,5,4,4,3,2,Outpatient,$851.00 ,$38.00 ,7/3/2024,1,Self-Referral,Yes,Paid,,,N/A,$622.30 , $-   
6/26/2024,2400,5,5,5,2,3,Outpatient,$327.00 ,$35.00 ,7/20/2024,2,Self-Referral,Yes,Paid,,,N/A,$253.40 , $-   
6/26/2024,3455,4,5,1,4,2,Outpatient,$148.00 ,$124.00 ,7/19/2024,1,Self-Referral,No,Paid,,,N/A,$190.40 , $-   
6/26/2024,2987,5,1,3,4,2,Outpatient,$668.00 ,$42.00 ,7/20/2024,2,Physician Referral,Yes,Paid,,,N/A,$497.00 , $-   
6/26/2024,1808,5,4,4,3,1,Outpatient,$814.00 ,$176.00 ,7/21/2024,1,Physician Referral,No,Paid,,,N/A,$693.00 , $-   
6/26/2024,1660,4,4,1,3,1,Outpatient,$176.00 ,$185.00 ,7/7/2024,2,Self-Referral,No,Paid,,,N/A,$252.70 , $-   
6/27/2024,3851,5,1,1,1,1,Outpatient,$136.00 ,$78.00 ,7/16/2024,1,Physician Referral,No,Paid,,,N/A,$149.80 , $-   
6/27/2024,2822,5,5,5,3,2,Outpatient,$788.00 ,$67.00 ,7/26/2024,2,Emergency,No,Paid,,,N/A,$598.50 , $-   
6/27/2024,4097,4,5,2,1,3,Outpatient,$530.00 ,$167.00 ,,1,Self-Referral,No,Paid,,,Private Room,$522.90 ,$50.00 
6/27/2024,1419,5,2,2,4,3,Outpatient,$298.00 ,$40.00 ,7/9/2024,2,Emergency,Yes,Paid,,,N/A,$236.60 , $-   
6/27/2024,3503,5,2,2,4,3,Outpatient,$847.00 ,$175.00 ,7/16/2024,1,Physician Referral,Yes,Paid,,,N/A,$715.40 , $-   
6/27/2024,1952,4,5,2,2,2,Outpatient,$409.00 ,$197.00 ,7/21/2024,2,Physician Referral,Yes,Paid,,,N/A,$424.20 , $-   
6/27/2024,4501,5,3,3,5,1,Outpatient,$890.00 ,$52.00 ,7/7/2024,1,Emergency,No,Paid,,,N/A,$659.40 , $-   
6/27/2024,525,5,4,4,3,2,Outpatient,$403.00 ,$133.00 ,7/12/2024,2,Physician Referral,Yes,Paid,,,N/A,$375.20 , $-   
6/27/2024,75,4,2,4,4,1,Inpatient,$429.00 ,$59.00 ,,1,Self-Referral,Yes,Paid,,,Semi-Private Room,$362.60 ,$30.00 
6/27/2024,1445,5,3,3,5,2,Inpatient,$651.00 ,$29.00 ,,2,Emergency,No,Paid,,,Private Room,$511.00 ,$50.00 
6/28/2024,2595,5,2,5,4,2,Inpatient,$397.00 ,$181.00 ,,1,Emergency,Yes,Paid,,,Private Room,$439.60 ,$50.00 
6/28/2024,2429,4,1,4,1,3,Emergency,$665.00 ,$92.00 ,,2,Self-Referral,No,Paid,,,General Ward,$536.90 ,$10.00 
6/28/2024,4799,5,4,1,3,2,Outpatient,$183.00 ,$55.00 ,7/27/2024,1,Physician Referral,No,Paid,,,N/A,$166.60 , $-   
6/28/2024,3962,5,2,4,4,3,Outpatient,$678.00 ,$94.00 ,7/7/2024,2,Emergency,No,Paid,,,N/A,$540.40 , $-   
6/28/2024,2023,4,5,3,2,2,Outpatient,$212.00 ,$154.00 ,7/26/2024,1,Emergency,No,Paid,,,N/A,$256.20 , $-   
6/28/2024,3849,5,1,5,5,3,Inpatient,$342.00 ,$134.00 ,,2,Self-Referral,Yes,Paid,,,Semi-Private Room,$354.20 ,$30.00 
6/28/2024,2358,5,1,4,3,2,Outpatient,$910.00 ,$35.00 ,,1,Physician Referral,Yes,Paid,,,General Ward,$668.50 ,$10.00 
6/28/2024,2723,4,5,3,3,2,Emergency,$556.00 ,$198.00 ,,2,Emergency,No,Paid,,,Semi-Private Room,$548.80 ,$30.00 
6/28/2024,386,5,1,1,5,1,Inpatient,$833.00 ,$178.00 ,,1,Physician Referral,Yes,Paid,,,General Ward,$714.70 ,$10.00 
6/28/2024,2815,5,4,2,3,1,Outpatient,$425.00 ,$179.00 ,7/12/2024,2,Emergency,Yes,Paid,,,N/A,$422.80 , $-   
6/29/2024,3516,4,2,1,4,1,Outpatient,$466.00 ,$64.00 ,7/18/2024,1,Physician Referral,No,Paid,,,N/A,$371.00 , $-   
6/29/2024,2442,5,1,1,2,2,Emergency,$826.00 ,$46.00 ,,2,Emergency,No,Paid,,,General Ward,$617.40 ,$10.00 
6/29/2024,1779,5,4,5,3,1,Outpatient,$924.00 ,$41.00 ,7/27/2024,1,Physician Referral,No,Paid,,,N/A,$675.50 , $-   
6/29/2024,1524,4,5,4,1,1,Inpatient,$84.00 ,$162.00 ,,2,Physician Referral,Yes,Paid,,,General Ward,$179.20 ,$10.00 
6/29/2024,4758,5,2,2,4,2,Inpatient,$918.00 ,$27.00 ,,1,Emergency,Yes,Paid,,,Private Room,$696.50 ,$50.00 
6/29/2024,1171,5,5,3,1,2,Inpatient,$736.00 ,$135.00 ,,2,Physician Referral,No,Paid,,,General Ward,$616.70 ,$10.00 
6/29/2024,2402,4,2,2,4,1,Inpatient,$901.00 ,$155.00 ,,1,Physician Referral,No,Paid,,,Private Room,$774.20 ,$50.00 
6/29/2024,1937,5,1,4,5,1,Outpatient,$753.00 ,$106.00 ,7/16/2024,2,Self-Referral,No,Paid,,,N/A,$601.30 , $-   
6/29/2024,4509,5,1,5,5,2,Outpatient,$241.00 ,$136.00 ,7/15/2024,1,Self-Referral,Yes,Pending,,,N/A,$263.90 , $-   
6/29/2024,3581,4,2,4,4,2,Inpatient,$359.00 ,$35.00 ,,2,Self-Referral,No,Pending,,,Semi-Private Room,$296.80 ,$30.00 
6/30/2024,4294,5,4,3,3,3,Outpatient,$804.00 ,$195.00 ,,1,Self-Referral,Yes,Paid,,,Semi-Private Room,$720.30 ,$30.00 
6/30/2024,3205,5,4,2,3,3,Outpatient,$406.00 ,$181.00 ,7/17/2024,2,Physician Referral,No,Pending,,,N/A,$410.90 , $-   
6/30/2024,4807,4,4,1,3,2,Outpatient,$646.00 ,$132.00 ,7/9/2024,1,Emergency,Yes,Paid,,,N/A,$544.60 , $-   
6/30/2024,202,5,3,4,1,2,Emergency,$957.00 ,$76.00 ,,2,Emergency,Yes,Pending,,,Semi-Private Room,$744.10 ,$30.00 
6/30/2024,3201,5,4,5,3,1,Emergency,$252.00 ,$152.00 ,,1,Self-Referral,No,Paid,,,General Ward,$289.80 ,$10.00 
6/30/2024,1021,4,1,5,4,3,Emergency,$598.00 ,$63.00 ,,2,Emergency,Yes,Paid,,,Semi-Private Room,$483.70 ,$30.00 
6/30/2024,66,5,3,2,2,1,Outpatient,$731.00 ,$90.00 ,,1,Emergency,Yes,Paid,,,Semi-Private Room,$595.70 ,$30.00 
6/30/2024,2097,5,4,1,3,3,Emergency,$473.00 ,$56.00 ,,2,Physician Referral,Yes,Pending,,,Semi-Private Room,$391.30 ,$30.00 
6/30/2024,1527,4,1,3,5,1,Outpatient,$981.00 ,$143.00 ,7/20/2024,1,Physician Referral,No,Paid,,,N/A,$786.80 , $-   
6/30/2024,2748,5,3,1,4,3,Outpatient,$931.00 ,$47.00 ,7/20/2024,2,Emergency,Yes,Paid,,,N/A,$684.60 , $-   
7/1/2024,1474,5,1,2,3,2,Outpatient,$371.00 ,$87.00 ,,1,Physician Referral,Yes,Paid,,,Semi-Private Room,$341.60 ,$30.00 
7/1/2024,3046,4,2,1,4,2,Inpatient,$699.00 ,$132.00 ,,2,Self-Referral,Yes,Paid,,,Semi-Private Room,$602.70 ,$30.00 
7/1/2024,1556,5,1,2,1,2,Inpatient,$80.00 ,$185.00 ,,1,Self-Referral,No,Pending,,,Private Room,$220.50 ,$50.00 
7/1/2024,2718,5,3,1,2,1,Outpatient,$933.00 ,$65.00 ,,2,Emergency,No,Pending,,,Semi-Private Room,$719.60 ,$30.00 
7/1/2024,3172,4,4,4,3,3,Outpatient,$745.00 ,$119.00 ,7/26/2024,1,Emergency,No,Paid,,,N/A,$604.80 , $-   
7/1/2024,3845,5,3,5,2,1,Outpatient,$225.00 ,$45.00 ,7/11/2024,2,Self-Referral,Yes,Paid,,,N/A,$189.00 , $-   
7/1/2024,3595,5,4,2,3,2,Emergency,$659.00 ,$94.00 ,,1,Emergency,No,Pending,,,Semi-Private Room,$548.10 ,$30.00 
7/1/2024,1802,4,4,2,3,3,Outpatient,$650.00 ,$131.00 ,7/8/2024,2,Emergency,No,Paid,,,N/A,$546.70 , $-   
7/1/2024,2111,5,5,5,3,3,Outpatient,$553.00 ,$82.00 ,,1,Physician Referral,No,Pending,,,General Ward,$451.50 ,$10.00 
7/1/2024,1348,5,2,3,4,1,Outpatient,$193.00 ,$131.00 ,,2,Physician Referral,No,Paid,,,Semi-Private Room,$247.80 ,$30.00 
7/2/2024,2105,4,5,2,2,2,Outpatient,$923.00 ,$185.00 ,7/10/2024,1,Self-Referral,Yes,Pending,,,N/A,$775.60 , $-   
7/2/2024,77,5,3,4,1,1,Outpatient,$175.00 ,$162.00 ,,2,Self-Referral,No,Paid,,,General Ward,$242.90 ,$10.00 
7/2/2024,1272,5,5,1,4,1,Outpatient,$472.00 ,$118.00 ,7/14/2024,1,Self-Referral,No,Pending,,,N/A,$413.00 , $-   
7/2/2024,1121,4,4,4,3,2,Emergency,$549.00 ,$28.00 ,,2,Self-Referral,No,Pending,,,General Ward,$410.90 ,$10.00 
7/2/2024,3093,5,3,2,3,2,Inpatient,$476.00 ,$94.00 ,,1,Self-Referral,No,Pending,,,Private Room,$434.00 ,$50.00 
7/2/2024,3671,5,5,3,5,1,Inpatient,$213.00 ,$41.00 ,,2,Physician Referral,Yes,Paid,,,General Ward,$184.80 ,$10.00 
7/2/2024,2738,4,1,2,3,3,Inpatient,$273.00 ,$56.00 ,,1,Emergency,Yes,Pending,,,Semi-Private Room,$251.30 ,$30.00 
7/2/2024,521,5,2,3,4,2,Outpatient,$107.00 ,$76.00 ,7/21/2024,2,Self-Referral,No,Pending,,,N/A,$128.10 , $-   
7/2/2024,2772,5,1,5,5,2,Emergency,$797.00 ,$133.00 ,,1,Self-Referral,Yes,Paid,,,Semi-Private Room,$672.00 ,$30.00 
7/2/2024,3903,4,3,1,4,2,Outpatient,$726.00 ,$159.00 ,7/22/2024,2,Physician Referral,Yes,Paid,,,N/A,$619.50 , $-   
7/3/2024,3573,5,5,4,2,2,Outpatient,$550.00 ,$154.00 ,7/10/2024,1,Physician Referral,No,Paid,,,N/A,$492.80 , $-   
7/3/2024,3055,5,4,3,3,3,Emergency,$323.00 ,$122.00 ,,2,Physician Referral,Yes,Paid,,,General Ward,$318.50 ,$10.00 
7/3/2024,2924,4,5,4,4,3,Outpatient,$68.00 ,$60.00 ,7/17/2024,1,Physician Referral,No,Pending,,,N/A,$89.60 , $-   
7/3/2024,692,5,3,5,1,1,Emergency,$643.00 ,$171.00 ,,2,Emergency,Yes,Pending,,,General Ward,$576.80 ,$10.00 
7/3/2024,4069,5,3,2,3,1,Outpatient,$259.00 ,$172.00 ,7/27/2024,1,Emergency,No,Pending,,,N/A,$301.70 , $-   
7/3/2024,4966,4,3,3,5,2,Outpatient,$796.00 ,$124.00 ,7/23/2024,2,Physician Referral,Yes,Pending,,,N/A,$644.00 , $-   
7/3/2024,958,5,3,1,4,1,Outpatient,$601.00 ,$125.00 ,,1,Physician Referral,Yes,Pending,,,Semi-Private Room,$529.20 ,$30.00 
7/3/2024,2046,5,5,3,1,3,Inpatient,$299.00 ,$63.00 ,,2,Self-Referral,No,Pending,,,General Ward,$260.40 ,$10.00 
7/3/2024,1691,4,1,2,1,2,Outpatient,$557.00 ,$149.00 ,7/11/2024,1,Emergency,Yes,Pending,,,N/A,$494.20 , $-   
7/3/2024,2609,2,1,2,5,2,Inpatient,$765.00 ,$189.00 ,,2,Self-Referral,No,Pending,,,Private Room,$702.80 ,$50.00 
7/4/2024,1294,3,1,1,4,2,Inpatient,$515.00 ,$180.00 ,,1,Physician Referral,Yes,Pending,,,Private Room,$521.50 ,$50.00 
7/4/2024,4074,5,1,1,3,1,Outpatient,$97.00 ,$164.00 ,7/22/2024,2,Self-Referral,No,Pending,,,N/A,$182.70 , $-   
7/4/2024,969,5,1,5,3,2,Outpatient,$705.00 ,$141.00 ,7/11/2024,1,Physician Referral,Yes,Pending,,,N/A,$592.20 , $-   
7/4/2024,2864,5,1,4,4,2,Outpatient,$937.00 ,$169.00 ,,2,Emergency,Yes,Paid,,,Private Room,$809.20 ,$50.00 
7/4/2024,4281,5,1,3,2,3,Outpatient,$778.00 ,$20.00 ,7/31/2024,1,Self-Referral,Yes,Paid,,,N/A,$558.60 , $-   
7/4/2024,4574,2,1,5,3,2,Emergency,$87.00 ,$113.00 ,,2,Self-Referral,Yes,Paid,,,General Ward,$147.00 ,$10.00 
7/4/2024,4768,2,1,4,2,1,Outpatient,$756.00 ,$33.00 ,,1,Self-Referral,Yes,Paid,,,Semi-Private Room,$573.30 ,$30.00 
7/4/2024,1970,3,1,5,4,2,Outpatient,$814.00 ,$119.00 ,7/25/2024,2,Emergency,No,Paid,,,N/A,$653.10 , $-   
7/4/2024,3303,1,1,1,1,1,Emergency,$805.00 ,$121.00 ,,1,Emergency,No,Paid,,,General Ward,$655.20 ,$10.00 
7/4/2024,1118,2,1,1,4,3,Outpatient,$632.00 ,$72.00 ,7/21/2024,2,Self-Referral,No,Pending,,,N/A,$492.80 , $-   
7/5/2024,3629,5,1,2,1,3,Emergency,$258.00 ,$25.00 ,,1,Self-Referral,No,Pending,,,Private Room,$233.10 ,$50.00 
7/5/2024,1011,3,1,3,4,2,Emergency,$905.00 ,$109.00 ,,2,Self-Referral,Yes,Paid,,,Private Room,$744.80 ,$50.00 
7/5/2024,1391,5,1,3,2,3,Emergency,$202.00 ,$83.00 ,,1,Physician Referral,No,Paid,,,Private Room,$234.50 ,$50.00 
7/5/2024,4945,2,1,3,2,2,Outpatient,$151.00 ,$107.00 ,7/29/2024,2,Physician Referral,No,Pending,,,N/A,$180.60 , $-   
7/5/2024,3798,3,1,5,4,3,Outpatient,$908.00 ,$52.00 ,7/28/2024,1,Physician Referral,Yes,Pending,,,N/A,$672.00 , $-   
7/5/2024,1768,5,1,5,1,3,Emergency,$85.00 ,$91.00 ,,2,Emergency,No,Pending,,,General Ward,$130.20 ,$10.00 
7/5/2024,321,1,1,3,4,1,Outpatient,$669.00 ,$63.00 ,7/14/2024,1,Self-Referral,Yes,Paid,,,N/A,$512.40 , $-   
7/5/2024,442,4,1,2,1,1,Outpatient,$532.00 ,$126.00 ,7/26/2024,2,Physician Referral,No,Paid,,,N/A,$460.60 , $-   
7/5/2024,740,4,1,4,2,2,Outpatient,$800.00 ,$53.00 ,,1,Self-Referral,Yes,Pending,,,Private Room,$632.10 ,$50.00 
7/5/2024,1053,5,1,5,5,2,Outpatient,$848.00 ,$181.00 ,7/24/2024,2,Emergency,Yes,Pending,,,N/A,$720.30 , $-   
7/6/2024,3375,4,1,3,3,1,Outpatient,$74.00 ,$171.00 ,7/15/2024,1,Physician Referral,Yes,Paid,,,N/A,$171.50 , $-   
7/6/2024,1783,1,1,1,2,3,Outpatient,$692.00 ,$21.00 ,7/25/2024,2,Self-Referral,No,Paid,,,N/A,$499.10 , $-   
7/6/2024,3176,1,1,5,4,2,Outpatient,$581.00 ,$155.00 ,,1,Emergency,Yes,Paid,,,General Ward,$522.20 ,$10.00 
7/6/2024,4193,5,1,4,4,3,Emergency,$969.00 ,$136.00 ,,2,Emergency,No,Paid,,,General Ward,$780.50 ,$10.00 
7/6/2024,4255,1,1,5,1,1,Outpatient,$781.00 ,$172.00 ,7/21/2024,1,Physician Referral,Yes,Paid,,,N/A,$667.10 , $-   
7/6/2024,12,4,1,4,3,3,Outpatient,$532.00 ,$140.00 ,,2,Emergency,Yes,Paid,,,General Ward,$477.40 ,$10.00 
7/6/2024,2985,5,1,4,2,3,Outpatient,$643.00 ,$51.00 ,7/22/2024,1,Emergency,Yes,Paid,,,N/A,$485.80 , $-   
7/6/2024,190,4,1,5,3,2,Emergency,$227.00 ,$75.00 ,,2,Physician Referral,Yes,Paid,,,Semi-Private Room,$232.40 ,$30.00 
7/6/2024,2745,1,1,4,3,3,Outpatient,$278.00 ,$113.00 ,7/13/2024,1,Self-Referral,Yes,Paid,,,N/A,$273.70 , $-   
7/6/2024,3476,1,1,5,2,1,Inpatient,$703.00 ,$26.00 ,,2,Emergency,Yes,Paid,,,Semi-Private Room,$531.30 ,$30.00 
7/7/2024,341,3,1,5,1,3,Outpatient,$298.00 ,$195.00 ,7/15/2024,1,Self-Referral,No,Paid,,,N/A,$345.10 , $-   
7/7/2024,3166,2,1,2,1,1,Outpatient,$225.00 ,$107.00 ,,2,Self-Referral,Yes,Paid,,,Private Room,$267.40 ,$50.00 
7/7/2024,784,2,1,1,1,1,Outpatient,$449.00 ,$149.00 ,7/27/2024,1,Self-Referral,Yes,Paid,,,N/A,$418.60 , $-   
7/7/2024,61,5,1,4,5,2,Outpatient,$429.00 ,$54.00 ,,2,Physician Referral,No,Paid,,,Private Room,$373.10 ,$50.00 
7/7/2024,607,4,1,5,3,1,Outpatient,$728.00 ,$117.00 ,,1,Emergency,No,Paid,,,Private Room,$626.50 ,$50.00 
7/7/2024,3088,2,1,4,5,1,Inpatient,$728.00 ,$41.00 ,,2,Physician Referral,Yes,Paid,,,General Ward,$545.30 ,$10.00 
7/7/2024,4873,5,1,5,1,2,Outpatient,$925.00 ,$78.00 ,7/18/2024,1,Self-Referral,Yes,Paid,,,N/A,$702.10 , $-   
7/7/2024,2284,1,1,5,2,2,Outpatient,$477.00 ,$196.00 ,8/4/2024,2,Emergency,Yes,Paid,,,N/A,$471.10 , $-   
7/7/2024,1913,2,1,5,3,2,Outpatient,$313.00 ,$71.00 ,7/23/2024,1,Self-Referral,Yes,Paid,,,N/A,$268.80 , $-   
7/7/2024,1407,4,1,1,2,1,Emergency,$706.00 ,$168.00 ,,2,Self-Referral,No,Paid,,,General Ward,$618.80 ,$10.00 
7/8/2024,1069,3,1,4,4,2,Outpatient,$764.00 ,$159.00 ,8/2/2024,1,Physician Referral,No,Paid,,,N/A,$646.10 , $-   
7/8/2024,4141,3,1,1,3,1,Inpatient,$848.00 ,$30.00 ,,2,Physician Referral,No,Paid,,,General Ward,$621.60 ,$10.00 
7/8/2024,1467,2,1,1,2,1,Outpatient,$526.00 ,$141.00 ,,1,Emergency,No,Paid,,,Semi-Private Room,$487.90 ,$30.00 
7/8/2024,1745,3,1,1,1,1,Inpatient,$177.00 ,$33.00 ,,2,Emergency,No,Paid,,,General Ward,$154.00 ,$10.00 
7/8/2024,4715,5,1,1,5,2,Outpatient,$55.00 ,$52.00 ,7/22/2024,1,Self-Referral,Yes,Paid,,,N/A,$74.90 , $-   
7/8/2024,3789,4,1,2,2,1,Emergency,$258.00 ,$121.00 ,,2,Self-Referral,No,Paid,,,General Ward,$272.30 ,$10.00 
7/8/2024,4486,1,1,4,4,1,Outpatient,$245.00 ,$96.00 ,7/27/2024,1,Self-Referral,Yes,Paid,,,N/A,$238.70 , $-   
7/8/2024,3280,4,1,4,1,2,Outpatient,$204.00 ,$45.00 ,7/23/2024,2,Physician Referral,No,Paid,,,N/A,$174.30 , $-   
7/8/2024,4291,1,1,4,4,2,Inpatient,$485.00 ,$161.00 ,,1,Emergency,No,Paid,,,Private Room,$487.20 ,$50.00 
7/8/2024,154,3,1,4,5,1,Outpatient,$544.00 ,$195.00 ,8/1/2024,2,Physician Referral,Yes,Paid,,,N/A,$517.30 , $-   
7/9/2024,4472,5,1,4,4,1,Outpatient,$447.00 ,$84.00 ,,1,Physician Referral,Yes,Paid,,,General Ward,$378.70 ,$10.00 
7/9/2024,3181,1,1,4,2,1,Emergency,$408.00 ,$65.00 ,,2,Self-Referral,Yes,Paid,,,General Ward,$338.10 ,$10.00 
7/9/2024,3520,3,1,4,2,2,Outpatient,$753.00 ,$146.00 ,7/19/2024,1,Self-Referral,Yes,Paid,,,N/A,$629.30 , $-   
7/9/2024,1186,1,1,4,1,2,Inpatient,$990.00 ,$113.00 ,,2,Self-Referral,Yes,Paid,,,Semi-Private Room,$793.10 ,$30.00 
7/9/2024,1771,2,1,4,5,3,Emergency,$246.00 ,$93.00 ,,1,Physician Referral,Yes,Paid,,,Semi-Private Room,$258.30 ,$30.00 
7/9/2024,2004,4,1,4,5,2,Inpatient,$130.00 ,$147.00 ,,2,Self-Referral,No,Paid,,,Private Room,$228.90 ,$50.00 
7/9/2024,3733,5,1,4,3,1,Outpatient,$725.00 ,$93.00 ,7/23/2024,1,Physician Referral,No,Paid,,,N/A, $-   , $-   
7/9/2024,4557,3,1,4,3,2,Outpatient,$285.00 ,$159.00 ,7/20/2024,2,Physician Referral,No,Paid,,,N/A, $-   , $-   
7/9/2024,3880,5,1,4,2,2,Outpatient,$111.00 ,$121.00 ,7/21/2024,1,Physician Referral,No,Paid,,,N/A,$162.40 , $-   
7/9/2024,4716,4,1,4,4,3,Emergency,$675.00 ,$66.00 ,,2,Emergency,No,Paid,,,General Ward,$525.70 ,$10.00 
7/10/2024,4185,1,1,4,4,3,Inpatient,$953.00 ,$184.00 ,,1,Physician Referral,No,Paid,,,Semi-Private Room,$816.90 ,$30.00 
7/10/2024,1765,1,1,4,1,1,Outpatient,$304.00 ,$188.00 ,8/5/2024,2,Self-Referral,No,Paid,,,N/A,$344.40 , $-   
7/10/2024,3089,5,1,4,5,3,Outpatient,$80.00 ,$46.00 ,7/21/2024,1,Self-Referral,No,Paid,,,N/A,$88.20 , $-   
7/10/2024,719,1,1,4,2,1,Outpatient,$826.00 ,$189.00 ,7/17/2024,2,Emergency,Yes,Paid,,,N/A,$710.50 , $-   
7/10/2024,3502,1,1,4,4,1,Outpatient,$950.00 ,$105.00 ,8/4/2024,1,Self-Referral,No,Paid,,,N/A,$738.50 , $-   
7/10/2024,4775,1,1,4,3,1,Outpatient,$65.00 ,$87.00 ,7/20/2024,2,Self-Referral,No,Paid,,,N/A, $-   , $-   
7/10/2024,4156,2,1,4,2,1,Inpatient,$239.00 ,$176.00 ,,1,Self-Referral,Yes,Paid,,,Private Room,$325.50 ,$50.00 
7/10/2024,4009,3,1,4,1,3,Outpatient,$844.00 ,$183.00 ,7/17/2024,2,Emergency,Yes,Paid,,,N/A,$718.90 , $-   
7/10/2024,24,3,1,4,2,1,Emergency,$176.00 ,$128.00 ,,1,Physician Referral,No,Paid,,,Private Room, $-   ,$50.00 
7/10/2024,2920,4,1,4,4,1,Inpatient,$208.00 ,$76.00 ,,2,Emergency,Yes,Paid,,,Semi-Private Room, $-   ,$30.00 
7/11/2024,3335,1,1,4,1,2,Emergency,$810.00 ,$159.00 ,,1,Emergency,Yes,Paid,,,Semi-Private Room,$699.30 ,$30.00 
7/11/2024,2006,5,1,4,3,1,Outpatient,$398.00 ,$192.00 ,,2,Self-Referral,Yes,Paid,,,Private Room,$448.00 ,$50.00 
7/11/2024,618,1,1,4,3,2,Outpatient,$731.00 ,$167.00 ,8/5/2024,1,Self-Referral,Yes,Paid,,,N/A,$628.60 , $-   
7/11/2024,368,4,1,4,4,3,Emergency,$890.00 ,$64.00 ,,2,Emergency,No,Paid,,,Semi-Private Room,$688.80 ,$30.00 
7/11/2024,1416,1,1,4,1,2,Outpatient,$93.00 ,$42.00 ,7/21/2024,1,Physician Referral,Yes,Paid,,,N/A,$94.50 , $-   
7/11/2024,3804,2,1,4,3,3,Emergency,$937.00 ,$53.00 ,,2,Emergency,No,Paid,,,Private Room, $-   ,$50.00 
7/11/2024,2549,4,1,4,1,3,Outpatient,$964.00 ,$40.00 ,7/31/2024,1,Physician Referral,Yes,Paid,,,N/A, $-   , $-   
7/11/2024,771,3,1,4,2,2,Outpatient,$219.00 ,$198.00 ,7/31/2024,2,Self-Referral,Yes,Paid,,,N/A, $-   , $-   
7/11/2024,977,3,1,4,5,3,Outpatient,$370.00 ,$156.00 ,,1,Emergency,Yes,Paid,,,Semi-Private Room,$389.20 ,$30.00 
7/11/2024,1319,2,1,4,5,3,Outpatient,$880.00 ,$132.00 ,7/26/2024,2,Physician Referral,Yes,Paid,,,N/A,$708.40 , $-   
7/12/2024,2974,3,1,4,5,3,Inpatient,$612.00 ,$29.00 ,,1,Emergency,Yes,Paid,,,General Ward,$455.70 ,$10.00 
7/12/2024,4174,2,1,4,3,2,Outpatient,$80.00 ,$71.00 ,8/6/2024,2,Emergency,Yes,Paid,,,N/A,$105.70 , $-   
7/12/2024,903,3,1,4,4,3,Emergency,$215.00 ,$64.00 ,,1,Self-Referral,Yes,Paid,,,Private Room,$230.30 ,$50.00 
7/12/2024,4215,3,1,4,5,1,Outpatient,$253.00 ,$199.00 ,,2,Physician Referral,Yes,Paid,,,Semi-Private Room,$337.40 ,$30.00 
7/12/2024,3713,1,1,4,4,2,Outpatient,$760.00 ,$49.00 ,7/29/2024,1,Physician Referral,Yes,Paid,,,N/A,$566.30 , $-   
7/12/2024,43,4,1,4,5,1,Outpatient,$983.00 ,$149.00 ,8/3/2024,2,Physician Referral,No,Paid,,,N/A,$792.40 , $-   
7/12/2024,4244,3,1,4,2,2,Emergency,$65.00 ,$196.00 ,,1,Physician Referral,No,Paid,,,General Ward,$189.70 ,$10.00 
7/12/2024,2396,4,1,4,5,1,Outpatient,$640.00 ,$115.00 ,,2,Physician Referral,No,Paid,,,Private Room,$563.50 ,$50.00 
7/12/2024,4391,4,1,4,4,3,Outpatient,$880.00 ,$192.00 ,8/6/2024,1,Self-Referral,Yes,Paid,,,N/A,$750.40 , $-   
7/12/2024,1730,3,1,4,3,1,Emergency,$923.00 ,$36.00 ,,2,Emergency,Yes,Paid,,,General Ward,$678.30 ,$10.00 
7/13/2024,30,4,1,4,2,1,Inpatient,$854.00 ,$47.00 ,,1,Self-Referral,Yes,Paid,,,General Ward,$637.70 ,$10.00 
7/13/2024,2927,2,1,4,4,1,Emergency,$864.00 ,$145.00 ,,2,Emergency,No,Paid,,,General Ward,$713.30 ,$10.00 
7/13/2024,4019,5,1,4,1,2,Outpatient,$493.00 ,$64.00 ,7/23/2024,1,Physician Referral,Yes,Paid,,,N/A,$389.90 , $-   
7/13/2024,355,2,1,4,5,3,Outpatient,$720.00 ,$36.00 ,,2,Self-Referral,No,Paid,,,General Ward,$536.20 ,$10.00 
7/13/2024,2659,3,1,4,2,3,Emergency,$190.00 ,$161.00 ,,1,Emergency,No,Paid,,,Private Room,$280.70 ,$50.00 
7/13/2024,1216,2,1,4,3,1,Outpatient,$436.00 ,$135.00 ,7/28/2024,2,Emergency,Yes,Paid,,,N/A,$399.70 , $-   
7/13/2024,3276,5,1,4,1,1,Emergency,$136.00 ,$157.00 ,,1,Emergency,No,Paid,,,Private Room,$240.10 ,$50.00 
7/13/2024,3442,2,1,4,5,2,Emergency,$100.00 ,$100.00 ,,2,Physician Referral,Yes,Paid,,,Semi-Private Room,$161.00 ,$30.00 
7/13/2024,541,4,1,4,2,1,Emergency,$102.00 ,$37.00 ,,1,Self-Referral,No,Paid,,,Private Room,$132.30 ,$50.00 
7/13/2024,1510,3,1,4,4,1,Outpatient,$926.00 ,$54.00 ,,2,Emergency,Yes,Paid,,,Semi-Private Room,$707.00 ,$30.00 
7/14/2024,268,4,1,4,5,1,Outpatient,$968.00 ,$195.00 ,8/6/2024,1,Physician Referral,Yes,Paid,,,N/A,$814.10 , $-   
7/14/2024,2310,4,1,4,2,2,Outpatient,$477.00 ,$77.00 ,,2,Self-Referral,Yes,Paid,,,Semi-Private Room,$408.80 ,$30.00 
7/14/2024,1914,3,1,4,5,1,Inpatient,$738.00 ,$134.00 ,,1,Emergency,Yes,Paid,,,Private Room,$645.40 ,$50.00 
7/14/2024,2559,3,1,4,2,1,Emergency,$510.00 ,$37.00 ,,2,Physician Referral,Yes,Paid,,,General Ward,$389.90 ,$10.00 
7/14/2024,2844,1,1,4,4,1,Outpatient,$512.00 ,$199.00 ,,1,Emergency,No,Paid,,,Semi-Private Room,$518.70 ,$30.00 
7/14/2024,3355,5,1,4,5,2,Outpatient,$659.00 ,$177.00 ,,2,Physician Referral,Yes,Paid,,,General Ward,$592.20 ,$10.00 
7/14/2024,1145,4,1,4,2,2,Outpatient,$675.00 ,$56.00 ,8/4/2024,1,Self-Referral,Yes,Paid,,,N/A,$511.70 , $-   
7/14/2024,4820,4,1,4,1,3,Outpatient,$199.00 ,$59.00 ,7/28/2024,2,Emergency,No,Paid,,,N/A,$180.60 , $-   
7/14/2024,3070,3,1,4,3,2,Inpatient,$657.00 ,$25.00 ,,1,Physician Referral,No,Paid,,,General Ward,$484.40 ,$10.00 
7/14/2024,142,3,1,4,2,3,Outpatient,$942.00 ,$98.00 ,,2,Physician Referral,Yes,Paid,,,Private Room,$763.00 ,$50.00 
7/15/2024,1720,2,1,4,2,3,Outpatient,$662.00 ,$182.00 ,8/3/2024,1,Physician Referral,No,Paid,,,N/A,$590.80 , $-   
7/15/2024,894,4,1,4,2,1,Outpatient,$565.00 ,$173.00 ,7/22/2024,2,Self-Referral,Yes,Paid,,,N/A,$516.60 , $-   
7/15/2024,2917,4,1,4,5,3,Outpatient,$549.00 ,$124.00 ,7/23/2024,1,Physician Referral,Yes,Paid,,,N/A,$471.10 , $-   
7/15/2024,3175,3,1,4,3,1,Emergency,$180.00 ,$110.00 ,,2,Emergency,Yes,Paid,,,Semi-Private Room,$224.00 ,$30.00 
7/15/2024,4382,4,1,4,5,2,Outpatient,$408.00 ,$177.00 ,,1,Self-Referral,No,Paid,,,Private Room,$444.50 ,$50.00 
7/15/2024,3430,5,1,4,2,2,Outpatient,$867.00 ,$94.00 ,,2,Emergency,Yes,Paid,,,Private Room,$707.70 ,$50.00 
7/15/2024,2091,1,1,4,2,3,Emergency,$427.00 ,$135.00 ,,1,Physician Referral,Yes,Paid,,,Semi-Private Room,$414.40 ,$30.00 
7/15/2024,3675,3,1,4,3,1,Inpatient,$251.00 ,$171.00 ,,2,Physician Referral,Yes,Paid,,,General Ward,$302.40 ,$10.00 
7/15/2024,1217,3,1,4,1,3,Inpatient,$295.00 ,$141.00 ,,1,Emergency,Yes,Paid,,,Private Room,$340.20 ,$50.00 
7/15/2024,4734,4,1,4,5,3,Outpatient,$310.00 ,$74.00 ,7/31/2024,2,Emergency,Yes,Paid,,,N/A,$268.80 , $-   
7/16/2024,401,1,1,4,1,2,Outpatient,$66.00 ,$28.00 ,8/12/2024,1,Self-Referral,Yes,Paid,,,N/A,$65.80 , $-   
7/16/2024,857,1,1,4,2,3,Emergency,$568.00 ,$125.00 ,,2,Physician Referral,Yes,Paid,,,Private Room,$520.10 ,$50.00 
7/16/2024,1218,3,1,4,2,1,Emergency,$156.00 ,$81.00 ,,1,Self-Referral,No,Paid,,,Private Room,$200.90 ,$50.00 
7/16/2024,1589,3,1,4,4,2,Inpatient,$106.00 ,$130.00 ,,2,Physician Referral,Yes,Paid,,,Private Room,$200.20 ,$50.00 
7/16/2024,476,3,1,4,4,2,Outpatient,$515.00 ,$165.00 ,8/4/2024,1,Emergency,Yes,Paid,,,N/A,$476.00 , $-   
7/16/2024,845,5,1,4,1,3,Outpatient,$351.00 ,$70.00 ,8/2/2024,2,Self-Referral,Yes,Paid,,,N/A,$294.70 , $-   
7/16/2024,138,4,1,4,4,3,Outpatient,$538.00 ,$122.00 ,8/5/2024,1,Physician Referral,No,Paid,,,N/A,$462.00 , $-   
7/16/2024,1670,5,1,4,3,3,Outpatient,$745.00 ,$38.00 ,8/7/2024,2,Emergency,No,Paid,,,N/A,$548.10 , $-   
7/16/2024,3935,3,1,4,1,1,Outpatient,$650.00 ,$88.00 ,,1,Self-Referral,Yes,Paid,,,Semi-Private Room,$537.60 ,$30.00 
7/16/2024,415,1,1,4,4,3,Outpatient,$584.00 ,$136.00 ,7/28/2024,2,Self-Referral,Yes,Paid,,,N/A,$504.00 , $-   
7/17/2024,693,4,1,4,4,1,Outpatient,$552.00 ,$101.00 ,7/25/2024,1,Self-Referral,No,Paid,,,N/A,$457.10 , $-   
7/17/2024,2082,4,1,4,3,3,Inpatient,$796.00 ,$142.00 ,,2,Emergency,Yes,Paid,,,General Ward,$663.60 ,$10.00 
7/17/2024,1628,3,1,4,3,3,Emergency,$290.00 ,$52.00 ,,1,Self-Referral,Yes,Paid,,,Semi-Private Room,$260.40 ,$30.00 
7/17/2024,813,3,1,4,1,2,Outpatient,$141.00 ,$127.00 ,,2,Physician Referral,Yes,Paid,,,Semi-Private Room,$208.60 ,$30.00 
7/17/2024,2606,3,1,4,5,2,Outpatient,$791.00 ,$185.00 ,7/28/2024,1,Emergency,Yes,Pending,,,N/A,$683.20 , $-   
7/17/2024,4290,3,1,4,3,1,Outpatient,$678.00 ,$32.00 ,,2,Self-Referral,No,Paid,,,General Ward,$504.00 ,$10.00 
7/17/2024,1275,3,1,4,4,3,Outpatient,$713.00 ,$196.00 ,8/11/2024,1,Emergency,Yes,Paid,,,N/A,$636.30 , $-   
7/17/2024,4748,3,1,4,1,1,Outpatient,$929.00 ,$92.00 ,7/30/2024,2,Physician Referral,No,Paid,,,N/A,$714.70 , $-   
7/17/2024,3381,4,1,4,5,2,Outpatient,$729.00 ,$109.00 ,8/9/2024,1,Self-Referral,Yes,Pending,,,N/A,$586.60 , $-   
7/17/2024,4681,5,1,4,1,2,Outpatient,$880.00 ,$148.00 ,7/28/2024,2,Emergency,No,Paid,,,N/A,$719.60 , $-   
7/18/2024,4026,1,1,4,4,2,Inpatient,$613.00 ,$31.00 ,,1,Emergency,Yes,Pending,,,Semi-Private Room,$471.80 ,$30.00 
7/18/2024,4638,3,1,4,5,2,Outpatient,$569.00 ,$171.00 ,,2,Physician Referral,Yes,Paid,,,General Ward,$525.00 ,$10.00 
7/18/2024,1016,1,1,4,5,1,Outpatient,$940.00 ,$148.00 ,8/5/2024,1,Physician Referral,No,Pending,,,N/A,$761.60 , $-   
7/18/2024,941,4,1,4,3,3,Outpatient,$622.00 ,$87.00 ,,2,Emergency,Yes,Paid,,,General Ward,$503.30 ,$10.00 
7/18/2024,1615,1,1,4,2,1,Outpatient,$921.00 ,$154.00 ,8/12/2024,1,Self-Referral,No,Paid,,,N/A,$752.50 , $-   
7/18/2024,62,4,1,4,4,3,Outpatient,$127.00 ,$135.00 ,8/11/2024,2,Self-Referral,No,Pending,,,N/A,$183.40 , $-   
7/18/2024,1297,2,1,4,2,2,Emergency,$265.00 ,$111.00 ,,1,Emergency,Yes,Paid,,,General Ward,$270.20 ,$10.00 
7/18/2024,4593,5,1,4,4,1,Inpatient,$257.00 ,$58.00 ,,2,Physician Referral,Yes,Pending,,,General Ward,$227.50 ,$10.00 
7/18/2024,723,2,1,4,1,3,Outpatient,$613.00 ,$51.00 ,8/5/2024,1,Self-Referral,No,Paid,,,N/A,$464.80 , $-   
7/18/2024,60,4,1,4,2,3,Emergency,$980.00 ,$196.00 ,,2,Self-Referral,No,Pending,,,Private Room,$858.20 ,$50.00 
7/19/2024,3815,2,1,4,5,2,Outpatient,$663.00 ,$178.00 ,7/28/2024,1,Physician Referral,No,Paid,,,N/A,$588.70 , $-   
7/19/2024,1173,4,1,4,3,3,Emergency,$913.00 ,$127.00 ,,2,Physician Referral,Yes,Pending,,,Semi-Private Room,$749.00 ,$30.00 
7/19/2024,2589,2,1,4,4,3,Outpatient,$277.00 ,$98.00 ,7/29/2024,1,Physician Referral,Yes,Paid,,,N/A,$262.50 , $-   
7/19/2024,1532,4,1,4,3,1,Outpatient,$483.00 ,$22.00 ,8/9/2024,2,Emergency,Yes,Pending,,,N/A,$353.50 , $-   
7/19/2024,3186,5,1,4,4,2,Outpatient,$523.00 ,$129.00 ,,1,Emergency,No,Pending,,,Semi-Private Room,$477.40 ,$30.00 
7/19/2024,612,5,1,4,5,2,Emergency,$742.00 ,$194.00 ,,2,Emergency,Yes,Paid,,,Semi-Private Room,$676.20 ,$30.00 
7/19/2024,1141,5,1,4,5,3,Outpatient,$249.00 ,$130.00 ,8/9/2024,1,Physician Referral,No,Pending,,,N/A,$265.30 , $-   
7/19/2024,1406,4,1,4,5,3,Outpatient,$243.00 ,$34.00 ,,2,Emergency,No,Pending,,,Private Room,$228.90 ,$50.00 
7/19/2024,3209,1,1,4,5,2,Outpatient,$829.00 ,$70.00 ,,1,Physician Referral,No,Paid,,,Private Room,$664.30 ,$50.00 
7/19/2024,3567,2,1,4,5,2,Outpatient,$265.00 ,$126.00 ,8/5/2024,2,Emergency,Yes,Paid,,,N/A,$273.70 , $-   
7/20/2024,235,2,1,4,3,2,Outpatient,$98.00 ,$40.00 ,7/28/2024,1,Emergency,Yes,Paid,,,N/A,$96.60 , $-   
7/20/2024,102,2,1,4,1,3,Outpatient,$209.00 ,$60.00 ,,2,Self-Referral,No,Paid,,,General Ward,$195.30 ,$10.00 
7/20/2024,2175,2,1,4,2,3,Inpatient,$551.00 ,$139.00 ,,1,Physician Referral,No,Paid,,,Semi-Private Room,$504.00 ,$30.00 
7/20/2024,3737,5,1,4,3,2,Outpatient,$64.00 ,$22.00 ,8/13/2024,2,Self-Referral,No,Paid,,,N/A,$60.20 , $-   
7/20/2024,1612,1,1,4,2,2,Outpatient,$149.00 ,$148.00 ,7/29/2024,1,Physician Referral,No,Pending,,,N/A,$207.90 , $-   
7/20/2024,1379,2,1,4,1,3,Outpatient,$421.00 ,$168.00 ,8/13/2024,2,Emergency,Yes,Pending,,,N/A,$412.30 , $-   
7/20/2024,2307,1,1,4,4,3,Outpatient,$215.00 ,$99.00 ,8/9/2024,1,Emergency,Yes,Pending,,,N/A,$219.80 , $-   
7/20/2024,4643,4,1,4,1,3,Outpatient,$252.00 ,$118.00 ,8/1/2024,2,Emergency,No,Paid,,,N/A,$259.00 , $-   
7/20/2024,697,4,1,4,1,1,Outpatient,$54.00 ,$168.00 ,7/28/2024,1,Physician Referral,Yes,Paid,,,N/A,$155.40 , $-   
7/20/2024,3417,2,1,4,4,2,Outpatient,$921.00 ,$124.00 ,7/27/2024,2,Physician Referral,Yes,Pending,,,N/A,$731.50 , $-   
7/21/2024,461,3,1,4,2,1,Outpatient,$692.00 ,$114.00 ,8/4/2024,1,Emergency,Yes,Pending,,,N/A,$564.20 , $-   
7/21/2024,3087,5,1,4,5,1,Inpatient,$265.00 ,$196.00 ,,2,Self-Referral,Yes,Paid,,,General Ward,$329.70 ,$10.00 
7/21/2024,459,2,1,4,4,3,Emergency,$672.00 ,$84.00 ,,1,Emergency,No,Pending,,,General Ward,$536.20 ,$10.00 
7/21/2024,2040,5,1,4,4,2,Emergency,$508.00 ,$60.00 ,,2,Emergency,Yes,Paid,,,General Ward,$404.60 ,$10.00 
7/21/2024,2886,2,1,4,1,3,Outpatient,$311.00 ,$86.00 ,8/6/2024,1,Emergency,No,Paid,,,N/A,$277.90 , $-   
7/21/2024,3246,5,1,4,4,3,Outpatient,$244.00 ,$143.00 ,,2,Emergency,Yes,Pending,,,Private Room,$305.90 ,$50.00 
7/21/2024,4401,3,1,4,3,3,Outpatient,$745.00 ,$61.00 ,8/16/2024,1,Self-Referral,No,Paid,,,N/A,$564.20 , $-   
7/21/2024,4031,3,1,4,5,3,Outpatient,$354.00 ,$88.00 ,,2,Self-Referral,No,Paid,,,General Ward,$316.40 ,$10.00 
7/21/2024,4276,4,1,4,1,2,Outpatient,$997.00 ,$190.00 ,8/14/2024,1,Self-Referral,Yes,Paid,,,N/A,$830.90 , $-   
7/21/2024,4538,2,1,4,2,2,Outpatient,$552.00 ,$120.00 ,8/16/2024,2,Physician Referral,Yes,Paid,,,N/A,$470.40 , $-   
7/22/2024,3117,3,1,4,2,3,Inpatient,$679.00 ,$159.00 ,,1,Emergency,Yes,Pending,,,Semi-Private Room,$607.60 ,$30.00 
7/22/2024,356,3,1,4,2,1,Outpatient,$70.00 ,$83.00 ,8/8/2024,2,Physician Referral,Yes,Paid,,,N/A,$107.10 , $-   
7/22/2024,3556,2,1,4,2,3,Outpatient,$142.00 ,$127.00 ,,1,Emergency,No,Paid,,,Semi-Private Room,$209.30 ,$30.00 
7/22/2024,3029,2,1,4,2,1,Emergency,$648.00 ,$70.00 ,,2,Self-Referral,No,Pending,,,General Ward,$509.60 ,$10.00 
7/22/2024,1023,4,1,4,1,1,Inpatient,$89.00 ,$92.00 ,,1,Emergency,Yes,Paid,,,General Ward,$133.70 ,$10.00 
7/22/2024,4136,3,1,4,3,3,Emergency,$753.00 ,$79.00 ,,2,Self-Referral,No,Paid,,,Private Room,$617.40 ,$50.00 
7/22/2024,2449,5,1,4,3,2,Emergency,$544.00 ,$99.00 ,,1,Emergency,No,Pending,,,Semi-Private Room,$471.10 ,$30.00 
7/22/2024,3620,2,1,4,2,3,Outpatient,$818.00 ,$175.00 ,,2,Emergency,Yes,Pending,,,Private Room,$730.10 ,$50.00 
7/22/2024,1810,2,1,4,3,2,Emergency,$458.00 ,$143.00 ,,1,Self-Referral,Yes,Paid,,,General Ward,$427.70 ,$10.00 
7/22/2024,2467,2,1,4,5,1,Inpatient,$172.00 ,$33.00 ,,2,Emergency,No,Paid,,,Semi-Private Room,$164.50 ,$30.00 
7/23/2024,840,2,1,4,3,2,Outpatient,$123.00 ,$179.00 ,,1,Self-Referral,Yes,Pending,,,General Ward,$218.40 ,$10.00 
7/23/2024,2371,3,1,4,4,2,Outpatient,$858.00 ,$27.00 ,8/16/2024,2,Self-Referral,Yes,Paid,,,N/A,$619.50 , $-   
7/23/2024,810,5,1,4,2,2,Outpatient,$712.00 ,$46.00 ,8/14/2024,1,Emergency,No,Paid,,,N/A,$530.60 , $-   
7/23/2024,992,4,1,4,4,3,Outpatient,$678.00 ,$69.00 ,,2,Self-Referral,No,Paid,,,General Ward,$529.90 ,$10.00 
7/23/2024,2729,1,1,4,4,1,Outpatient,$771.00 ,$76.00 ,8/3/2024,1,Physician Referral,Yes,Pending,,,N/A,$592.90 , $-   
7/23/2024,1156,3,1,4,2,1,Outpatient,$490.00 ,$22.00 ,8/5/2024,2,Physician Referral,No,Paid,,,N/A,$358.40 , $-   
7/23/2024,2628,3,1,4,1,2,Outpatient,$752.00 ,$174.00 ,,1,Emergency,No,Pending,,,Private Room,$683.20 ,$50.00 
7/23/2024,4829,1,1,4,3,1,Emergency,$985.00 ,$53.00 ,,7,Self-Referral,Yes,Pending,,,General Ward,$733.60 ,$10.00 
7/23/2024,1536,1,1,4,5,2,Outpatient,$892.00 ,$45.00 ,8/20/2024,2,Physician Referral,No,Pending,,,N/A,$655.90 , $-   
7/23/2024,1091,2,1,4,1,2,Outpatient,$192.00 ,$187.00 ,,2,Physician Referral,Yes,Pending,,,Private Room,$300.30 ,$50.00 
7/24/2024,4507,5,1,4,5,2,Inpatient,$973.00 ,$134.00 ,,9,Self-Referral,Yes,Paid,,,General Ward,$781.90 ,$10.00 
7/24/2024,2271,3,1,4,2,2,Inpatient,$83.00 ,$105.00 ,,2,Physician Referral,No,Pending,,,Semi-Private Room,$152.60 ,$30.00 
7/24/2024,2848,3,1,4,3,3,Outpatient,$309.00 ,$179.00 ,8/1/2024,10,Physician Referral,No,Paid,,,N/A,$341.60 , $-   
7/24/2024,94,4,1,4,1,2,Outpatient,$521.00 ,$188.00 ,,3,Emergency,Yes,Pending,,,Private Room,$531.30 ,$50.00 
7/24/2024,2744,1,1,4,2,1,Outpatient,$514.00 ,$149.00 ,8/10/2024,3,Emergency,No,Pending,,,N/A,$464.10 , $-   
7/24/2024,656,1,1,4,1,3,Emergency,$423.00 ,$130.00 ,,2,Self-Referral,No,Paid,,,General Ward,$394.10 ,$10.00 
7/24/2024,4267,3,1,4,4,1,Emergency,$924.00 ,$125.00 ,,10,Self-Referral,Yes,Pending,,,Semi-Private Room,$755.30 ,$30.00 
7/24/2024,800,1,1,4,3,3,Outpatient,$131.00 ,$154.00 ,8/12/2024,3,Physician Referral,No,Pending,,,N/A,$199.50 , $-   
7/24/2024,2350,2,1,4,3,2,Emergency,$341.00 ,$38.00 ,,9,Emergency,No,Paid,,,Private Room,$300.30 ,$50.00 
7/24/2024,281,4,1,4,2,3,Outpatient,$478.00 ,$52.00 ,8/19/2024,3,Self-Referral,No,Pending,,,N/A,$371.00 , $-   
7/25/2024,260,3,1,4,2,1,Outpatient,$435.00 ,$21.00 ,8/16/2024,5,Physician Referral,Yes,Pending,,,N/A,$319.20 , $-   
7/25/2024,2629,4,1,4,2,3,Inpatient,$750.00 ,$34.00 ,,7,Emergency,No,Pending,,,Private Room,$583.80 ,$50.00 
7/25/2024,1625,2,1,4,3,3,Inpatient,$818.00 ,$40.00 ,,1,Self-Referral,Yes,Paid,,,Private Room,$635.60 ,$50.00 
7/25/2024,2972,4,1,4,4,2,Outpatient,$529.00 ,$97.00 ,8/14/2024,1,Emergency,No,Pending,,,N/A,$438.20 , $-   
7/25/2024,128,1,1,4,3,2,Outpatient,$854.00 ,$78.00 ,8/7/2024,10,Physician Referral,No,Paid,,,N/A,$652.40 , $-   
7/25/2024,4565,3,1,4,2,3,Emergency,$341.00 ,$123.00 ,,2,Physician Referral,Yes,Paid,,,Private Room,$359.80 ,$50.00 
7/25/2024,2783,4,1,4,5,2,Inpatient,$205.00 ,$101.00 ,,1,Physician Referral,No,Paid,,,Semi-Private Room,$235.20 ,$30.00 
7/25/2024,4056,5,1,4,4,2,Inpatient,$551.00 ,$137.00 ,,1,Emergency,No,Pending,,,Semi-Private Room,$502.60 ,$30.00 
7/25/2024,4903,3,1,4,3,3,Emergency,$436.00 ,$132.00 ,,10,Self-Referral,No,Pending,,,Private Room,$432.60 ,$50.00 
7/25/2024,3917,4,1,4,5,1,Outpatient,$465.00 ,$58.00 ,,4,Self-Referral,Yes,Pending,,,General Ward,$373.10 ,$10.00 
7/26/2024,4853,3,3,4,4,2,Outpatient,$978.00 ,$39.00 ,8/8/2024,10,Physician Referral,Yes,Pending,,,N/A,$711.90 , $-   
7/26/2024,2794,4,4,4,3,3,Outpatient,$154.00 ,$20.00 ,8/13/2024,3,Physician Referral,Yes,Paid,,,N/A,$121.80 , $-   
7/26/2024,4216,4,1,4,2,3,Outpatient,$676.00 ,$92.00 ,8/13/2024,1,Physician Referral,No,Paid,,,N/A,$537.60 , $-   
7/26/2024,3079,1,4,4,3,3,Outpatient,$979.00 ,$28.00 ,8/21/2024,3,Physician Referral,Yes,Pending,,,N/A,$704.90 , $-   
7/26/2024,3180,4,4,4,3,1,Outpatient,$896.00 ,$70.00 ,,1,Emergency,No,Pending,,,General Ward,$683.20 ,$10.00 
7/26/2024,4307,5,3,4,2,1,Outpatient,$191.00 ,$185.00 ,8/2/2024,3,Physician Referral,No,Paid,,,N/A,$263.20 , $-   
7/26/2024,625,1,1,4,1,1,Emergency,$159.00 ,$34.00 ,,4,Physician Referral,Yes,Pending,,,Semi-Private Room,$156.10 ,$30.00 
7/26/2024,737,5,1,4,5,2,Inpatient,$161.00 ,$103.00 ,,8,Self-Referral,Yes,Pending,,,General Ward,$191.80 ,$10.00 
7/26/2024,1656,5,1,4,2,3,Emergency,$642.00 ,$60.00 ,,3,Emergency,No,Pending,,,General Ward,$498.40 ,$10.00 
7/26/2024,3833,2,3,4,2,3,Outpatient,$391.00 ,$194.00 ,,3,Physician Referral,Yes,Pending,,,Private Room,$444.50 ,$50.00 
7/27/2024,17,5,2,4,4,1,Inpatient,$660.00 ,$173.00 ,,9,Emergency,Yes,Pending,,,Private Room,$618.10 ,$50.00 
7/27/2024,4363,4,1,4,4,2,Outpatient,$146.00 ,$73.00 ,8/25/2024,9,Physician Referral,No,Pending,,,N/A,$153.30 , $-   
7/27/2024,1786,3,2,4,4,2,Emergency,$813.00 ,$138.00 ,,6,Emergency,No,Paid,,,Private Room,$700.70 ,$50.00 
7/27/2024,3794,1,5,4,4,3,Emergency,$582.00 ,$186.00 ,,10,Physician Referral,No,Paid,,,Semi-Private Room,$558.60 ,$30.00 
7/27/2024,684,1,3,4,2,1,Emergency,$636.00 ,$36.00 ,,4,Physician Referral,Yes,Paid,,,Private Room,$505.40 ,$50.00 
7/27/2024,3530,1,2,4,4,3,Outpatient,$688.00 ,$147.00 ,8/8/2024,10,Emergency,No,Paid,,,N/A,$584.50 , $-   
7/27/2024,3413,3,1,4,5,1,Outpatient,$415.00 ,$111.00 ,,5,Physician Referral,Yes,Pending,,,General Ward,$375.20 ,$10.00 
7/27/2024,366,5,1,4,3,1,Inpatient,$869.00 ,$28.00 ,,9,Physician Referral,No,Pending,,,Semi-Private Room,$648.90 ,$30.00 
7/27/2024,1435,2,2,4,4,3,Emergency,$280.00 ,$65.00 ,,1,Emergency,Yes,Paid,,,General Ward,$248.50 ,$10.00 
7/27/2024,4670,4,2,4,4,1,Outpatient,$676.00 ,$153.00 ,8/10/2024,7,Self-Referral,Yes,Paid,,,N/A,$580.30 , $-   
7/28/2024,3125,1,5,4,4,1,Inpatient,$761.00 ,$35.00 ,,7,Self-Referral,No,Paid,,,General Ward,$564.20 ,$10.00 
7/28/2024,2238,4,3,4,2,1,Outpatient,$908.00 ,$131.00 ,8/16/2024,10,Physician Referral,Yes,Paid,,,N/A,$727.30 , $-   
7/28/2024,86,5,4,4,3,1,Outpatient,$121.00 ,$106.00 ,8/8/2024,1,Emergency,Yes,Paid,,,N/A,$158.90 , $-   
7/28/2024,2165,2,5,4,2,2,Outpatient,$919.00 ,$176.00 ,,1,Self-Referral,Yes,Pending,,,Private Room,$801.50 ,$50.00 
7/28/2024,3958,1,5,4,3,1,Outpatient,$249.00 ,$188.00 ,8/13/2024,9,Emergency,No,Pending,,,N/A,$305.90 , $-   
7/28/2024,2950,5,5,4,2,1,Outpatient,$837.00 ,$81.00 ,8/17/2024,7,Self-Referral,Yes,Paid,,,N/A,$642.60 , $-   
7/28/2024,1684,2,1,4,3,1,Emergency,$76.00 ,$123.00 ,,4,Physician Referral,No,Paid,,,Semi-Private Room,$160.30 ,$30.00 
7/28/2024,4171,1,2,4,4,3,Inpatient,$775.00 ,$139.00 ,,9,Emergency,No,Pending,,,General Ward,$646.80 ,$10.00 
7/28/2024,1038,5,3,4,2,2,Inpatient,$670.00 ,$187.00 ,,5,Physician Referral,Yes,Pending,,,Private Room,$634.90 ,$50.00 
7/28/2024,4730,4,1,4,1,1,Inpatient,$180.00 ,$171.00 ,,3,Physician Referral,Yes,Pending,,,General Ward,$252.70 ,$10.00 
7/29/2024,994,3,5,4,2,1,Outpatient,$861.00 ,$153.00 ,8/13/2024,2,Physician Referral,No,Paid,,,N/A,$709.80 , $-   
7/29/2024,147,1,3,4,3,3,Outpatient,$993.00 ,$59.00 ,8/21/2024,9,Emergency,No,Pending,,,N/A,$736.40 , $-   
7/29/2024,1876,2,1,4,5,2,Outpatient,$314.00 ,$77.00 ,,4,Self-Referral,Yes,Paid,,,Private Room,$308.70 ,$50.00 
7/29/2024,2331,2,4,4,3,2,Emergency,$340.00 ,$161.00 ,,7,Physician Referral,No,Paid,,,General Ward,$357.70 ,$10.00 
7/29/2024,646,3,5,4,2,2,Inpatient,$889.00 ,$97.00 ,,1,Emergency,No,Pending,,,Private Room,$725.20 ,$50.00 
7/29/2024,1313,3,1,4,4,1,Outpatient,$601.00 ,$192.00 ,8/7/2024,9,Self-Referral,No,Pending,,,N/A,$555.10 , $-   
7/29/2024,256,5,1,4,1,2,Outpatient,$420.00 ,$130.00 ,,9,Physician Referral,Yes,Pending,,,Semi-Private Room,$406.00 ,$30.00 
7/29/2024,616,3,5,4,4,3,Outpatient,$324.00 ,$118.00 ,8/16/2024,10,Self-Referral,Yes,Paid,,,N/A,$309.40 , $-   
7/29/2024,3960,1,4,4,3,3,Outpatient,$691.00 ,$25.00 ,8/16/2024,6,Self-Referral,No,Pending,,,N/A,$501.20 , $-   
7/29/2024,4370,3,2,4,4,1,Outpatient,$333.00 ,$42.00 ,8/15/2024,6,Emergency,Yes,Pending,,,N/A,$262.50 , $-   
7/30/2024,3321,1,4,4,3,1,Outpatient,$60.00 ,$81.00 ,8/27/2024,6,Emergency,Yes,Paid,,,N/A,$98.70 , $-   
7/30/2024,2377,4,5,4,2,1,Emergency,$496.00 ,$36.00 ,,5,Emergency,No,Pending,,,General Ward,$379.40 ,$10.00 
7/30/2024,4831,3,2,4,4,1,Inpatient,$460.00 ,$103.00 ,,1,Self-Referral,No,Pending,,,Semi-Private Room,$415.10 ,$30.00 
7/30/2024,3236,4,1,4,4,3,Emergency,$96.00 ,$131.00 ,,4,Self-Referral,Yes,Paid,,,Semi-Private Room,$179.90 ,$30.00 
7/30/2024,1301,2,4,4,3,1,Outpatient,$309.00 ,$123.00 ,8/9/2024,10,Emergency,Yes,Paid,,,N/A,$302.40 , $-   
7/30/2024,724,3,4,4,3,1,Outpatient,$319.00 ,$144.00 ,8/13/2024,1,Self-Referral,Yes,Paid,,,N/A,$324.10 , $-   
7/30/2024,1470,2,2,4,4,1,Emergency,$384.00 ,$47.00 ,,5,Self-Referral,Yes,Paid,,,Semi-Private Room,$322.70 ,$30.00 
7/30/2024,718,4,1,4,5,1,Outpatient,$704.00 ,$160.00 ,8/15/2024,4,Self-Referral,Yes,Paid,,,N/A,$604.80 , $-   
7/30/2024,3074,2,4,4,3,3,Outpatient,$841.00 ,$176.00 ,8/19/2024,8,Emergency,Yes,Pending,,,N/A,$711.90 , $-   
7/30/2024,1912,4,2,4,4,2,Outpatient,$269.00 ,$192.00 ,8/6/2024,1,Physician Referral,Yes,Pending,,,N/A,$322.70 , $-   
7/31/2024,3054,5,4,4,3,1,Inpatient,$139.00 ,$39.00 ,,8,Physician Referral,No,Paid,,,Private Room,$159.60 ,$50.00 
7/31/2024,2843,4,1,4,4,3,Emergency,$556.00 ,$136.00 ,,8,Emergency,Yes,Pending,,,Semi-Private Room,$505.40 ,$30.00 
7/31/2024,3914,5,1,4,3,2,Emergency,$168.00 ,$73.00 ,,1,Self-Referral,Yes,Pending,,,Private Room,$203.70 ,$50.00 
7/31/2024,4060,2,3,4,4,3,Outpatient,$682.00 ,$128.00 ,8/18/2024,9,Emergency,Yes,Paid,,,N/A,$567.00 , $-   
7/31/2024,3010,4,2,4,4,2,Outpatient,$923.00 ,$83.00 ,,9,Physician Referral,Yes,Paid,,,Private Room,$739.20 ,$50.00 
7/31/2024,4704,5,5,4,3,3,Outpatient,$367.00 ,$71.00 ,,6,Emergency,No,Paid,,,Semi-Private Room,$327.60 ,$30.00 
7/31/2024,1936,4,4,4,3,1,Emergency,$907.00 ,$62.00 ,,1,Physician Referral,No,Pending,,,General Ward,$685.30 ,$10.00 
7/31/2024,643,1,1,4,1,2,Outpatient,$601.00 ,$106.00 ,8/11/2024,7,Physician Referral,No,Paid,,,N/A,$494.90 , $-   
7/31/2024,4225,1,4,4,3,3,Outpatient,$451.00 ,$37.00 ,8/20/2024,7,Emergency,Yes,Pending,,,N/A,$341.60 , $-   
7/31/2024,862,2,4,4,3,1,Outpatient,$480.00 ,$103.00 ,8/10/2024,9,Emergency,Yes,Pending,,,N/A,$408.10 , $-   
8/1/2024,2484,1,5,4,5,1,Outpatient,$330.00 ,$73.00 ,8/24/2024,1,Physician Referral,No,Pending,,,N/A,$282.10 , $-   
8/1/2024,924,3,1,4,5,2,Outpatient,$146.00 ,$79.00 ,8/29/2024,8,Self-Referral,No,Pending,,,N/A,$157.50 , $-   
8/1/2024,222,5,3,4,1,3,Inpatient,$640.00 ,$142.00 ,,8,Self-Referral,Yes,Paid,,,General Ward,$554.40 ,$10.00 
8/1/2024,2903,3,2,4,4,1,Outpatient,$828.00 ,$90.00 ,,7,Physician Referral,Yes,Pending,,,General Ward,$649.60 ,$10.00 
8/1/2024,2117,1,4,4,3,3,Outpatient,$110.00 ,$148.00 ,8/20/2024,6,Self-Referral,Yes,Paid,,,N/A,$180.60 , $-   
8/1/2024,673,2,5,4,2,1,Outpatient,$528.00 ,$132.00 ,8/10/2024,1,Physician Referral,No,Pending,,,N/A,$462.00 , $-   
8/1/2024,2747,3,5,4,3,1,Inpatient,$480.00 ,$56.00 ,,10,Physician Referral,Yes,Paid,,,General Ward,$382.20 ,$10.00 
8/1/2024,4308,2,2,4,4,1,Outpatient,$977.00 ,$68.00 ,8/18/2024,8,Physician Referral,No,Paid,,,N/A,$731.50 , $-   
8/1/2024,501,4,2,4,4,2,Outpatient,$894.00 ,$54.00 ,8/18/2024,5,Emergency,No,Paid,,,N/A,$663.60 , $-   
8/1/2024,367,3,1,4,2,3,Outpatient,$763.00 ,$124.00 ,8/12/2024,4,Emergency,No,Pending,,,N/A,$620.90 , $-   
8/2/2024,1292,4,4,4,3,2,Outpatient,$288.00 ,$54.00 ,8/14/2024,5,Emergency,Yes,Pending,,,N/A,$239.40 , $-   
8/2/2024,3202,3,4,4,3,2,Outpatient,$51.00 ,$28.00 ,8/12/2024,5,Physician Referral,Yes,Pending,,,N/A,$55.30 , $-   
8/2/2024,1669,5,2,4,4,2,Emergency,$559.00 ,$184.00 ,,10,Emergency,No,Paid,,,Semi-Private Room,$541.10 ,$30.00 
8/2/2024,1365,2,3,4,1,2,Inpatient,$777.00 ,$79.00 ,,3,Self-Referral,No,Pending,,,Semi-Private Room,$620.20 ,$30.00 
8/2/2024,4711,4,4,4,3,2,Outpatient,$760.00 ,$75.00 ,8/18/2024,4,Self-Referral,No,Pending,,,N/A,$584.50 , $-   
8/2/2024,1022,1,5,4,1,1,Outpatient,$436.00 ,$125.00 ,8/18/2024,4,Emergency,Yes,Pending,,,N/A,$392.70 , $-   
8/2/2024,169,3,2,4,4,1,Inpatient,$74.00 ,$130.00 ,,8,Emergency,Yes,Paid,,,Semi-Private Room,$163.80 ,$30.00 
8/2/2024,4220,4,4,4,3,1,Outpatient,$829.00 ,$108.00 ,8/20/2024,5,Physician Referral,Yes,Pending,,,N/A,$655.90 , $-   
8/2/2024,4396,3,1,4,1,2,Outpatient,$883.00 ,$31.00 ,,6,Emergency,No,Pending,,,Private Room,$674.80 ,$50.00 
8/2/2024,1635,3,2,4,4,1,Outpatient,$661.00 ,$90.00 ,8/30/2024,10,Emergency,Yes,Paid,,,N/A,$525.70 , $-   
8/3/2024,4023,3,5,4,1,1,Outpatient,$619.00 ,$90.00 ,,2,Emergency,Yes,Paid,,,Private Room,$531.30 ,$50.00 
8/3/2024,905,4,1,4,2,1,Outpatient,$224.00 ,$138.00 ,,9,Physician Referral,Yes,Paid,,,General Ward,$260.40 ,$10.00 
8/3/2024,2276,4,2,4,4,2,Outpatient,$535.00 ,$151.00 ,9/1/2024,8,Self-Referral,Yes,Paid,,,N/A,$480.20 , $-   
8/3/2024,2387,3,2,4,4,3,Outpatient,$396.00 ,$192.00 ,8/27/2024,8,Physician Referral,No,Paid,,,N/A,$411.60 , $-   
8/3/2024,220,1,4,4,3,3,Outpatient,$572.00 ,$114.00 ,,10,Emergency,Yes,Paid,,,General Ward,$487.20 ,$10.00 
8/3/2024,1965,2,1,4,4,1,Outpatient,$576.00 ,$197.00 ,8/24/2024,5,Emergency,Yes,Pending,,,N/A,$541.10 , $-   
8/3/2024,1466,3,2,4,4,2,Outpatient,$426.00 ,$69.00 ,,5,Self-Referral,No,Pending,,,General Ward,$353.50 ,$10.00 
8/3/2024,2636,1,5,4,2,3,Outpatient,$498.00 ,$122.00 ,9/1/2024,3,Emergency,No,Paid,,,N/A,$434.00 , $-   
8/3/2024,3033,2,1,4,5,1,Outpatient,$474.00 ,$195.00 ,9/1/2024,2,Physician Referral,Yes,Pending,,,N/A,$468.30 , $-   
8/3/2024,4671,3,4,4,3,2,Outpatient,$193.00 ,$42.00 ,8/27/2024,9,Physician Referral,Yes,Paid,,,N/A,$164.50 , $-   
8/4/2024,2343,2,3,4,1,3,Emergency,$544.00 ,$109.00 ,,6,Physician Referral,No,Pending,,,Semi-Private Room,$478.10 ,$30.00 
8/4/2024,2403,3,2,4,4,3,Inpatient,$335.00 ,$112.00 ,,8,Physician Referral,No,Paid,,,Semi-Private Room,$333.90 ,$30.00 
8/4/2024,3483,4,3,4,4,2,Outpatient,$899.00 ,$27.00 ,8/13/2024,4,Emergency,Yes,Paid,,,N/A,$648.20 , $-   
8/4/2024,4054,3,2,4,4,3,Emergency,$774.00 ,$48.00 ,,5,Physician Referral,Yes,Pending,,,Private Room,$610.40 ,$50.00 
8/4/2024,2291,3,4,4,3,1,Outpatient,$52.00 ,$190.00 ,8/13/2024,10,Emergency,Yes,Pending,,,N/A,$169.40 , $-   
8/4/2024,496,3,4,4,3,1,Inpatient,$478.00 ,$72.00 ,,5,Physician Referral,No,Pending,,,General Ward,$392.00 ,$10.00 
8/4/2024,2216,3,4,4,3,2,Outpatient,$392.00 ,$153.00 ,8/11/2024,10,Self-Referral,No,Pending,,,N/A,$381.50 , $-   
8/4/2024,178,1,4,4,3,2,Inpatient,$767.00 ,$43.00 ,,4,Self-Referral,Yes,Pending,,,Private Room,$602.00 ,$50.00 
8/4/2024,4725,5,1,4,5,1,Emergency,$948.00 ,$139.00 ,,2,Physician Referral,Yes,Pending,,,Private Room,$795.90 ,$50.00 
8/4/2024,2288,1,1,4,4,2,Inpatient,$732.00 ,$143.00 ,,6,Self-Referral,No,Pending,,,Semi-Private Room,$633.50 ,$30.00 
8/5/2024,3051,1,2,4,4,3,Outpatient,$140.00 ,$161.00 ,,4,Self-Referral,No,Pending,,,Private Room,$245.70 ,$50.00 
8/5/2024,4277,4,1,4,5,3,Inpatient,$424.00 ,$71.00 ,,4,Self-Referral,No,Paid,,,Private Room,$381.50 ,$50.00 
8/5/2024,902,3,2,4,4,3,Emergency,$793.00 ,$89.00 ,,10,Self-Referral,No,Pending,,,Semi-Private Room,$638.40 ,$30.00 
8/5/2024,1888,1,1,4,2,3,Outpatient,$888.00 ,$23.00 ,8/28/2024,3,Emergency,Yes,Pending,,,N/A,$637.70 , $-   
8/5/2024,4228,2,1,4,4,2,Outpatient,$762.00 ,$135.00 ,8/21/2024,8,Physician Referral,Yes,Paid,,,N/A,$627.90 , $-   
8/5/2024,1718,3,1,4,3,3,Outpatient,$344.00 ,$56.00 ,,6,Self-Referral,No,Paid,,,Private Room,$315.00 ,$50.00 
8/5/2024,1887,4,5,4,3,2,Outpatient,$814.00 ,$67.00 ,8/17/2024,9,Emergency,No,Paid,,,N/A,$616.70 , $-   
8/5/2024,3183,4,4,4,3,1,Emergency,$676.00 ,$141.00 ,,5,Self-Referral,No,Paid,,,General Ward,$578.90 ,$10.00 
8/5/2024,4339,2,5,4,3,3,Outpatient,$106.00 ,$58.00 ,8/22/2024,6,Emergency,No,Pending,,,N/A,$114.80 , $-   
8/5/2024,1942,4,1,4,5,2,Outpatient,$203.00 ,$111.00 ,8/25/2024,9,Physician Referral,Yes,Pending,,,N/A,$219.80 , $-   
8/6/2024,4457,3,1,4,1,1,Outpatient,$76.00 ,$85.00 ,8/29/2024,4,Emergency,No,Paid,,,N/A,$112.70 , $-   
8/6/2024,4400,5,5,4,5,3,Outpatient,$59.00 ,$32.00 ,8/19/2024,10,Physician Referral,Yes,Paid,,,N/A,$63.70 , $-   
8/6/2024,2205,5,2,4,1,3,Outpatient,$339.00 ,$79.00 ,,7,Emergency,Yes,Pending,,,Semi-Private Room,$313.60 ,$30.00 
8/6/2024,2623,1,4,4,3,3,Outpatient,$351.00 ,$145.00 ,9/3/2024,10,Emergency,Yes,Pending,,,N/A,$347.20 , $-   
8/6/2024,1364,4,2,4,4,2,Outpatient,$158.00 ,$188.00 ,8/16/2024,10,Self-Referral,Yes,Pending,,,N/A,$242.20 , $-   
8/6/2024,70,3,4,4,3,2,Outpatient,$719.00 ,$51.00 ,8/23/2024,6,Self-Referral,Yes,Pending,,,N/A,$539.00 , $-   
8/6/2024,3405,2,3,4,5,1,Emergency,$306.00 ,$199.00 ,,6,Emergency,No,Paid,,,General Ward,$360.50 ,$10.00 
8/6/2024,3677,2,4,4,3,3,Outpatient,$485.00 ,$152.00 ,8/31/2024,6,Emergency,Yes,Pending,,,N/A,$445.90 , $-   
8/6/2024,1934,3,2,4,5,1,Inpatient,$490.00 ,$85.00 ,,4,Emergency,No,Paid,,,Semi-Private Room,$423.50 ,$30.00 
8/6/2024,4041,3,4,4,3,2,Inpatient,$297.00 ,$97.00 ,,10,Physician Referral,No,Paid,,,Private Room,$310.80 ,$50.00 
8/7/2024,2814,2,3,4,2,3,Outpatient,$983.00 ,$199.00 ,8/22/2024,6,Emergency,Yes,Paid,,,N/A,$827.40 , $-   
8/7/2024,408,4,3,4,3,1,Outpatient,$892.00 ,$145.00 ,,7,Physician Referral,No,Pending,,,Private Room,$760.90 ,$50.00 
8/7/2024,1456,1,1,4,4,3,Outpatient,$204.00 ,$196.00 ,9/3/2024,2,Physician Referral,No,Paid,,,N/A,$280.00 , $-   
8/7/2024,3757,1,3,4,2,2,Outpatient,$968.00 ,$48.00 ,8/21/2024,9,Physician Referral,No,Pending,,,N/A,$711.20 , $-   
8/7/2024,2510,1,5,4,3,1,Outpatient,$112.00 ,$185.00 ,9/2/2024,7,Physician Referral,Yes,Paid,,,N/A,$207.90 , $-   
8/7/2024,2856,3,2,4,5,3,Outpatient,$283.00 ,$89.00 ,8/17/2024,3,Physician Referral,Yes,Pending,,,N/A,$260.40 , $-   
8/7/2024,4629,2,5,4,2,3,Outpatient,$225.00 ,$155.00 ,8/29/2024,10,Physician Referral,Yes,Paid,,,N/A,$266.00 , $-   
8/7/2024,3319,2,5,4,2,3,Outpatient,$718.00 ,$74.00 ,8/19/2024,10,Physician Referral,No,Paid,,,N/A,$554.40 , $-   
8/7/2024,2295,2,2,4,5,1,Outpatient,$658.00 ,$129.00 ,8/19/2024,7,Emergency,No,Pending,,,N/A,$550.90 , $-   
8/7/2024,4091,2,5,4,2,2,Inpatient,$629.00 ,$21.00 ,,10,Physician Referral,No,Pending,,,Semi-Private Room,$476.00 ,$30.00 
8/8/2024,3571,2,5,4,1,2,Outpatient,$886.00 ,$173.00 ,,10,Emergency,No,Paid,,,Semi-Private Room,$762.30 ,$30.00 
8/8/2024,2601,5,5,4,5,1,Outpatient,$857.00 ,$82.00 ,9/2/2024,5,Emergency,Yes,Paid,,,N/A,$657.30 , $-   
8/8/2024,2709,3,3,4,2,3,Outpatient,$474.00 ,$36.00 ,8/16/2024,9,Physician Referral,Yes,Pending,,,N/A,$357.00 , $-   
8/8/2024,4302,3,2,4,5,1,Emergency,$161.00 ,$78.00 ,,6,Emergency,Yes,Paid,,,Private Room,$202.30 ,$50.00 
8/8/2024,942,5,2,4,5,1,Outpatient,$210.00 ,$107.00 ,8/25/2024,7,Emergency,No,Pending,,,N/A,$221.90 , $-   
8/8/2024,2883,1,2,4,5,2,Outpatient,$746.00 ,$35.00 ,,4,Physician Referral,No,Pending,,,Private Room,$581.70 ,$50.00 
8/8/2024,4126,4,5,4,4,1,Emergency,$274.00 ,$77.00 ,,2,Emergency,No,Paid,,,General Ward,$252.70 ,$10.00 
8/8/2024,603,3,3,4,1,3,Outpatient,$621.00 ,$69.00 ,9/1/2024,4,Emergency,No,Pending,,,N/A,$483.00 , $-   
8/8/2024,1687,3,2,4,5,2,Outpatient,$927.00 ,$173.00 ,8/23/2024,9,Self-Referral,Yes,Paid,,,N/A,$770.00 , $-   
8/8/2024,2392,5,4,4,3,2,Inpatient,$938.00 ,$36.00 ,,3,Self-Referral,No,Pending,,,General Ward,$688.80 ,$10.00 
8/9/2024,3513,3,2,4,5,3,Emergency,$709.00 ,$133.00 ,,7,Physician Referral,Yes,Pending,,,General Ward,$596.40 ,$10.00 
8/9/2024,3763,3,1,4,2,1,Outpatient,$729.00 ,$65.00 ,8/31/2024,4,Physician Referral,Yes,Paid,,,N/A,$555.80 , $-   
8/9/2024,820,1,4,4,3,2,Outpatient,$569.00 ,$125.00 ,8/26/2024,3,Physician Referral,No,Pending,,,N/A,$485.80 , $-   
8/9/2024,3762,5,2,4,5,1,Inpatient,$897.00 ,$146.00 ,,5,Physician Referral,Yes,Paid,,,Private Room,$765.10 ,$50.00 
8/9/2024,3596,3,5,4,2,3,Emergency,$171.00 ,$69.00 ,,2,Physician Referral,Yes,Pending,,,Semi-Private Room,$189.00 ,$30.00 
8/9/2024,3284,2,2,4,5,2,Outpatient,$694.00 ,$190.00 ,,10,Self-Referral,No,Pending,,,Private Room,$653.80 ,$50.00 
8/9/2024,2960,5,3,4,1,3,Outpatient,$993.00 ,$137.00 ,8/29/2024,4,Self-Referral,Yes,Pending,,,N/A,$791.00 , $-   
8/9/2024,2572,1,3,4,2,2,Outpatient,$952.00 ,$195.00 ,8/23/2024,7,Emergency,No,Pending,,,N/A,$802.90 , $-   
8/9/2024,2180,4,2,4,5,3,Outpatient,$592.00 ,$87.00 ,8/28/2024,2,Self-Referral,No,Paid,,,N/A,$475.30 , $-   
8/9/2024,4259,3,5,4,5,1,Outpatient,$614.00 ,$166.00 ,,10,Physician Referral,Yes,Pending,,,Semi-Private Room,$567.00 ,$30.00 
8/10/2024,1368,2,5,4,4,3,Inpatient,$770.00 ,$172.00 ,,6,Self-Referral,No,Pending,,,Private Room,$694.40 ,$50.00 
8/10/2024,404,2,5,4,3,3,Outpatient,$816.00 ,$165.00 ,8/26/2024,5,Emergency,Yes,Pending,,,N/A,$686.70 , $-   
8/10/2024,947,4,2,4,5,3,Outpatient,$196.00 ,$70.00 ,,3,Physician Referral,Yes,Paid,,,Semi-Private Room,$207.20 ,$30.00 
8/10/2024,1150,5,2,4,5,3,Outpatient,$56.00 ,$165.00 ,,5,Physician Referral,Yes,Paid,,,Private Room,$189.70 ,$50.00 
8/10/2024,4912,1,1,4,2,3,Outpatient,$963.00 ,$131.00 ,,10,Emergency,Yes,Paid,,,Semi-Private Room,$786.80 ,$30.00 
8/10/2024,617,3,3,4,2,1,Inpatient,$624.00 ,$83.00 ,,7,Self-Referral,Yes,Paid,,,General Ward,$501.90 ,$10.00 
8/10/2024,2875,3,4,4,3,1,Outpatient,$402.00 ,$164.00 ,,3,Emergency,Yes,Pending,,,Private Room,$431.20 ,$50.00 
8/10/2024,1665,3,4,4,3,2,Outpatient,$684.00 ,$78.00 ,9/8/2024,8,Physician Referral,No,Pending,,,N/A,$533.40 , $-   
8/10/2024,3347,2,3,4,2,3,Outpatient,$294.00 ,$162.00 ,8/28/2024,7,Physician Referral,No,Pending,,,N/A,$319.20 , $-   
8/10/2024,531,5,1,4,4,1,Outpatient,$222.00 ,$119.00 ,9/6/2024,4,Self-Referral,No,Paid,,,N/A,$238.70 , $-   
8/11/2024,2130,4,3,4,1,3,Outpatient,$400.00 ,$45.00 ,8/20/2024,5,Emergency,No,Paid,,,N/A,$311.50 , $-   
8/11/2024,4814,5,1,4,2,3,Outpatient,$588.00 ,$195.00 ,8/19/2024,10,Self-Referral,No,Pending,,,N/A,$548.10 , $-   
8/11/2024,3858,1,1,4,4,2,Outpatient,$173.00 ,$33.00 ,,4,Physician Referral,No,Pending,,,Semi-Private Room,$165.20 ,$30.00 
8/11/2024,4446,1,5,4,1,3,Emergency,$825.00 ,$141.00 ,,2,Emergency,No,Pending,,,Semi-Private Room,$697.20 ,$30.00 
8/11/2024,1293,4,3,4,1,1,Inpatient,$752.00 ,$28.00 ,,9,Emergency,No,Paid,,,General Ward,$553.00 ,$10.00 
8/11/2024,4146,2,4,4,3,2,Outpatient,$292.00 ,$26.00 ,8/28/2024,1,Self-Referral,No,Pending,,,N/A,$222.60 , $-   
8/11/2024,2103,4,2,4,5,2,Outpatient,$980.00 ,$159.00 ,,8,Physician Referral,No,Pending,,,Semi-Private Room,$818.30 ,$30.00 
8/11/2024,1766,1,2,4,5,2,Inpatient,$198.00 ,$164.00 ,,4,Emergency,No,Paid,,,Semi-Private Room,$274.40 ,$30.00 
8/11/2024,4970,2,3,4,5,3,Inpatient,$422.00 ,$127.00 ,,9,Self-Referral,No,Paid,,,General Ward,$391.30 ,$10.00 
8/11/2024,1939,5,2,4,5,2,Outpatient,$619.00 ,$155.00 ,9/4/2024,3,Physician Referral,No,Pending,,,N/A,$541.80 , $-   
8/12/2024,3686,1,1,4,1,1,Emergency,$676.00 ,$110.00 ,,7,Physician Referral,No,Paid,,,Private Room,$585.20 ,$50.00 
8/12/2024,330,2,2,4,5,1,Emergency,$842.00 ,$143.00 ,,3,Physician Referral,No,Pending,,,Semi-Private Room,$710.50 ,$30.00 
8/12/2024,92,2,1,4,5,2,Outpatient,$667.00 ,$189.00 ,9/8/2024,10,Self-Referral,No,Pending,,,N/A,$599.20 , $-   
8/12/2024,112,3,1,4,4,2,Outpatient,$637.00 ,$184.00 ,8/22/2024,7,Physician Referral,No,Pending,,,N/A,$574.70 , $-   
8/12/2024,3113,5,4,4,3,2,Outpatient,$963.00 ,$167.00 ,,2,Self-Referral,No,Pending,,,Semi-Private Room,$812.00 ,$30.00 
8/12/2024,1197,2,2,4,5,3,Outpatient,$520.00 ,$20.00 ,8/26/2024,3,Physician Referral,No,Paid,,,N/A,$378.00 , $-   
8/12/2024,4132,4,4,4,3,2,Emergency,$493.00 ,$28.00 ,,8,Self-Referral,No,Paid,,,Private Room,$399.70 ,$50.00 
8/12/2024,4258,5,2,4,5,2,Outpatient,$840.00 ,$130.00 ,8/29/2024,7,Self-Referral,No,Paid,,,N/A,$679.00 , $-   
8/12/2024,4559,5,1,4,4,3,Emergency,$969.00 ,$43.00 ,,3,Emergency,No,Pending,,,Private Room,$743.40 ,$50.00 
8/12/2024,1710,1,2,4,5,2,Inpatient,$238.00 ,$144.00 ,,8,Self-Referral,No,Pending,,,Private Room,$302.40 ,$50.00 
8/13/2024,3745,5,4,4,3,2,Outpatient,$745.00 ,$181.00 ,9/3/2024,9,Emergency,No,Pending,,,N/A,$648.20 , $-   
8/13/2024,3636,5,5,4,1,1,Outpatient,$189.00 ,$55.00 ,9/11/2024,2,Physician Referral,No,Paid,,,N/A,$170.80 , $-   
8/13/2024,3368,3,4,4,3,1,Outpatient,$143.00 ,$23.00 ,9/9/2024,2,Physician Referral,No,Paid,,,N/A,$116.20 , $-   
8/13/2024,1755,5,5,4,4,1,Outpatient,$681.00 ,$176.00 ,8/21/2024,7,Self-Referral,No,Pending,,,N/A,$599.90 , $-   
8/13/2024,2949,2,3,4,4,3,Outpatient,$474.00 ,$106.00 ,,8,Physician Referral,No,Paid,,,Private Room,$441.00 ,$50.00 
8/13/2024,4392,4,4,4,3,1,Outpatient,$381.00 ,$163.00 ,9/11/2024,5,Physician Referral,No,Paid,,,N/A,$380.80 , $-   
8/13/2024,2664,3,2,4,5,1,Inpatient,$311.00 ,$27.00 ,,2,Self-Referral,No,Paid,,,General Ward, $-   ,$10.00 
8/13/2024,4014,3,5,4,4,2,Inpatient,$108.00 ,$110.00 ,,10,Physician Referral,No,Paid,,,Semi-Private Room, $-   ,$30.00 
8/13/2024,2633,3,2,4,5,3,Emergency,$967.00 ,$58.00 ,,5,Physician Referral,No,Pending,,,Semi-Private Room,$738.50 ,$30.00 
8/13/2024,2075,3,5,4,1,2,Outpatient,$278.00 ,$77.00 ,9/7/2024,3,Physician Referral,No,Paid,,,N/A,$248.50 , $-   
8/14/2024,1600,1,4,4,3,2,Emergency,$667.00 ,$159.00 ,,9,Emergency,No,Pending,,,Semi-Private Room,$599.20 ,$30.00 
8/14/2024,809,3,4,4,3,3,Inpatient,$178.00 ,$191.00 ,,2,Physician Referral,No,Paid,,,General Ward,$265.30 ,$10.00 
8/14/2024,1598,1,2,4,5,3,Outpatient,$997.00 ,$23.00 ,9/4/2024,9,Self-Referral,No,Pending,,,N/A,$714.00 , $-   
8/14/2024,1283,1,4,4,3,2,Inpatient,$439.00 ,$44.00 ,,2,Self-Referral,No,Pending,,,General Ward, $-   ,$10.00 
8/14/2024,2889,5,2,4,5,2,Inpatient,$682.00 ,$86.00 ,,1,Physician Referral,No,Paid,,,Private Room, $-   ,$50.00 
8/14/2024,437,4,1,4,5,2,Outpatient,$110.00 ,$186.00 ,,10,Self-Referral,No,Pending,,,Private Room,$242.20 ,$50.00 
8/14/2024,534,5,5,4,4,3,Outpatient,$693.00 ,$137.00 ,9/2/2024,6,Self-Referral,No,Pending,,,N/A,$581.00 , $-   
8/14/2024,1074,1,2,4,5,2,Inpatient,$845.00 ,$43.00 ,,6,Self-Referral,No,Paid,,,Semi-Private Room,$642.60 ,$30.00 
8/14/2024,2562,5,5,4,3,2,Emergency,$221.00 ,$25.00 ,,4,Self-Referral,No,Pending,,,Private Room, $-   ,$50.00 
8/14/2024,2975,2,1,4,1,1,Emergency,$431.00 ,$116.00 ,,2,Physician Referral,No,Paid,,,General Ward,$389.90 ,$10.00 
8/15/2024,3213,3,5,4,3,1,Outpatient,$391.00 ,$91.00 ,8/23/2024,10,Self-Referral,No,Pending,,,N/A,$337.40 , $-   
8/15/2024,3159,3,2,4,5,1,Outpatient,$855.00 ,$180.00 ,8/24/2024,3,Emergency,No,Paid,,,N/A,$724.50 , $-   
8/15/2024,3345,1,4,4,3,1,Outpatient,$489.00 ,$195.00 ,9/4/2024,6,Emergency,No,Paid,,,N/A,$478.80 , $-   
8/15/2024,2692,5,5,4,2,1,Emergency,$499.00 ,$143.00 ,,4,Emergency,No,Paid,,,General Ward, $-   ,$10.00 
8/15/2024,3072,2,5,4,4,2,Outpatient,$786.00 ,$21.00 ,,5,Physician Referral,No,Paid,,,Semi-Private Room,$585.90 ,$30.00 
8/15/2024,2997,2,1,4,3,2,Inpatient,$623.00 ,$57.00 ,,9,Self-Referral,No,Paid,,,Semi-Private Room,$497.00 ,$30.00 
8/15/2024,290,2,3,4,5,3,Outpatient,$269.00 ,$59.00 ,,5,Physician Referral,No,Pending,,,General Ward,$236.60 ,$10.00 
8/15/2024,593,1,4,4,3,3,Inpatient,$665.00 ,$75.00 ,,10,Self-Referral,No,Pending,,,Semi-Private Room,$539.00 ,$30.00 
8/15/2024,1057,5,2,4,5,3,Outpatient,$196.00 ,$122.00 ,9/10/2024,8,Self-Referral,No,Paid,,,N/A,$222.60 , $-   
8/15/2024,1414,2,1,4,4,2,Inpatient,$690.00 ,$122.00 ,,2,Self-Referral,No,Pending,,,Semi-Private Room,$589.40 ,$30.00 
8/16/2024,2054,2,2,4,5,1,Inpatient,$910.00 ,$40.00 ,,6,Self-Referral,No,Pending,,,Semi-Private Room,$686.00 ,$30.00 
8/16/2024,4750,5,2,4,5,2,Outpatient,$962.00 ,$134.00 ,9/4/2024,6,Self-Referral,No,Pending,,,N/A,$767.20 , $-   
8/16/2024,298,5,5,4,1,2,Outpatient,$679.00 ,$54.00 ,9/14/2024,5,Physician Referral,No,Paid,,,N/A,$513.10 , $-   
8/16/2024,2640,3,1,4,5,3,Emergency,$822.00 ,$86.00 ,,6,Physician Referral,No,Paid,,,Private Room,$670.60 ,$50.00 
8/16/2024,4489,4,1,4,4,3,Outpatient,$392.00 ,$170.00 ,9/7/2024,5,Emergency,No,Pending,,,N/A,$393.40 , $-   
8/16/2024,2002,4,4,4,3,3,Outpatient,$264.00 ,$170.00 ,9/3/2024,2,Physician Referral,No,Paid,,,N/A,$303.80 , $-   
8/16/2024,816,2,3,4,3,3,Outpatient,$273.00 ,$142.00 ,8/23/2024,5,Emergency,No,Paid,,,N/A,$290.50 , $-   
8/16/2024,1986,5,2,4,5,2,Inpatient,$281.00 ,$61.00 ,,1,Emergency,No,Pending,,,General Ward,$246.40 ,$10.00 
8/16/2024,4266,3,4,4,3,3,Outpatient,$156.00 ,$100.00 ,8/28/2024,3,Self-Referral,No,Paid,,,N/A,$179.20 , $-   
8/16/2024,986,1,4,4,3,1,Inpatient,$215.00 ,$60.00 ,,7,Physician Referral,No,Paid,,,Semi-Private Room,$213.50 ,$30.00 
8/17/2024,151,4,2,4,5,2,Outpatient,$241.00 ,$133.00 ,9/5/2024,4,Physician Referral,No,Paid,,,N/A,$261.80 , $-   
8/17/2024,3324,4,5,4,3,1,Outpatient,$471.00 ,$39.00 ,,8,Self-Referral,No,Paid,,,General Ward,$364.00 ,$10.00 
8/17/2024,1526,5,5,4,4,2,Emergency,$487.00 ,$28.00 ,,3,Self-Referral,No,Paid,,,General Ward,$367.50 ,$10.00 
8/17/2024,1752,1,2,4,5,2,Inpatient,$876.00 ,$76.00 ,,7,Emergency,No,Pending,,,General Ward,$673.40 ,$10.00 
8/17/2024,1500,4,1,4,4,3,Outpatient,$698.00 ,$143.00 ,9/14/2024,2,Physician Referral,No,Paid,,,N/A,$588.70 , $-   
8/17/2024,2293,3,3,4,4,1,Outpatient,$569.00 ,$164.00 ,8/25/2024,8,Physician Referral,No,Paid,,,N/A,$513.10 , $-   
8/17/2024,4247,4,5,4,1,2,Outpatient,$842.00 ,$97.00 ,9/10/2024,3,Emergency,No,Pending,,,N/A,$657.30 , $-   
8/17/2024,2570,5,3,4,1,1,Outpatient,$171.00 ,$37.00 ,,6,Emergency,No,Pending,,,General Ward,$152.60 ,$10.00 
8/17/2024,4548,5,4,4,3,2,Outpatient,$463.00 ,$82.00 ,9/9/2024,2,Emergency,No,Paid,,,N/A,$381.50 , $-   
8/17/2024,1417,1,4,4,3,2,Outpatient,$472.00 ,$112.00 ,9/11/2024,7,Self-Referral,No,Pending,,,N/A,$408.80 , $-   
8/18/2024,1344,4,2,4,5,2,Emergency,$202.00 ,$45.00 ,,4,Emergency,No,Paid,,,General Ward,$179.90 ,$10.00 
8/18/2024,4121,1,2,4,5,1,Outpatient,$180.00 ,$103.00 ,9/16/2024,6,Emergency,No,Pending,,,N/A,$198.10 , $-   
8/18/2024,1240,4,2,4,5,2,Outpatient,$482.00 ,$32.00 ,,2,Self-Referral,No,Paid,,,Semi-Private Room,$380.80 ,$30.00 
8/18/2024,4627,2,5,4,5,1,Outpatient,$504.00 ,$138.00 ,9/8/2024,3,Emergency,No,Pending,,,N/A,$449.40 , $-   
8/18/2024,3984,4,3,4,4,1,Inpatient,$702.00 ,$164.00 ,,3,Emergency,No,Paid,,,General Ward,$613.20 ,$10.00 
8/18/2024,2663,5,4,4,3,3,Outpatient,$74.00 ,$134.00 ,,4,Physician Referral,No,Pending,,,Private Room,$180.60 ,$50.00 
8/18/2024,4229,5,3,4,2,1,Outpatient,$985.00 ,$45.00 ,9/1/2024,1,Emergency,No,Paid,,,N/A,$721.00 , $-   
8/18/2024,1798,2,5,4,1,2,Outpatient,$577.00 ,$153.00 ,,6,Emergency,No,Paid,,,Semi-Private Room,$532.00 ,$30.00 
8/18/2024,1928,4,3,4,1,2,Outpatient,$206.00 ,$100.00 ,9/16/2024,6,Self-Referral,No,Paid,,,N/A,$214.20 , $-   
8/18/2024,678,4,3,4,5,2,Outpatient,$600.00 ,$151.00 ,9/2/2024,4,Emergency,No,Pending,,,N/A,$525.70 , $-   
8/19/2024,4769,5,2,4,5,2,Outpatient,$830.00 ,$108.00 ,9/2/2024,8,Physician Referral,No,Pending,,,N/A,$656.60 , $-   
8/19/2024,3512,2,3,4,1,1,Outpatient,$681.00 ,$26.00 ,9/2/2024,5,Physician Referral,No,Paid,,,N/A,$494.90 , $-   
8/19/2024,2995,5,3,4,3,3,Outpatient,$204.00 ,$36.00 ,,10,Self-Referral,No,Paid,,,General Ward,$175.00 ,$10.00 
8/19/2024,4747,2,3,4,1,1,Inpatient,$414.00 ,$105.00 ,,4,Physician Referral,No,Paid,,,Private Room,$398.30 ,$50.00 
8/19/2024,4048,5,1,4,1,2,Emergency,$814.00 ,$147.00 ,,7,Self-Referral,No,Paid,,,General Ward,$679.70 ,$10.00 
8/19/2024,3562,3,4,4,3,1,Outpatient,$417.00 ,$137.00 ,9/5/2024,10,Physician Referral,Yes,Pending,,,N/A,$387.80 , $-   
8/19/2024,4175,4,4,4,3,3,Outpatient,$117.00 ,$111.00 ,9/12/2024,10,Physician Referral,Yes,Pending,,,N/A,$159.60 , $-   
8/19/2024,2441,1,3,4,1,3,Inpatient,$452.00 ,$69.00 ,,8,Emergency,No,Pending,,,Private Room,$399.70 ,$50.00 
8/19/2024,3829,3,2,4,5,3,Emergency,$83.00 ,$147.00 ,,2,Self-Referral,No,Paid,,,Semi-Private Room,$182.00 ,$30.00 
8/19/2024,4149,5,2,4,5,3,Outpatient,$542.00 ,$25.00 ,9/11/2024,1,Emergency,Yes,Paid,,,N/A,$396.90 , $-   
8/20/2024,4590,2,2,4,5,3,Outpatient,$158.00 ,$177.00 ,9/17/2024,6,Self-Referral,Yes,Pending,,,N/A,$234.50 , $-   
8/20/2024,1389,1,4,4,3,1,Outpatient,$738.00 ,$93.00 ,9/18/2024,2,Emergency,Yes,Pending,,,N/A,$581.70 , $-   
8/20/2024,2492,2,5,4,4,3,Inpatient,$630.00 ,$75.00 ,,8,Physician Referral,No,Pending,,,Semi-Private Room,$514.50 ,$30.00 
8/20/2024,2388,2,3,4,4,3,Outpatient,$579.00 ,$58.00 ,9/1/2024,5,Emergency,No,Pending,,,N/A,$445.90 , $-   
8/20/2024,2304,4,4,4,3,2,Emergency,$618.00 ,$161.00 ,,2,Physician Referral,Yes,Paid,,,General Ward,$552.30 ,$10.00 
8/20/2024,4083,5,2,4,5,3,Outpatient,$853.00 ,$73.00 ,9/18/2024,5,Self-Referral,No,Paid,,,N/A,$648.20 , $-   
8/20/2024,1750,4,4,4,3,1,Outpatient,$75.00 ,$41.00 ,,2,Self-Referral,Yes,Paid,,,General Ward,$88.20 ,$10.00 
8/20/2024,144,2,4,4,3,2,Outpatient,$842.00 ,$60.00 ,8/28/2024,6,Physician Referral,Yes,Pending,,,N/A,$631.40 , $-   
8/20/2024,1871,4,4,4,3,1,Inpatient,$728.00 ,$109.00 ,,8,Emergency,No,Paid,,,Semi-Private Room,$606.90 ,$30.00 
8/20/2024,2179,3,2,4,5,2,Emergency,$861.00 ,$29.00 ,,2,Physician Referral,No,Pending,,,Semi-Private Room,$644.00 ,$30.00 
8/21/2024,842,2,5,4,3,3,Emergency,$85.00 ,$21.00 ,,6,Emergency,No,Pending,,,Private Room,$109.20 ,$50.00 
8/21/2024,2786,2,1,4,1,1,Outpatient,$284.00 ,$67.00 ,8/28/2024,6,Physician Referral,Yes,Pending,,,N/A,$245.70 , $-   
8/21/2024,562,3,3,4,2,2,Emergency,$842.00 ,$61.00 ,,1,Physician Referral,No,Pending,,,Private Room,$667.10 ,$50.00 
8/21/2024,3103,2,3,4,3,1,Inpatient,$339.00 ,$158.00 ,,9,Self-Referral,No,Pending,,,General Ward,$354.90 ,$10.00 
8/21/2024,3552,1,4,4,3,2,Outpatient,$764.00 ,$159.00 ,9/6/2024,8,Emergency,No,Paid,,,N/A,$646.10 , $-   
8/21/2024,3796,1,5,4,2,3,Inpatient,$239.00 ,$161.00 ,,4,Emergency,Yes,Paid,,,Private Room,$315.00 ,$50.00 
8/21/2024,3174,5,2,4,5,1,Inpatient,$501.00 ,$49.00 ,,7,Physician Referral,Yes,Paid,,,General Ward,$392.00 ,$10.00 
8/21/2024,2210,5,1,4,1,1,Outpatient,$565.00 ,$79.00 ,9/4/2024,4,Emergency,Yes,Pending,,,N/A,$450.80 , $-   
8/21/2024,1386,4,1,4,5,1,Outpatient,$638.00 ,$177.00 ,,8,Physician Referral,No,Paid,,,Semi-Private Room,$591.50 ,$30.00 
8/21/2024,4816,4,4,4,3,3,Outpatient,$897.00 ,$57.00 ,9/12/2024,10,Physician Referral,Yes,Pending,,,N/A,$667.80 , $-   
8/22/2024,2826,3,4,4,3,3,Inpatient,$126.00 ,$94.00 ,,2,Emergency,Yes,Paid,,,Semi-Private Room,$175.00 ,$30.00 
8/22/2024,811,3,2,4,5,2,Outpatient,$421.00 ,$84.00 ,9/11/2024,2,Emergency,Yes,Pending,,,N/A,$353.50 , $-   
8/22/2024,637,2,2,4,5,1,Emergency,$120.00 ,$194.00 ,,3,Physician Referral,No,Pending,,,Semi-Private Room,$240.80 ,$30.00 
8/22/2024,3975,5,2,4,5,2,Emergency,$145.00 ,$58.00 ,,4,Emergency,Yes,Paid,,,Private Room,$177.10 ,$50.00 
8/22/2024,2827,5,4,4,3,2,Emergency,$509.00 ,$196.00 ,,6,Emergency,Yes,Pending,,,General Ward,$500.50 ,$10.00 
8/22/2024,4498,5,5,4,4,3,Outpatient,$754.00 ,$92.00 ,9/13/2024,5,Emergency,Yes,Paid,,,N/A,$592.20 , $-   
8/22/2024,210,5,4,4,3,1,Inpatient,$739.00 ,$77.00 ,,10,Emergency,No,Paid,,,General Ward,$578.20 ,$10.00 
8/22/2024,3210,4,4,4,3,3,Emergency,$260.00 ,$126.00 ,,10,Self-Referral,Yes,Paid,,,Private Room,$305.20 ,$50.00 
8/22/2024,3152,1,1,4,1,1,Outpatient,$422.00 ,$108.00 ,9/11/2024,7,Self-Referral,Yes,Pending,,,N/A,$371.00 , $-   
8/22/2024,1431,3,2,4,5,2,Outpatient,$143.00 ,$36.00 ,9/4/2024,6,Physician Referral,Yes,Pending,,,N/A,$125.30 , $-   
8/23/2024,1262,3,3,4,4,3,Outpatient,$250.00 ,$153.00 ,9/16/2024,4,Physician Referral,No,Pending,,,N/A,$282.10 , $-   
8/23/2024,2564,5,2,4,5,3,Outpatient,$944.00 ,$162.00 ,,10,Self-Referral,No,Pending,,,General Ward,$781.20 ,$10.00 
8/23/2024,3825,5,5,4,3,1,Outpatient,$418.00 ,$114.00 ,,9,Physician Referral,Yes,Paid,,,General Ward,$379.40 ,$10.00 
8/23/2024,1793,4,5,4,3,2,Inpatient,$851.00 ,$175.00 ,,7,Self-Referral,Yes,Pending,,,Private Room,$753.20 ,$50.00 
8/23/2024,4135,4,2,4,5,3,Outpatient,$840.00 ,$191.00 ,9/18/2024,1,Physician Referral,Yes,Paid,,,N/A,$721.70 , $-   
8/23/2024,3390,3,2,4,5,2,Outpatient,$574.00 ,$165.00 ,9/7/2024,8,Emergency,No,Paid,,,N/A,$517.30 , $-   
8/23/2024,4304,5,4,4,3,3,Emergency,$637.00 ,$179.00 ,,4,Emergency,No,Pending,,,Semi-Private Room,$592.20 ,$30.00 
8/23/2024,398,5,3,4,2,3,Emergency,$246.00 ,$191.00 ,,7,Self-Referral,No,Pending,,,Semi-Private Room,$326.90 ,$30.00 
8/23/2024,2417,3,4,4,3,3,Outpatient,$517.00 ,$89.00 ,9/2/2024,2,Self-Referral,No,Paid,,,N/A,$424.20 , $-   
8/23/2024,2093,4,1,4,3,2,Outpatient,$583.00 ,$82.00 ,9/14/2024,3,Self-Referral,Yes,Pending,,,N/A,$465.50 , $-   
8/24/2024,2775,3,1,4,1,2,Outpatient,$800.00 ,$77.00 ,9/21/2024,1,Self-Referral,Yes,Paid,,,N/A,$613.90 , $-   
8/24/2024,2685,4,5,4,4,2,Emergency,$132.00 ,$194.00 ,,2,Emergency,No,Pending,,,Semi-Private Room,$249.20 ,$30.00 
8/24/2024,4478,4,5,4,3,2,Outpatient,$169.00 ,$145.00 ,9/10/2024,5,Emergency,No,Pending,,,N/A,$219.80 , $-   
8/24/2024,2314,4,3,4,1,2,Outpatient,$857.00 ,$164.00 ,9/8/2024,2,Self-Referral,No,Paid,,,N/A,$714.70 , $-   
8/24/2024,3945,5,5,4,5,2,Outpatient,$254.00 ,$186.00 ,9/16/2024,6,Self-Referral,Yes,Paid,,,N/A,$308.00 , $-   
8/24/2024,2474,3,1,4,4,2,Outpatient,$486.00 ,$154.00 ,9/21/2024,6,Physician Referral,No,Paid,,,N/A,$448.00 , $-   
8/24/2024,362,4,3,4,4,1,Outpatient,$872.00 ,$82.00 ,,6,Emergency,No,Pending,,,Semi-Private Room,$688.80 ,$30.00 
8/24/2024,3191,1,1,4,3,2,Outpatient,$611.00 ,$136.00 ,9/10/2024,3,Emergency,No,Pending,,,N/A,$522.90 , $-   
8/24/2024,4536,4,2,4,5,2,Inpatient,$766.00 ,$181.00 ,,3,Self-Referral,No,Pending,,,Private Room,$697.90 ,$50.00 
8/24/2024,2087,4,2,4,5,1,Emergency,$601.00 ,$72.00 ,,10,Physician Referral,No,Paid,,,Private Room,$506.10 ,$50.00 
8/25/2024,4819,4,3,4,3,1,Outpatient,$552.00 ,$101.00 ,9/20/2024,7,Emergency,Yes,Paid,,,N/A,$457.10 , $-   
8/25/2024,668,2,4,4,3,2,Outpatient,$252.00 ,$195.00 ,9/3/2024,4,Physician Referral,No,Pending,,,N/A,$312.90 , $-   
8/25/2024,4153,1,5,4,2,2,Inpatient,$174.00 ,$62.00 ,,6,Physician Referral,No,Paid,,,General Ward,$172.20 ,$10.00 
8/25/2024,2994,5,3,4,2,2,Outpatient,$398.00 ,$23.00 ,9/21/2024,8,Emergency,Yes,Pending,,,N/A,$294.70 , $-   
8/25/2024,413,3,5,4,2,1,Inpatient,$666.00 ,$94.00 ,,3,Emergency,No,Paid,,,Semi-Private Room,$553.00 ,$30.00 
8/25/2024,1457,3,1,4,2,3,Outpatient,$462.00 ,$113.00 ,9/11/2024,9,Physician Referral,No,Pending,,,N/A,$402.50 , $-   
8/25/2024,1132,3,4,4,3,3,Inpatient,$475.00 ,$126.00 ,,9,Physician Referral,No,Pending,,,Private Room,$455.70 ,$50.00 
8/25/2024,1089,5,5,4,1,3,Inpatient,$762.00 ,$110.00 ,,3,Emergency,Yes,Pending,,,Semi-Private Room,$631.40 ,$30.00 
8/25/2024,892,4,2,4,5,3,Emergency,$544.00 ,$112.00 ,,6,Self-Referral,No,Paid,,,Private Room,$494.20 ,$50.00 
8/25/2024,631,1,2,4,5,3,Outpatient,$967.00 ,$199.00 ,9/8/2024,5,Physician Referral,Yes,Paid,,,N/A,$816.20 , $-   
8/26/2024,1094,3,1,4,5,2,Emergency,$804.00 ,$179.00 ,,4,Emergency,Yes,Pending,,,General Ward,$695.10 ,$10.00 
8/26/2024,3128,2,3,4,5,3,Inpatient,$995.00 ,$132.00 ,,8,Physician Referral,No,Pending,,,General Ward,$795.90 ,$10.00 
8/26/2024,2873,2,5,4,2,2,Outpatient,$392.00 ,$109.00 ,9/11/2024,10,Emergency,Yes,Pending,,,N/A,$350.70 , $-   
8/26/2024,3937,1,1,4,1,1,Outpatient,$951.00 ,$113.00 ,9/7/2024,9,Physician Referral,No,Pending,,,N/A,$744.80 , $-   
8/26/2024,4022,3,2,4,5,1,Emergency,$574.00 ,$198.00 ,,9,Physician Referral,Yes,Pending,,,Private Room,$575.40 ,$50.00 
8/26/2024,4636,4,2,4,5,3,Emergency,$771.00 ,$157.00 ,,5,Self-Referral,Yes,Pending,,,Semi-Private Room,$670.60 ,$30.00 
8/26/2024,1055,3,2,4,5,1,Outpatient,$853.00 ,$159.00 ,9/18/2024,5,Physician Referral,Yes,Paid,,,N/A,$708.40 , $-   
8/26/2024,243,4,4,4,3,2,Emergency,$804.00 ,$186.00 ,,3,Physician Referral,No,Paid,,,Private Room,$728.00 ,$50.00 
8/26/2024,2457,3,4,4,3,3,Outpatient,$965.00 ,$157.00 ,9/7/2024,9,Physician Referral,No,Paid,,,N/A,$785.40 , $-   
8/26/2024,1896,2,2,4,5,3,Outpatient,$360.00 ,$111.00 ,9/8/2024,1,Emergency,Yes,Paid,,,N/A,$329.70 , $-   
8/27/2024,3989,5,3,4,2,2,Outpatient,$928.00 ,$124.00 ,9/15/2024,3,Emergency,No,Pending,,,N/A,$736.40 , $-   
8/27/2024,550,1,4,4,3,2,Inpatient,$579.00 ,$92.00 ,,7,Emergency,Yes,Pending,,,Private Room,$504.70 ,$50.00 
8/27/2024,904,4,5,4,1,2,Outpatient,$794.00 ,$29.00 ,9/8/2024,7,Emergency,No,Pending,,,N/A,$576.10 , $-   
8/27/2024,543,5,4,4,3,3,Emergency,$262.00 ,$123.00 ,,5,Physician Referral,Yes,Paid,,,General Ward,$276.50 ,$10.00 
8/27/2024,4362,4,5,4,2,1,Outpatient,$201.00 ,$170.00 ,,6,Self-Referral,No,Paid,,,Semi-Private Room,$280.70 ,$30.00 
8/27/2024,1072,1,4,4,3,1,Outpatient,$305.00 ,$160.00 ,9/5/2024,4,Physician Referral,Yes,Pending,,,N/A,$325.50 , $-   
8/27/2024,276,5,2,4,5,1,Outpatient,$140.00 ,$67.00 ,9/15/2024,8,Physician Referral,No,Paid,,,N/A,$144.90 , $-   
8/27/2024,3189,5,5,4,3,1,Outpatient,$609.00 ,$128.00 ,9/12/2024,4,Self-Referral,No,Paid,,,N/A,$515.90 , $-   
8/27/2024,393,1,3,4,2,3,Outpatient,$303.00 ,$108.00 ,9/6/2024,10,Self-Referral,No,Pending,,,N/A,$287.70 , $-   
8/27/2024,4324,1,4,4,3,2,Inpatient,$292.00 ,$63.00 ,,6,Self-Referral,No,Pending,,,Private Room,$283.50 ,$50.00 
8/28/2024,2363,4,4,4,3,1,Emergency,$750.00 ,$112.00 ,,5,Self-Referral,No,Pending,,,General Ward,$610.40 ,$10.00 
8/28/2024,551,5,2,4,5,3,Outpatient,$258.00 ,$83.00 ,9/8/2024,10,Self-Referral,Yes,Paid,,,N/A,$238.70 , $-   
8/28/2024,2081,1,5,4,5,3,Outpatient,$185.00 ,$59.00 ,,6,Self-Referral,Yes,Pending,,,General Ward,$177.80 ,$10.00 
8/28/2024,432,4,2,4,5,1,Outpatient,$316.00 ,$153.00 ,9/24/2024,3,Emergency,No,Pending,,,N/A,$328.30 , $-   
8/28/2024,4447,3,5,4,2,2,Emergency,$352.00 ,$139.00 ,,3,Self-Referral,No,Pending,,,Private Room,$378.70 ,$50.00 
8/28/2024,2902,1,4,4,3,2,Inpatient,$786.00 ,$91.00 ,,10,Self-Referral,Yes,Paid,,,Semi-Private Room,$634.90 ,$30.00 
8/28/2024,3565,5,4,4,3,3,Inpatient,$203.00 ,$117.00 ,,7,Self-Referral,No,Paid,,,Private Room,$259.00 ,$50.00 
8/28/2024,4529,3,4,4,3,2,Outpatient,$274.00 ,$190.00 ,9/22/2024,1,Self-Referral,No,Pending,,,N/A,$324.80 , $-   
8/28/2024,2361,1,4,4,3,3,Emergency,$324.00 ,$51.00 ,,1,Self-Referral,No,Pending,,,General Ward,$269.50 ,$10.00 
8/28/2024,2603,2,1,4,1,2,Emergency,$404.00 ,$196.00 ,,1,Emergency,No,Paid,,,General Ward,$427.00 ,$10.00 
8/29/2024,735,5,4,4,3,1,Emergency,$491.00 ,$93.00 ,,6,Emergency,Yes,Paid,,,Semi-Private Room,$429.80 ,$30.00 
8/29/2024,4858,5,4,4,3,2,Emergency,$296.00 ,$142.00 ,,4,Emergency,No,Pending,,,General Ward,$313.60 ,$10.00 
8/29/2024,1211,4,5,4,2,1,Outpatient,$401.00 ,$166.00 ,9/22/2024,6,Physician Referral,Yes,Paid,,,N/A,$396.90 , $-   
8/29/2024,3062,2,4,4,3,1,Emergency,$203.00 ,$103.00 ,,1,Self-Referral,Yes,Pending,,,Private Room,$249.20 ,$50.00 
8/29/2024,2591,1,4,4,3,3,Outpatient,$237.00 ,$71.00 ,9/11/2024,4,Emergency,Yes,Pending,,,N/A,$215.60 , $-   
8/29/2024,353,2,5,4,4,1,Outpatient,$951.00 ,$199.00 ,9/25/2024,4,Self-Referral,Yes,Paid,,,N/A,$805.00 , $-   
8/29/2024,2554,1,4,4,3,3,Inpatient,$483.00 ,$53.00 ,,2,Self-Referral,No,Pending,,,General Ward,$382.20 ,$10.00 
8/29/2024,4710,4,4,4,3,1,Outpatient,$864.00 ,$100.00 ,,1,Emergency,Yes,Pending,,,Semi-Private Room,$695.80 ,$30.00 
8/29/2024,493,3,2,4,5,1,Outpatient,$932.00 ,$127.00 ,9/5/2024,8,Emergency,No,Paid,,,N/A,$741.30 , $-   
8/29/2024,2048,2,1,4,3,1,Outpatient,$887.00 ,$145.00 ,9/21/2024,6,Self-Referral,No,Pending,,,N/A,$722.40 , $-   
8/30/2024,2419,5,5,4,1,2,Outpatient,$101.00 ,$24.00 ,9/25/2024,4,Self-Referral,Yes,Paid,,,N/A,$87.50 , $-   
8/30/2024,2479,1,2,4,5,2,Outpatient,$129.00 ,$60.00 ,,2,Physician Referral,Yes,Pending,,,Private Room,$167.30 ,$50.00 
8/30/2024,667,2,3,4,2,1,Emergency,$978.00 ,$53.00 ,,5,Emergency,No,Pending,,,Private Room,$756.70 ,$50.00 
8/30/2024,2428,1,3,4,1,3,Outpatient,$871.00 ,$39.00 ,9/25/2024,9,Self-Referral,No,Paid,,,N/A,$637.00 , $-   
8/30/2024,1267,2,1,4,4,1,Outpatient,$852.00 ,$85.00 ,9/23/2024,7,Physician Referral,Yes,Paid,,,N/A,$655.90 , $-   
8/30/2024,3832,5,3,4,3,3,Outpatient,$480.00 ,$111.00 ,9/10/2024,4,Self-Referral,Yes,Paid,,,N/A,$413.70 , $-   
8/30/2024,2642,1,1,4,2,1,Outpatient,$570.00 ,$165.00 ,,5,Emergency,No,Paid,,,Semi-Private Room,$535.50 ,$30.00 
8/30/2024,3575,1,3,4,2,1,Emergency,$441.00 ,$63.00 ,,8,Self-Referral,Yes,Paid,,,General Ward,$359.80 ,$10.00 
8/30/2024,2514,3,3,4,1,3,Outpatient,$930.00 ,$122.00 ,9/27/2024,5,Emergency,Yes,Paid,,,N/A,$736.40 , $-   
8/30/2024,4036,4,2,4,5,3,Inpatient,$909.00 ,$67.00 ,,6,Physician Referral,No,Pending,,,Semi-Private Room,$704.20 ,$30.00 
8/31/2024,2668,2,3,4,5,2,Outpatient,$909.00 ,$54.00 ,9/12/2024,10,Self-Referral,No,Paid,,,N/A,$674.10 , $-   
8/31/2024,1636,5,1,4,5,3,Emergency,$413.00 ,$130.00 ,,6,Emergency,No,Pending,,,General Ward,$387.10 ,$10.00 
8/31/2024,3147,3,4,4,3,1,Outpatient,$809.00 ,$58.00 ,9/16/2024,8,Physician Referral,No,Paid,,,N/A,$606.90 , $-   
8/31/2024,1644,3,4,4,3,3,Inpatient,$790.00 ,$22.00 ,,5,Physician Referral,No,Pending,,,Private Room,$603.40 ,$50.00 
8/31/2024,221,4,4,4,3,2,Outpatient,$951.00 ,$38.00 ,,1,Emergency,No,Pending,,,General Ward,$699.30 ,$10.00 
8/31/2024,1322,5,1,4,4,1,Inpatient,$160.00 ,$144.00 ,,4,Self-Referral,Yes,Paid,,,Semi-Private Room,$233.80 ,$30.00 
8/31/2024,1916,2,1,4,4,1,Outpatient,$575.00 ,$165.00 ,,3,Emergency,No,Pending,,,General Ward,$525.00 ,$10.00 
8/31/2024,1250,1,4,4,3,1,Emergency,$639.00 ,$102.00 ,,2,Physician Referral,No,Pending,,,Private Room,$553.70 ,$50.00 
8/31/2024,738,4,3,4,5,3,Outpatient,$811.00 ,$24.00 ,,7,Emergency,No,Pending,,,General Ward,$591.50 ,$10.00 
8/31/2024,2607,1,4,4,3,1,Outpatient,$125.00 ,$74.00 ,,7,Physician Referral,Yes,Paid,,,General Ward,$146.30 ,$10.00 
9/1/2024,3241,3,5,4,4,1,Outpatient,$920.00 ,$32.00 ,9/26/2024,8,Physician Referral,Yes,Paid,,,N/A,$666.40 , $-   
9/1/2024,4713,1,1,4,2,3,Outpatient,$394.00 ,$181.00 ,9/17/2024,10,Physician Referral,No,Pending,,,N/A,$402.50 , $-   
9/1/2024,3439,2,5,4,1,1,Outpatient,$279.00 ,$37.00 ,9/13/2024,5,Physician Referral,No,Paid,,,N/A,$221.20 , $-   
9/1/2024,1006,2,5,4,2,3,Emergency,$180.00 ,$87.00 ,,1,Self-Referral,Yes,Paid,,,General Ward,$193.90 ,$10.00 
9/1/2024,2539,1,1,4,5,3,Emergency,$92.00 ,$119.00 ,,6,Physician Referral,Yes,Pending,,,Semi-Private Room,$168.70 ,$30.00 
9/1/2024,4354,1,4,4,3,2,Outpatient,$596.00 ,$190.00 ,,6,Physician Referral,No,Pending,,,General Ward,$557.20 ,$10.00 
9/1/2024,1605,4,2,4,5,1,Outpatient,$318.00 ,$188.00 ,9/17/2024,8,Physician Referral,Yes,Paid,,,N/A,$354.20 , $-   
9/1/2024,4484,2,5,4,5,3,Outpatient,$597.00 ,$57.00 ,9/17/2024,10,Emergency,Yes,Paid,,,N/A,$457.80 , $-   
9/1/2024,1374,1,4,4,3,2,Outpatient,$632.00 ,$185.00 ,9/28/2024,2,Self-Referral,Yes,Paid,,,N/A,$571.90 , $-   
9/1/2024,32,5,2,4,5,3,Outpatient,$437.00 ,$160.00 ,9/19/2024,9,Physician Referral,No,Pending,,,N/A,$417.90 , $-   
9/2/2024,4658,4,5,4,2,1,Outpatient,$959.00 ,$144.00 ,9/12/2024,6,Emergency,Yes,Paid,,,N/A,$772.10 , $-   
9/2/2024,4745,4,4,4,3,2,Outpatient,$587.00 ,$41.00 ,9/21/2024,1,Physician Referral,Yes,Paid,,,N/A,$439.60 , $-   
9/2/2024,4687,4,5,4,4,3,Inpatient,$387.00 ,$48.00 ,,9,Self-Referral,No,Paid,,,General Ward,$311.50 ,$10.00 
9/2/2024,2140,4,4,4,3,2,Outpatient,$442.00 ,$156.00 ,9/18/2024,8,Self-Referral,Yes,Pending,,,N/A,$418.60 , $-   
9/2/2024,3744,1,3,4,2,1,Outpatient,$536.00 ,$129.00 ,,10,Self-Referral,Yes,Pending,,,Private Room,$500.50 ,$50.00 
9/2/2024,3082,3,3,4,1,3,Outpatient,$483.00 ,$127.00 ,9/24/2024,1,Self-Referral,Yes,Pending,,,N/A,$427.00 , $-   
9/2/2024,3462,5,1,4,4,1,Outpatient,$284.00 ,$87.00 ,9/27/2024,8,Emergency,No,Paid,,,N/A,$259.70 , $-   
9/2/2024,662,3,2,4,5,3,Inpatient,$465.00 ,$123.00 ,,7,Self-Referral,No,Paid,,,Semi-Private Room,$432.60 ,$30.00 
9/2/2024,3092,3,5,4,1,2,Emergency,$909.00 ,$164.00 ,,5,Emergency,No,Pending,,,Semi-Private Room,$772.10 ,$30.00 
9/2/2024,3441,1,5,4,2,1,Inpatient,$181.00 ,$184.00 ,,6,Emergency,Yes,Paid,,,Private Room,$290.50 ,$50.00 
9/3/2024,3466,4,4,4,3,2,Outpatient,$344.00 ,$151.00 ,9/15/2024,4,Self-Referral,Yes,Paid,,,N/A,$346.50 , $-   
9/3/2024,985,4,2,4,5,3,Outpatient,$71.00 ,$59.00 ,9/18/2024,9,Emergency,Yes,Paid,,,N/A,$91.00 , $-   
9/3/2024,1881,1,5,4,2,3,Outpatient,$714.00 ,$163.00 ,,9,Emergency,No,Pending,,,Semi-Private Room,$634.90 ,$30.00 
9/3/2024,713,1,2,4,5,1,Outpatient,$544.00 ,$158.00 ,9/23/2024,10,Self-Referral,No,Paid,,,N/A,$491.40 , $-   
9/3/2024,3021,2,2,4,5,1,Emergency,$900.00 ,$45.00 ,,1,Physician Referral,Yes,Paid,,,Private Room,$696.50 ,$50.00 
9/3/2024,4623,4,3,4,4,3,Outpatient,$954.00 ,$114.00 ,9/19/2024,9,Physician Referral,No,Pending,,,N/A,$747.60 , $-   
9/3/2024,164,5,5,4,5,2,Outpatient,$826.00 ,$117.00 ,9/17/2024,3,Emergency,No,Paid,,,N/A,$660.10 , $-   
9/3/2024,854,2,5,4,4,3,Outpatient,$190.00 ,$122.00 ,9/12/2024,2,Self-Referral,Yes,Pending,,,N/A, $-   , $-   
9/3/2024,3440,3,1,4,2,2,Outpatient,$380.00 ,$144.00 ,,4,Self-Referral,Yes,Paid,,,Private Room,$401.80 ,$50.00 
9/3/2024,4292,4,2,4,5,1,Outpatient,$93.00 ,$21.00 ,9/26/2024,4,Self-Referral,No,Pending,,,N/A,$79.80 , $-   
9/4/2024,405,1,4,4,3,2,Inpatient,$200.00 ,$110.00 ,,9,Physician Referral,No,Pending,,,General Ward,$224.00 ,$10.00 
9/4/2024,4089,1,3,4,3,3,Inpatient,$373.00 ,$64.00 ,,4,Emergency,No,Paid,,,Private Room, $-   ,$50.00 
9/4/2024,4201,1,1,4,2,2,Emergency,$926.00 ,$190.00 ,,5,Self-Referral,Yes,Paid,,,General Ward,$788.20 ,$10.00 
9/4/2024,339,4,3,4,1,1,Outpatient,$307.00 ,$22.00 ,,6,Emergency,No,Pending,,,Semi-Private Room,$251.30 ,$30.00 
9/4/2024,1980,5,4,4,3,2,Inpatient,$790.00 ,$181.00 ,,4,Self-Referral,Yes,Paid,,,Private Room,$714.70 ,$50.00 
9/4/2024,1361,1,1,4,1,3,Outpatient,$607.00 ,$99.00 ,,1,Self-Referral,No,Pending,,,Private Room, $-   ,$50.00 
9/4/2024,2547,4,3,4,3,3,Inpatient,$550.00 ,$83.00 ,,2,Self-Referral,No,Paid,,,General Ward,$450.10 ,$10.00 
9/4/2024,611,3,4,4,3,2,Outpatient,$226.00 ,$154.00 ,,3,Emergency,Yes,Paid,,,Private Room,$301.00 ,$50.00 
9/4/2024,2200,2,1,4,3,3,Inpatient,$272.00 ,$54.00 ,,4,Physician Referral,Yes,Paid,,,General Ward, $-   ,$10.00 
9/4/2024,1512,4,4,4,3,1,Outpatient,$91.00 ,$41.00 ,9/29/2024,5,Physician Referral,No,Paid,,,N/A, $-   , $-   
9/5/2024,2086,4,1,4,4,2,Inpatient,$680.00 ,$195.00 ,,10,Emergency,No,Pending,,,General Ward, $-   ,$10.00 
9/5/2024,2823,1,5,4,2,2,Outpatient,$102.00 ,$179.00 ,9/14/2024,10,Self-Referral,Yes,Pending,,,N/A, $-   , $-   
9/5/2024,2302,2,5,4,5,2,Inpatient,$736.00 ,$45.00 ,,3,Physician Referral,No,Paid,,,Semi-Private Room, $-   ,$30.00 
9/5/2024,1063,2,3,4,5,3,Outpatient,"$1,000.00 ",$139.00 ,9/25/2024,1,Physician Referral,Yes,Paid,,,N/A,$797.30 , $-   
9/5/2024,4268,1,2,4,5,2,Outpatient,$751.00 ,$25.00 ,9/17/2024,8,Emergency,Yes,Paid,,,N/A,$543.20 , $-   
9/5/2024,2602,5,2,4,5,2,Outpatient,$250.00 ,$193.00 ,9/30/2024,8,Emergency,No,Paid,,,N/A,$310.10 , $-   
9/5/2024,989,4,4,4,3,2,Outpatient,$848.00 ,$137.00 ,9/29/2024,4,Emergency,Yes,Paid,,,N/A,$689.50 , $-   
9/5/2024,2229,1,1,4,5,2,Outpatient,$308.00 ,$104.00 ,9/23/2024,7,Self-Referral,Yes,Pending,,,N/A, $-   , $-   
9/5/2024,4607,5,5,4,2,1,Outpatient,$728.00 ,$140.00 ,9/26/2024,4,Self-Referral,No,Pending,,,N/A,$607.60 , $-   
9/5/2024,1268,1,2,4,5,3,Inpatient,$315.00 ,$82.00 ,,3,Emergency,No,Paid,,,Semi-Private Room,$298.90 ,$30.00 
9/6/2024,1523,3,5,4,1,1,Inpatient,$256.00 ,$148.00 ,,7,Emergency,No,Pending,,,General Ward,$289.80 ,$10.00 
9/6/2024,4416,5,4,4,3,2,Emergency,$529.00 ,$168.00 ,,6,Physician Referral,No,Pending,,,General Ward,$494.90 ,$10.00 
9/6/2024,1233,5,4,4,3,3,Outpatient,$108.00 ,$39.00 ,,1,Physician Referral,No,Paid,,,Private Room,$137.90 ,$50.00 
9/6/2024,4388,2,1,4,2,2,Outpatient,$540.00 ,$48.00 ,,9,Emergency,No,Pending,,,Private Room,$446.60 ,$50.00 
9/6/2024,3467,4,2,4,5,1,Inpatient,$930.00 ,$62.00 ,,2,Emergency,No,Pending,,,General Ward,$701.40 ,$10.00 
9/6/2024,775,1,4,4,3,2,Outpatient,$130.00 ,$192.00 ,9/18/2024,3,Emergency,No,Pending,,,N/A,$225.40 , $-   
9/6/2024,3922,1,4,4,3,1,Inpatient,$932.00 ,$84.00 ,,5,Physician Referral,No,Pending,,,General Ward,$718.20 ,$10.00 
9/6/2024,3445,4,5,4,3,1,Outpatient,$798.00 ,$150.00 ,10/3/2024,3,Physician Referral,Yes,Paid,,,N/A,$663.60 , $-   
9/6/2024,3584,4,3,4,3,3,Outpatient,$170.00 ,$115.00 ,9/24/2024,3,Self-Referral,No,Pending,,,N/A,$199.50 , $-   
9/6/2024,3340,2,2,4,5,2,Outpatient,$708.00 ,$39.00 ,10/1/2024,8,Physician Referral,Yes,Pending,,,N/A,$522.90 , $-   
9/7/2024,1446,4,1,4,1,2,Outpatient,$701.00 ,$100.00 ,9/20/2024,4,Physician Referral,No,Pending,,,N/A,$560.70 , $-   
9/7/2024,3081,3,1,4,4,2,Outpatient,$94.00 ,$56.00 ,10/6/2024,10,Emergency,No,Paid,,,N/A,$105.00 , $-   
9/7/2024,4410,2,5,4,3,3,Outpatient,$987.00 ,$57.00 ,10/3/2024,2,Emergency,Yes,Pending,,,N/A,$730.80 , $-   
9/7/2024,3312,5,1,4,1,1,Emergency,$144.00 ,$64.00 ,,5,Self-Referral,Yes,Pending,,,Semi-Private Room,$166.60 ,$30.00 
9/7/2024,4688,4,4,4,3,3,Outpatient,$153.00 ,$189.00 ,9/23/2024,2,Emergency,Yes,Pending,,,N/A,$239.40 , $-   
9/7/2024,749,5,2,4,5,3,Outpatient,$115.00 ,$65.00 ,10/1/2024,10,Emergency,Yes,Paid,,,N/A,$126.00 , $-   
9/7/2024,1899,2,1,4,1,1,Outpatient,$634.00 ,$79.00 ,,8,Physician Referral,No,Paid,,,Semi-Private Room,$520.10 ,$30.00 
9/7/2024,4739,3,2,4,5,2,Emergency,$915.00 ,$115.00 ,,3,Emergency,No,Paid,,,Semi-Private Room,$742.00 ,$30.00 
9/7/2024,4144,3,1,4,2,1,Emergency,$887.00 ,$32.00 ,,2,Physician Referral,No,Paid,,,General Ward,$650.30 ,$10.00 
9/7/2024,2003,4,3,4,3,1,Inpatient,$284.00 ,$50.00 ,,3,Physician Referral,No,Paid,,,Semi-Private Room,$254.80 ,$30.00 
9/8/2024,1800,3,3,4,5,1,Inpatient,$617.00 ,$143.00 ,,3,Emergency,No,Pending,,,Semi-Private Room,$553.00 ,$30.00 
9/8/2024,2132,1,2,4,5,2,Outpatient,$808.00 ,$87.00 ,,1,Emergency,No,Paid,,,Private Room,$661.50 ,$50.00 
9/8/2024,1546,2,3,4,5,1,Emergency,$814.00 ,$135.00 ,,3,Physician Referral,Yes,Pending,,,Private Room,$699.30 ,$50.00 
9/8/2024,3761,3,3,4,5,3,Outpatient,$981.00 ,$81.00 ,9/16/2024,3,Self-Referral,No,Paid,,,N/A,$743.40 , $-   
9/8/2024,658,2,4,4,3,1,Inpatient,$230.00 ,$196.00 ,,4,Emergency,Yes,Paid,,,Private Room,$333.20 ,$50.00 
9/8/2024,3941,2,1,4,3,1,Outpatient,$991.00 ,$165.00 ,9/27/2024,8,Physician Referral,No,Paid,,,N/A,$809.20 , $-   
9/8/2024,3814,1,3,4,1,3,Inpatient,$133.00 ,$94.00 ,,9,Physician Referral,No,Pending,,,Private Room,$193.90 ,$50.00 
9/8/2024,2279,4,2,4,5,2,Emergency,$486.00 ,$125.00 ,,1,Emergency,Yes,Pending,,,Private Room,$462.70 ,$50.00 
9/8/2024,2182,2,4,4,3,3,Outpatient,$355.00 ,$72.00 ,9/29/2024,1,Physician Referral,No,Pending,,,N/A,$298.90 , $-   
9/8/2024,896,1,3,4,4,2,Emergency,$187.00 ,$165.00 ,,6,Emergency,No,Paid,9/15/2024,9/8/2024,Semi-Private Room,$267.40 ,$30.00 
9/9/2024,1109,3,2,4,5,2,Emergency,$386.00 ,$70.00 ,,1,Self-Referral,Yes,Paid,9/16/2024,9/9/2024,Semi-Private Room,$340.20 ,$30.00 
9/9/2024,4487,5,1,4,2,2,Inpatient,$962.00 ,$188.00 ,,5,Self-Referral,Yes,Paid,9/16/2024,9/9/2024,Semi-Private Room,$826.00 ,$30.00 
9/9/2024,1284,4,3,4,5,2,Inpatient,$524.00 ,$120.00 ,,1,Physician Referral,No,Paid,9/11/2024,9/9/2024,General Ward,$457.80 ,$10.00 
9/9/2024,3197,5,2,4,5,3,Outpatient,$237.00 ,$120.00 ,,8,Emergency,Yes,Paid,9/12/2024,9/9/2024,Semi-Private Room,$270.90 ,$30.00 
9/9/2024,4004,1,2,4,5,2,Emergency,$553.00 ,$102.00 ,,5,Emergency,Yes,Paid,9/12/2024,9/9/2024,Semi-Private Room,$479.50 ,$30.00 
9/9/2024,212,2,5,4,4,3,Outpatient,$951.00 ,$142.00 ,,6,Self-Referral,Yes,Pending,9/13/2024,9/9/2024,Private Room,$800.10 ,$50.00 
9/9/2024,4049,1,2,4,5,1,Outpatient,$483.00 ,$153.00 ,9/19/2024,4,Self-Referral,No,Pending,,,N/A,$445.20 , $-   
9/9/2024,1477,4,5,4,5,3,Outpatient,$838.00 ,$184.00 ,,8,Emergency,Yes,Paid,9/18/2024,9/9/2024,Private Room,$750.40 ,$50.00 
9/9/2024,3407,4,1,4,5,1,Outpatient,$351.00 ,$31.00 ,9/22/2024,9,Physician Referral,No,Pending,,,N/A,$267.40 , $-   
9/9/2024,4482,3,1,4,3,3,Outpatient,$258.00 ,$100.00 ,9/18/2024,9,Emergency,Yes,Pending,,,N/A,$250.60 , $-   
9/10/2024,2604,1,4,4,3,1,Outpatient,"$1,000.00 ",$21.00 ,10/2/2024,1,Physician Referral,Yes,Pending,,,N/A,$714.70 , $-   
9/10/2024,1382,4,5,4,3,3,Outpatient,$150.00 ,$72.00 ,9/25/2024,7,Physician Referral,Yes,Paid,,,N/A,$155.40 , $-   
9/10/2024,3259,1,2,4,5,3,Outpatient,$383.00 ,$172.00 ,10/9/2024,4,Emergency,Yes,Paid,,,N/A,$388.50 , $-   
9/10/2024,37,3,4,4,3,3,Outpatient,$950.00 ,$175.00 ,10/9/2024,10,Emergency,No,Paid,,,N/A,$787.50 , $-   
9/10/2024,504,3,4,4,3,3,Outpatient,$962.00 ,$192.00 ,10/3/2024,8,Self-Referral,No,Paid,,,N/A,$807.80 , $-   
9/10/2024,2139,1,1,4,3,1,Emergency,$183.00 ,$56.00 ,,7,Self-Referral,No,Pending,9/11/2024,9/10/2024,Private Room,$202.30 ,$50.00 
9/10/2024,4591,4,2,4,5,2,Emergency,$590.00 ,$164.00 ,,1,Self-Referral,Yes,Paid,9/17/2024,9/10/2024,Private Room,$562.80 ,$50.00 
9/10/2024,3404,2,5,4,4,3,Inpatient,$154.00 ,$88.00 ,,1,Physician Referral,Yes,Paid,9/17/2024,9/10/2024,Private Room,$204.40 ,$50.00 
9/10/2024,4347,2,1,4,5,1,Outpatient,$641.00 ,$75.00 ,9/24/2024,1,Self-Referral,Yes,Paid,,,N/A,$501.20 , $-   
9/10/2024,3842,3,4,4,3,3,Outpatient,$676.00 ,$140.00 ,,2,Emergency,No,Pending,9/14/2024,9/10/2024,Private Room,$606.20 ,$50.00 
9/11/2024,1604,4,3,4,1,2,Outpatient,$868.00 ,$77.00 ,10/5/2024,10,Physician Referral,Yes,Pending,,,N/A,$661.50 , $-   
9/11/2024,3531,3,4,4,3,1,Outpatient,$565.00 ,$23.00 ,9/30/2024,2,Self-Referral,Yes,Pending,,,N/A,$411.60 , $-   
9/11/2024,1580,3,3,4,4,1,Inpatient,$977.00 ,$122.00 ,,9,Emergency,No,Pending,9/12/2024,9/11/2024,Private Room,$804.30 ,$50.00 
9/11/2024,2163,3,1,4,4,1,Outpatient,$799.00 ,$68.00 ,9/19/2024,5,Emergency,Yes,Pending,,,N/A,$606.90 , $-   
9/11/2024,4757,3,5,4,2,3,Outpatient,$754.00 ,$57.00 ,9/18/2024,1,Self-Referral,No,Paid,,,N/A,$567.70 , $-   
9/11/2024,1622,1,2,4,5,3,Emergency,$686.00 ,$64.00 ,,7,Emergency,No,Pending,9/14/2024,9/11/2024,General Ward,$532.00 ,$10.00 
9/11/2024,383,1,3,4,5,2,Outpatient,$410.00 ,$127.00 ,10/3/2024,10,Emergency,No,Pending,,,N/A,$375.90 , $-   
9/11/2024,951,4,2,4,5,2,Emergency,$68.00 ,$177.00 ,,2,Emergency,Yes,Paid,9/16/2024,9/11/2024,Private Room,$206.50 ,$50.00 
9/11/2024,3122,4,1,4,4,3,Outpatient,$949.00 ,$56.00 ,10/3/2024,3,Self-Referral,Yes,Paid,,,N/A,$703.50 , $-   
9/11/2024,4810,5,1,4,2,3,Outpatient,$116.00 ,$174.00 ,9/28/2024,4,Emergency,Yes,Paid,,,N/A,$203.00 , $-   
9/12/2024,2656,2,1,4,4,1,Outpatient,$669.00 ,$51.00 ,,3,Physician Referral,No,Pending,9/14/2024,9/12/2024,Semi-Private Room,$525.00 ,$30.00 
9/12/2024,3553,1,5,4,2,3,Outpatient,$105.00 ,$158.00 ,,3,Emergency,Yes,Paid,9/19/2024,9/12/2024,General Ward,$191.10 ,$10.00 
9/12/2024,3421,4,3,4,1,1,Outpatient,$835.00 ,$77.00 ,,9,Emergency,No,Pending,9/19/2024,9/12/2024,Semi-Private Room,$659.40 ,$30.00 
9/12/2024,2269,3,2,4,5,2,Outpatient,$820.00 ,$96.00 ,9/22/2024,4,Self-Referral,No,Paid,,,N/A,$641.20 , $-   
9/12/2024,3967,1,4,4,3,3,Outpatient,$422.00 ,$182.00 ,9/29/2024,8,Emergency,Yes,Pending,,,N/A,$422.80 , $-   
9/12/2024,1962,2,1,4,2,2,Inpatient,$546.00 ,$36.00 ,,1,Self-Referral,Yes,Pending,9/17/2024,9/12/2024,General Ward,$414.40 ,$10.00 
9/12/2024,3708,1,2,4,5,3,Inpatient,$682.00 ,$177.00 ,,6,Self-Referral,No,Pending,9/18/2024,9/12/2024,Private Room,$636.30 ,$50.00 
9/12/2024,773,2,2,4,5,3,Outpatient,$401.00 ,$165.00 ,,1,Self-Referral,No,Pending,9/13/2024,9/12/2024,Semi-Private Room,$417.20 ,$30.00 
9/12/2024,2098,5,5,4,3,1,Outpatient,$666.00 ,$49.00 ,9/24/2024,5,Self-Referral,Yes,Paid,,,N/A,$500.50 , $-   
9/12/2024,4685,4,3,4,2,3,Outpatient,$328.00 ,$109.00 ,9/29/2024,7,Emergency,Yes,Paid,,,N/A,$305.90 , $-   
9/13/2024,1901,2,5,4,5,2,Inpatient,$187.00 ,$138.00 ,,1,Emergency,No,Pending,9/17/2024,9/13/2024,Private Room,$262.50 ,$50.00 
9/13/2024,2160,5,5,4,5,3,Outpatient,$463.00 ,$35.00 ,,9,Self-Referral,No,Paid,9/17/2024,9/13/2024,Semi-Private Room,$369.60 ,$30.00 
9/13/2024,1367,1,2,4,5,2,Outpatient,$188.00 ,$94.00 ,,9,Self-Referral,Yes,Pending,9/21/2024,9/13/2024,Private Room,$232.40 ,$50.00 
9/13/2024,2741,4,3,4,4,3,Outpatient,$368.00 ,$23.00 ,9/20/2024,6,Self-Referral,No,Paid,,,N/A,$273.70 , $-   
9/13/2024,1657,2,3,4,4,2,Outpatient,$151.00 ,$146.00 ,,2,Self-Referral,Yes,Paid,9/15/2024,9/13/2024,Private Room,$242.90 ,$50.00 
9/13/2024,446,2,3,4,2,2,Emergency,$942.00 ,$124.00 ,,2,Emergency,Yes,Pending,9/14/2024,9/13/2024,Semi-Private Room,$767.20 ,$30.00 
9/13/2024,2249,4,1,4,5,2,Inpatient,$506.00 ,$162.00 ,,9,Physician Referral,No,Pending,9/20/2024,9/13/2024,Private Room,$502.60 ,$50.00 
9/13/2024,768,1,3,4,1,3,Outpatient,$732.00 ,$174.00 ,9/28/2024,4,Emergency,No,Paid,,,N/A,$634.20 , $-   
9/13/2024,3061,1,2,4,5,1,Outpatient,$377.00 ,$23.00 ,9/26/2024,6,Self-Referral,Yes,Pending,,,N/A,$280.00 , $-   
9/13/2024,3509,3,1,4,2,2,Outpatient,$849.00 ,$182.00 ,,10,Self-Referral,No,Paid,9/19/2024,9/13/2024,General Ward,$728.70 ,$10.00 
9/14/2024,3786,1,4,4,3,2,Outpatient,$513.00 ,$104.00 ,10/11/2024,2,Self-Referral,Yes,Paid,,,N/A,$431.90 , $-   
9/14/2024,3790,4,5,4,3,1,Emergency,$661.00 ,$82.00 ,,4,Self-Referral,No,Paid,9/19/2024,9/14/2024,Semi-Private Room,$541.10 ,$30.00 
9/14/2024,1976,5,3,4,5,2,Outpatient,$72.00 ,$119.00 ,,2,Physician Referral,No,Pending,9/22/2024,9/14/2024,Semi-Private Room,$154.70 ,$30.00 
9/14/2024,2369,4,4,4,3,2,Inpatient,$642.00 ,$85.00 ,,3,Self-Referral,No,Pending,9/16/2024,9/14/2024,Semi-Private Room,$529.90 ,$30.00 
9/14/2024,591,2,3,4,2,3,Inpatient,$262.00 ,$58.00 ,,2,Physician Referral,No,Paid,9/16/2024,9/14/2024,General Ward,$231.00 ,$10.00 
9/14/2024,4644,3,5,4,2,1,Outpatient,$801.00 ,$175.00 ,10/12/2024,8,Emergency,Yes,Pending,,,N/A,$683.20 , $-   
9/14/2024,4340,3,2,4,5,2,Inpatient,$207.00 ,$181.00 ,,5,Physician Referral,Yes,Pending,9/23/2024,9/14/2024,Semi-Private Room,$292.60 ,$30.00 
9/14/2024,33,5,2,4,5,3,Emergency,$97.00 ,$180.00 ,,5,Emergency,Yes,Paid,9/15/2024,9/14/2024,Private Room,$228.90 ,$50.00 
9/14/2024,1724,2,5,4,5,3,Outpatient,$164.00 ,$197.00 ,9/23/2024,8,Physician Referral,No,Pending,,,N/A,$252.70 , $-   
9/14/2024,1032,1,4,4,3,3,Inpatient,$728.00 ,$91.00 ,,8,Self-Referral,Yes,Pending,9/20/2024,9/14/2024,Semi-Private Room,$594.30 ,$30.00 
9/15/2024,3078,1,1,4,5,3,Outpatient,$373.00 ,$91.00 ,9/30/2024,7,Physician Referral,No,Paid,,,N/A,$324.80 , $-   
9/15/2024,4540,1,1,4,2,1,Emergency,$87.00 ,$61.00 ,,5,Self-Referral,No,Pending,9/18/2024,9/15/2024,Private Room,$138.60 ,$50.00 
9/15/2024,2743,4,3,4,5,1,Outpatient,$113.00 ,$105.00 ,,7,Physician Referral,Yes,Paid,9/20/2024,9/15/2024,Semi-Private Room,$173.60 ,$30.00 
9/15/2024,1289,1,5,4,5,3,Inpatient,$792.00 ,$110.00 ,,1,Emergency,Yes,Pending,9/23/2024,9/15/2024,Private Room,$666.40 ,$50.00 
9/15/2024,4840,2,5,4,1,1,Emergency,$685.00 ,$47.00 ,,3,Physician Referral,No,Pending,9/22/2024,9/15/2024,Private Room,$547.40 ,$50.00 
9/15/2024,4,3,1,4,1,3,Outpatient,$234.00 ,$174.00 ,9/23/2024,3,Physician Referral,No,Paid,,,N/A,$285.60 , $-   
9/15/2024,691,4,4,4,3,2,Inpatient,$656.00 ,$138.00 ,,2,Emergency,No,Paid,9/19/2024,9/15/2024,General Ward,$562.80 ,$10.00 
9/15/2024,264,1,5,4,1,2,Outpatient,$760.00 ,$148.00 ,10/1/2024,6,Physician Referral,No,Pending,,,N/A,$635.60 , $-   
9/15/2024,2262,2,2,4,5,3,Outpatient,$938.00 ,$110.00 ,10/8/2024,3,Emergency,No,Paid,,,N/A,$733.60 , $-   
9/15/2024,2942,5,2,4,5,2,Outpatient,$542.00 ,$27.00 ,9/22/2024,4,Physician Referral,No,Paid,,,N/A,$398.30 , $-   
9/16/2024,1923,2,5,4,2,3,Inpatient,$127.00 ,$140.00 ,,3,Emergency,Yes,Pending,9/24/2024,9/16/2024,Semi-Private Room,$207.90 ,$30.00 
9/16/2024,1261,3,4,4,3,2,Outpatient,$819.00 ,$65.00 ,10/10/2024,7,Emergency,Yes,Paid,,,N/A,$618.80 , $-   
9/16/2024,2610,2,2,4,5,2,Outpatient,$376.00 ,$43.00 ,9/28/2024,4,Self-Referral,No,Pending,,,N/A,$293.30 , $-   
9/16/2024,2789,2,4,4,3,1,Inpatient,$749.00 ,$134.00 ,9/28/2024,5,Emergency,Yes,Pending,,,N/A,$618.10 , $-   
9/16/2024,1984,4,1,4,4,3,Emergency,$929.00 ,$187.00 ,,7,Emergency,Yes,Paid,9/18/2024,9/16/2024,General Ward,$788.20 ,$10.00 
9/16/2024,2899,3,3,4,5,1,Emergency,$624.00 ,$198.00 ,,4,Self-Referral,Yes,Pending,9/23/2024,9/16/2024,Private Room,$610.40 ,$50.00 
9/16/2024,4494,1,1,4,1,3,Outpatient,$688.00 ,$138.00 ,10/1/2024,6,Self-Referral,Yes,Paid,,,N/A,$578.20 , $-   
9/16/2024,4949,3,3,4,2,2,Outpatient,$189.00 ,$43.00 ,10/2/2024,9,Emergency,Yes,Pending,,,N/A,$162.40 , $-   
9/16/2024,181,5,2,4,5,3,Outpatient,$270.00 ,$41.00 ,,6,Self-Referral,Yes,Paid,9/21/2024,9/16/2024,Semi-Private Room,$238.70 ,$30.00 
9/16/2024,1135,3,3,4,3,3,Emergency,$995.00 ,$87.00 ,10/7/2024,5,Emergency,Yes,Paid,,,N/A,$757.40 , $-   
9/17/2024,4905,4,3,4,5,3,Emergency,$254.00 ,$155.00 ,9/27/2024,1,Emergency,Yes,Pending,,,N/A,$286.30 , $-   
9/17/2024,238,1,5,4,1,3,Outpatient,$592.00 ,$77.00 ,10/1/2024,8,Physician Referral,No,Paid,,,N/A,$468.30 , $-   
9/17/2024,3386,3,3,4,3,2,Outpatient,$991.00 ,$34.00 ,,5,Emergency,Yes,Paid,9/23/2024,9/17/2024,Semi-Private Room,$738.50 ,$30.00 
9/17/2024,2208,1,5,4,1,2,Inpatient,$302.00 ,$27.00 ,9/27/2024,5,Self-Referral,No,Paid,,,N/A,$230.30 , $-   
9/17/2024,2921,4,3,4,1,1,Inpatient,$973.00 ,$189.00 ,9/26/2024,3,Physician Referral,Yes,Pending,,,N/A,$813.40 , $-   
9/17/2024,4923,2,5,4,5,3,Inpatient,$149.00 ,$186.00 ,,10,Physician Referral,No,Pending,9/20/2024,9/17/2024,General Ward,$241.50 ,$10.00 
9/17/2024,4718,5,2,4,5,1,Inpatient,$706.00 ,$54.00 ,9/27/2024,2,Self-Referral,No,Paid,,,N/A,$532.00 , $-   
9/17/2024,4530,3,2,4,5,2,Outpatient,$741.00 ,$188.00 ,,1,Self-Referral,Yes,Paid,9/24/2024,9/17/2024,General Ward,$657.30 ,$10.00 
9/17/2024,4933,1,3,4,3,2,Emergency,$223.00 ,$67.00 ,,9,Physician Referral,No,Pending,9/24/2024,9/17/2024,General Ward,$210.00 ,$10.00 
9/17/2024,3127,3,4,4,3,3,Emergency,$175.00 ,$115.00 ,,5,Self-Referral,Yes,Pending,9/19/2024,9/17/2024,Private Room,$238.00 ,$50.00 
9/18/2024,4513,4,2,4,5,3,Inpatient,$978.00 ,$90.00 ,9/25/2024,10,Self-Referral,Yes,Pending,,,N/A,$747.60 , $-   
9/18/2024,4463,2,1,4,2,1,Emergency,$200.00 ,$63.00 ,10/3/2024,4,Emergency,Yes,Paid,,,N/A,$184.10 , $-   
9/18/2024,2808,4,1,4,2,2,Inpatient,$480.00 ,$116.00 ,10/5/2024,7,Self-Referral,Yes,Pending,,,N/A,$417.20 , $-   
9/18/2024,848,1,5,4,4,1,Outpatient,$275.00 ,$54.00 ,10/15/2024,4,Emergency,No,Paid,,,N/A,$230.30 , $-   
9/18/2024,1897,3,4,4,3,2,Inpatient,$110.00 ,$46.00 ,10/17/2024,2,Self-Referral,Yes,Pending,,,N/A,$109.20 , $-   
9/18/2024,3782,1,5,4,1,2,Emergency,$976.00 ,$89.00 ,10/13/2024,9,Self-Referral,No,Paid,,,N/A,$745.50 , $-   
9/18/2024,2937,4,3,4,1,1,Emergency,$511.00 ,$85.00 ,10/15/2024,8,Self-Referral,No,Pending,,,N/A,$417.20 , $-   
9/18/2024,2716,3,2,4,5,2,Emergency,$129.00 ,$90.00 ,10/14/2024,4,Self-Referral,Yes,Paid,,,N/A,$153.30 , $-   
9/18/2024,1761,1,4,4,3,2,Outpatient,$998.00 ,$99.00 ,,8,Physician Referral,No,Pending,9/19/2024,9/18/2024,General Ward,$774.90 ,$10.00 
9/18/2024,364,3,5,4,5,1,Inpatient,$344.00 ,$48.00 ,10/1/2024,9,Physician Referral,No,Pending,,,N/A,$274.40 , $-   
9/19/2024,2608,5,5,4,2,2,Outpatient,$860.00 ,$50.00 ,9/30/2024,2,Self-Referral,No,Paid,,,N/A,$637.00 , $-   
9/19/2024,4915,4,1,4,1,1,Outpatient,$580.00 ,$87.00 ,,4,Physician Referral,Yes,Pending,9/21/2024,9/19/2024,General Ward,$473.90 ,$10.00 
9/19/2024,197,4,3,4,3,3,Inpatient,$385.00 ,$44.00 ,9/27/2024,6,Self-Referral,No,Pending,,,N/A,$300.30 , $-   
9/19/2024,3263,5,5,4,2,2,Emergency,$286.00 ,$136.00 ,,7,Self-Referral,Yes,Pending,9/27/2024,9/19/2024,General Ward,$302.40 ,$10.00 
9/19/2024,4738,2,1,4,3,1,Emergency,$557.00 ,$160.00 ,10/14/2024,5,Emergency,Yes,Pending,,,N/A,$501.90 , $-   
9/19/2024,4785,1,4,4,3,2,Emergency,$845.00 ,$100.00 ,9/28/2024,10,Emergency,Yes,Paid,,,N/A,$661.50 , $-   
9/19/2024,704,2,5,4,4,2,Emergency,$317.00 ,$187.00 ,,10,Self-Referral,Yes,Paid,9/22/2024,9/19/2024,Private Room,$387.80 ,$50.00 
9/19/2024,3402,3,1,4,1,1,Outpatient,$800.00 ,$106.00 ,,7,Physician Referral,No,Pending,9/23/2024,9/19/2024,General Ward,$641.20 ,$10.00 
9/19/2024,3344,1,3,4,1,3,Inpatient,$819.00 ,$154.00 ,10/10/2024,4,Physician Referral,No,Paid,,,N/A,$681.10 , $-   
9/19/2024,3350,1,2,4,5,1,Inpatient,$273.00 ,$179.00 ,,8,Self-Referral,No,Paid,9/27/2024,9/19/2024,Private Room,$351.40 ,$50.00 
9/20/2024,3657,1,4,4,3,2,Inpatient,$369.00 ,$43.00 ,10/3/2024,3,Physician Referral,Yes,Paid,,,N/A,$288.40 , $-   
9/20/2024,1553,5,5,4,5,3,Outpatient,$750.00 ,$20.00 ,10/1/2024,3,Self-Referral,Yes,Paid,,,N/A,$539.00 , $-   
9/20/2024,2036,4,1,4,1,3,Emergency,$454.00 ,$130.00 ,10/19/2024,5,Emergency,Yes,Paid,,,N/A,$408.80 , $-   
9/20/2024,863,5,5,4,2,2,Emergency,$239.00 ,$66.00 ,10/6/2024,6,Physician Referral,No,Pending,,,N/A,$213.50 , $-   
9/20/2024,1333,5,2,4,5,1,Inpatient,$117.00 ,$198.00 ,10/5/2024,3,Physician Referral,Yes,Paid,,,N/A,$220.50 , $-   
9/20/2024,4866,5,5,4,4,1,Emergency,$152.00 ,$55.00 ,10/19/2024,10,Emergency,No,Pending,,,N/A,$144.90 , $-   
9/20/2024,3953,2,5,4,2,2,Outpatient,$200.00 ,$174.00 ,,2,Self-Referral,No,Paid,9/23/2024,9/20/2024,Private Room,$296.80 ,$50.00 
9/20/2024,839,5,1,4,3,1,Emergency,$783.00 ,$61.00 ,,5,Physician Referral,Yes,Pending,9/26/2024,9/20/2024,Private Room,$625.80 ,$50.00 
9/20/2024,4242,4,2,4,5,1,Emergency,$478.00 ,$95.00 ,,10,Emergency,Yes,Pending,9/22/2024,9/20/2024,Private Room,$436.10 ,$50.00 
9/20/2024,207,1,4,4,3,1,Emergency,$545.00 ,$109.00 ,10/10/2024,6,Physician Referral,No,Pending,,,N/A,$457.80 , $-   
9/21/2024,4371,2,1,4,4,3,Inpatient,$663.00 ,$108.00 ,,3,Emergency,No,Paid,9/24/2024,9/21/2024,Semi-Private Room,$560.70 ,$30.00 
9/21/2024,4505,5,2,4,5,3,Outpatient,$946.00 ,$87.00 ,10/19/2024,7,Physician Referral,Yes,Paid,,,N/A,$723.10 , $-   
9/21/2024,4273,5,2,4,5,1,Inpatient,$128.00 ,$89.00 ,,3,Self-Referral,Yes,Pending,9/22/2024,9/21/2024,Semi-Private Room,$172.90 ,$30.00 
9/21/2024,2458,1,5,4,1,2,Outpatient,$289.00 ,$129.00 ,10/10/2024,2,Physician Referral,Yes,Pending,,,N/A,$292.60 , $-   
9/21/2024,292,1,3,4,5,2,Inpatient,$209.00 ,$145.00 ,9/28/2024,10,Emergency,Yes,Paid,,,N/A,$247.80 , $-   
9/21/2024,2529,2,3,4,2,2,Outpatient,$340.00 ,$160.00 ,10/13/2024,4,Self-Referral,No,Paid,,,N/A,$350.00 , $-   
9/21/2024,2706,4,4,4,3,2,Outpatient,$777.00 ,$172.00 ,10/17/2024,3,Physician Referral,Yes,Pending,,,N/A,$664.30 , $-   
9/21/2024,4306,2,5,4,1,1,Inpatient,$779.00 ,$114.00 ,10/5/2024,7,Emergency,No,Paid,,,N/A,$625.10 , $-   
9/21/2024,4001,1,3,4,2,1,Inpatient,$246.00 ,$41.00 ,,8,Emergency,Yes,Paid,9/30/2024,9/21/2024,Private Room,$235.90 ,$50.00 
9/21/2024,166,4,1,4,3,2,Emergency,$263.00 ,$40.00 ,10/14/2024,3,Self-Referral,Yes,Paid,,,N/A,$212.10 , $-   
9/22/2024,4418,5,4,4,3,1,Outpatient,$250.00 ,$162.00 ,,6,Physician Referral,No,Paid,9/26/2024,9/22/2024,General Ward,$295.40 ,$10.00 
9/22/2024,1776,5,5,4,2,2,Outpatient,$830.00 ,$184.00 ,10/4/2024,1,Self-Referral,Yes,Paid,,,N/A,$709.80 , $-   
9/22/2024,535,3,1,4,3,2,Outpatient,$351.00 ,$64.00 ,9/30/2024,5,Emergency,No,Paid,,,N/A,$290.50 , $-   
9/22/2024,537,1,3,4,5,3,Outpatient,$562.00 ,$173.00 ,10/11/2024,2,Emergency,Yes,Pending,,,N/A,$514.50 , $-   
9/22/2024,2888,3,3,4,5,2,Outpatient,$910.00 ,$130.00 ,,1,Physician Referral,No,Pending,9/28/2024,9/22/2024,Semi-Private Room,$749.00 ,$30.00 
9/22/2024,4585,2,3,4,3,3,Emergency,$327.00 ,$197.00 ,10/6/2024,7,Emergency,No,Pending,,,N/A,$366.80 , $-   
9/22/2024,4151,2,3,4,3,2,Emergency,$578.00 ,$182.00 ,,10,Self-Referral,No,Pending,9/29/2024,9/22/2024,Semi-Private Room,$553.00 ,$30.00 
9/22/2024,1347,4,2,4,5,1,Emergency,$885.00 ,$188.00 ,10/7/2024,4,Emergency,Yes,Pending,,,N/A,$751.10 , $-   
9/22/2024,203,1,4,4,3,3,Outpatient,$944.00 ,$91.00 ,,5,Physician Referral,No,Pending,9/24/2024,9/22/2024,Private Room,$759.50 ,$50.00 
9/22/2024,3491,4,4,4,3,1,Inpatient,$184.00 ,$135.00 ,,2,Physician Referral,No,Paid,9/30/2024,9/22/2024,Semi-Private Room,$244.30 ,$30.00 
9/23/2024,3897,4,3,4,2,2,Inpatient,$103.00 ,$30.00 ,,8,Emergency,Yes,Paid,10/2/2024,9/23/2024,General Ward,$100.10 ,$10.00 
9/23/2024,2881,2,4,4,3,3,Outpatient,$549.00 ,$107.00 ,10/12/2024,10,Self-Referral,No,Pending,,,N/A,$459.20 , $-   
9/23/2024,1904,2,1,4,2,2,Emergency,$194.00 ,$155.00 ,10/17/2024,3,Physician Referral,No,Pending,,,N/A,$244.30 , $-   
9/23/2024,4063,1,1,4,5,2,Inpatient,$912.00 ,$73.00 ,,7,Emergency,Yes,Pending,9/25/2024,9/23/2024,General Ward,$696.50 ,$10.00 
9/23/2024,3254,2,4,4,3,1,Inpatient,$989.00 ,$148.00 ,10/17/2024,1,Emergency,Yes,Paid,,,N/A,$795.90 , $-   
9/23/2024,2364,1,3,4,1,3,Emergency,$463.00 ,$39.00 ,10/8/2024,10,Emergency,Yes,Paid,,,N/A,$351.40 , $-   
9/23/2024,272,3,5,4,4,1,Outpatient,$563.00 ,$119.00 ,10/1/2024,1,Self-Referral,No,Paid,,,N/A,$477.40 , $-   
9/23/2024,487,5,3,4,5,1,Outpatient,$349.00 ,$53.00 ,,7,Self-Referral,No,Paid,9/28/2024,9/23/2024,Private Room,$316.40 ,$50.00 
9/23/2024,204,3,2,4,5,3,Outpatient,$436.00 ,$76.00 ,,1,Self-Referral,No,Pending,9/25/2024,9/23/2024,Private Room,$393.40 ,$50.00 
9/23/2024,3053,2,5,4,3,1,Outpatient,$938.00 ,$160.00 ,10/3/2024,9,Physician Referral,Yes,Pending,,,N/A,$768.60 , $-   
9/24/2024,2803,5,2,4,5,2,Outpatient,$745.00 ,$144.00 ,,9,Emergency,Yes,Pending,9/29/2024,9/24/2024,Semi-Private Room,$643.30 ,$30.00 
9/24/2024,4218,5,4,4,3,3,Inpatient,$592.00 ,$72.00 ,10/18/2024,8,Self-Referral,No,Pending,,,N/A,$464.80 , $-   
9/24/2024,1062,4,2,4,5,3,Emergency,$148.00 ,$71.00 ,10/17/2024,8,Physician Referral,No,Paid,,,N/A,$153.30 , $-   
9/24/2024,262,5,4,4,3,3,Inpatient,$630.00 ,$153.00 ,,4,Physician Referral,Yes,Paid,10/1/2024,9/24/2024,Private Room,$583.10 ,$50.00 
9/24/2024,3420,1,2,4,5,3,Inpatient,$249.00 ,$55.00 ,,4,Physician Referral,No,Pending,9/30/2024,9/24/2024,Private Room,$247.80 ,$50.00 
9/24/2024,1688,2,5,4,2,3,Inpatient,$282.00 ,$172.00 ,10/12/2024,5,Physician Referral,No,Paid,,,N/A,$317.80 , $-   
9/24/2024,1039,2,2,4,5,3,Emergency,$998.00 ,$110.00 ,10/16/2024,9,Self-Referral,Yes,Paid,,,N/A,$775.60 , $-   
9/24/2024,3113,4,3,4,1,2,Inpatient,$118.00 ,$114.00 ,10/13/2024,3,Physician Referral,No,Paid,,,N/A,$162.40 , $-   
9/24/2024,3451,4,4,4,3,3,Inpatient,$522.00 ,$22.00 ,,4,Self-Referral,Yes,Paid,9/28/2024,9/24/2024,Semi-Private Room,$401.80 ,$30.00 
9/24/2024,756,2,1,4,5,1,Outpatient,$414.00 ,$47.00 ,,10,Self-Referral,No,Pending,9/26/2024,9/24/2024,General Ward,$329.70 ,$10.00 
9/25/2024,2236,4,2,4,5,1,Emergency,$924.00 ,$141.00 ,10/12/2024,5,Self-Referral,No,Paid,,,N/A,$745.50 , $-   
9/25/2024,2834,5,4,4,3,1,Outpatient,$225.00 ,$185.00 ,10/15/2024,7,Emergency,No,Pending,,,N/A,$287.00 , $-   
9/25/2024,1345,5,1,4,1,3,Outpatient,$627.00 ,$53.00 ,,5,Self-Referral,No,Paid,10/2/2024,9/25/2024,Semi-Private Room,$497.00 ,$30.00 
9/25/2024,380,1,4,4,3,1,Inpatient,$316.00 ,$103.00 ,10/11/2024,9,Physician Referral,Yes,Paid,,,N/A,$293.30 , $-   
9/25/2024,1885,4,4,4,3,2,Outpatient,$172.00 ,$160.00 ,,6,Emergency,Yes,Pending,10/4/2024,9/25/2024,Semi-Private Room,$253.40 ,$30.00 
9/25/2024,4491,2,1,4,2,1,Inpatient,$786.00 ,$130.00 ,,3,Emergency,No,Pending,9/26/2024,9/25/2024,General Ward,$648.20 ,$10.00 
9/25/2024,1911,3,1,4,5,3,Outpatient,$725.00 ,$24.00 ,10/24/2024,6,Emergency,No,Paid,,,N/A,$524.30 , $-   
9/25/2024,3881,2,5,4,4,2,Emergency,$345.00 ,$147.00 ,10/22/2024,6,Self-Referral,No,Paid,,,N/A,$344.40 , $-   
9/25/2024,91,3,2,4,5,2,Emergency,$581.00 ,$107.00 ,,10,Self-Referral,Yes,Pending,9/28/2024,9/25/2024,Semi-Private Room,$502.60 ,$30.00 
9/25/2024,2426,3,2,4,5,2,Outpatient,$989.00 ,$134.00 ,10/20/2024,1,Emergency,No,Paid,,,N/A,$786.10 , $-   
9/26/2024,1411,1,4,4,3,1,Inpatient,$738.00 ,$121.00 ,,7,Physician Referral,Yes,Paid,10/3/2024,9/26/2024,Semi-Private Room,$622.30 ,$30.00 
9/26/2024,2447,3,3,4,3,1,Inpatient,$169.00 ,$36.00 ,,3,Emergency,Yes,Pending,10/5/2024,9/26/2024,Private Room,$178.50 ,$50.00 
9/26/2024,898,5,3,4,2,3,Inpatient,$329.00 ,$50.00 ,,1,Self-Referral,No,Paid,10/1/2024,9/26/2024,General Ward,$272.30 ,$10.00 
9/26/2024,4727,5,4,4,3,2,Outpatient,$375.00 ,$111.00 ,10/23/2024,1,Self-Referral,Yes,Paid,,,N/A,$340.20 , $-   
9/26/2024,2290,1,5,4,1,3,Inpatient,$321.00 ,$180.00 ,10/19/2024,5,Physician Referral,Yes,Paid,,,N/A,$350.70 , $-   
9/26/2024,972,2,1,4,5,3,Outpatient,$674.00 ,$123.00 ,10/11/2024,10,Physician Referral,Yes,Paid,,,N/A,$557.90 , $-   
9/26/2024,3032,2,4,4,3,3,Emergency,$555.00 ,$112.00 ,,10,Emergency,Yes,Paid,10/3/2024,9/26/2024,Semi-Private Room,$487.90 ,$30.00 
9/26/2024,3569,2,2,4,5,2,Inpatient,$728.00 ,$151.00 ,,2,Self-Referral,Yes,Pending,10/3/2024,9/26/2024,General Ward,$622.30 ,$10.00 
9/26/2024,2536,2,3,4,3,2,Outpatient,$429.00 ,$101.00 ,,2,Emergency,Yes,Paid,9/30/2024,9/26/2024,Private Room,$406.00 ,$50.00 
9/26/2024,3193,5,3,4,3,3,Inpatient,$516.00 ,$74.00 ,,4,Physician Referral,Yes,Pending,10/1/2024,9/26/2024,General Ward,$420.00 ,$10.00 
9/27/2024,654,5,3,4,2,2,Outpatient,$906.00 ,$171.00 ,10/17/2024,10,Emergency,Yes,Pending,,,N/A,$753.90 , $-   
9/27/2024,4088,1,5,4,2,1,Inpatient,$92.00 ,$179.00 ,10/8/2024,7,Emergency,Yes,Paid,,,N/A,$189.70 , $-   
9/27/2024,180,1,2,4,5,2,Emergency,$267.00 ,$92.00 ,10/6/2024,8,Self-Referral,Yes,Pending,,,N/A, $-   , $-   
9/27/2024,715,1,5,4,4,1,Outpatient,$718.00 ,$66.00 ,,10,Self-Referral,Yes,Paid,9/29/2024,9/27/2024,Semi-Private Room,$569.80 ,$30.00 
9/27/2024,884,2,1,4,3,2,Outpatient,$342.00 ,$163.00 ,,7,Self-Referral,No,Pending,10/5/2024,9/27/2024,General Ward,$360.50 ,$10.00 
9/27/2024,762,2,4,4,3,3,Emergency,$658.00 ,$168.00 ,10/25/2024,9,Emergency,Yes,Pending,,,N/A,$578.20 , $-   
9/27/2024,282,5,4,4,3,3,Emergency,$805.00 ,$113.00 ,,7,Self-Referral,No,Pending,9/28/2024,9/27/2024,General Ward, $-   ,$10.00 
9/27/2024,1354,5,3,4,4,1,Inpatient,$416.00 ,$86.00 ,10/11/2024,4,Self-Referral,No,Paid,,,N/A,$351.40 , $-   
9/27/2024,3218,4,3,4,5,1,Outpatient,$994.00 ,$116.00 ,,9,Physician Referral,No,Pending,9/29/2024,9/27/2024,Semi-Private Room,$798.00 ,$30.00 
9/27/2024,146,4,1,4,2,2,Outpatient,$147.00 ,$178.00 ,,9,Self-Referral,No,Pending,9/30/2024,9/27/2024,Private Room,$262.50 ,$50.00 
9/28/2024,507,2,5,4,4,1,Inpatient,$249.00 ,$139.00 ,,3,Physician Referral,Yes,Pending,10/5/2024,9/28/2024,Semi-Private Room,$292.60 ,$30.00 
9/28/2024,1088,5,2,4,5,3,Inpatient,$245.00 ,$161.00 ,,10,Emergency,Yes,Paid,10/4/2024,9/28/2024,Semi-Private Room, $-   ,$30.00 
9/28/2024,973,2,1,4,5,2,Outpatient,$574.00 ,$153.00 ,,8,Emergency,Yes,Paid,10/5/2024,9/28/2024,General Ward,$515.90 ,$10.00 
9/28/2024,4751,3,4,4,3,1,Emergency,$253.00 ,$176.00 ,10/22/2024,1,Self-Referral,No,Pending,,,N/A,$300.30 , $-   
9/28/2024,295,4,4,4,3,3,Inpatient,$92.00 ,$56.00 ,10/7/2024,2,Physician Referral,Yes,Pending,,,N/A,$103.60 , $-   
9/28/2024,978,1,5,4,2,3,Outpatient,$883.00 ,$183.00 ,10/27/2024,8,Self-Referral,No,Pending,,,N/A,$746.20 , $-   
9/28/2024,4164,2,1,4,4,2,Inpatient,$605.00 ,$129.00 ,,8,Physician Referral,No,Pending,10/3/2024,9/28/2024,Semi-Private Room, $-   ,$30.00 
9/28/2024,315,3,2,4,5,2,Emergency,$490.00 ,$97.00 ,10/6/2024,6,Self-Referral,No,Paid,,,N/A, $-   , $-   
9/28/2024,3495,1,1,4,3,2,Outpatient,$66.00 ,$190.00 ,10/15/2024,8,Physician Referral,No,Paid,,,N/A, $-   , $-   
9/28/2024,4020,3,1,4,5,2,Outpatient,$615.00 ,$137.00 ,,8,Physician Referral,Yes,Paid,10/2/2024,9/28/2024,General Ward, $-   ,$10.00 
9/29/2024,396,5,5,4,2,1,Outpatient,$520.00 ,$61.00 ,,2,Emergency,No,Pending,10/6/2024,9/29/2024,Semi-Private Room,$427.70 ,$30.00 
9/29/2024,1991,5,2,4,5,2,Emergency,$546.00 ,$93.00 ,10/10/2024,3,Physician Referral,Yes,Paid,,,N/A,$447.30 , $-   
9/29/2024,99,5,4,4,3,1,Inpatient,$221.00 ,$144.00 ,10/12/2024,7,Emergency,Yes,Pending,,,N/A,$255.50 , $-   
9/29/2024,4571,1,3,4,2,3,Emergency,$692.00 ,$79.00 ,10/19/2024,3,Self-Referral,No,Pending,,,N/A,$539.70 , $-   
9/29/2024,4964,1,2,4,5,2,Emergency,$486.00 ,$83.00 ,10/24/2024,2,Self-Referral,Yes,Pending,,,N/A,$398.30 , $-   
9/29/2024,1189,5,4,4,3,2,Emergency,$79.00 ,$77.00 ,10/7/2024,6,Physician Referral,No,Paid,,,N/A,$109.20 , $-   
9/29/2024,4196,1,5,4,3,2,Outpatient,$767.00 ,$21.00 ,,2,Emergency,No,Pending,10/2/2024,9/29/2024,General Ward,$558.60 ,$10.00 
9/29/2024,1149,5,2,4,5,2,Emergency,$821.00 ,$97.00 ,10/14/2024,2,Emergency,Yes,Paid,,,N/A,$642.60 , $-   
9/29/2024,1781,2,2,4,5,2,Outpatient,$579.00 ,$90.00 ,10/15/2024,2,Self-Referral,Yes,Pending,,,N/A,$468.30 , $-   
9/29/2024,3566,5,4,4,3,2,Outpatient,$724.00 ,$139.00 ,10/24/2024,4,Emergency,Yes,Paid,,,N/A,$604.10 , $-   
9/30/2024,3959,4,4,4,3,2,Inpatient,$684.00 ,$27.00 ,10/23/2024,7,Emergency,Yes,Pending,,,N/A,$497.70 , $-   
9/30/2024,3220,2,1,4,2,1,Inpatient,$554.00 ,$183.00 ,10/13/2024,6,Self-Referral,Yes,Paid,,,N/A,$515.90 , $-   
9/30/2024,4061,5,1,4,4,2,Emergency,$181.00 ,$32.00 ,10/24/2024,5,Emergency,No,Pending,,,N/A,$149.10 , $-   
9/30/2024,877,4,2,4,5,2,Outpatient,$818.00 ,$58.00 ,,4,Self-Referral,Yes,Paid,10/7/2024,9/30/2024,Semi-Private Room,$634.20 ,$30.00 
9/30/2024,161,5,3,4,5,2,Outpatient,$811.00 ,$121.00 ,,2,Emergency,Yes,Pending,10/2/2024,9/30/2024,Semi-Private Room,$673.40 ,$30.00 
9/30/2024,2146,2,5,4,3,1,Inpatient,$69.00 ,$100.00 ,,8,Physician Referral,No,Pending,10/8/2024,9/30/2024,Semi-Private Room,$139.30 ,$30.00 
9/30/2024,1844,5,4,4,3,2,Outpatient,$203.00 ,$25.00 ,10/12/2024,2,Self-Referral,No,Pending,,,N/A,$159.60 , $-   
9/30/2024,2518,1,1,4,5,2,Emergency,$927.00 ,$38.00 ,10/15/2024,8,Self-Referral,No,Paid,,,N/A,$675.50 , $-   
9/30/2024,1588,5,5,4,4,3,Outpatient,$406.00 ,$172.00 ,,10,Self-Referral,Yes,Pending,10/6/2024,9/30/2024,Private Room,$439.60 ,$50.00 
9/30/2024,1279,2,2,4,5,2,Emergency,$718.00 ,$150.00 ,10/14/2024,4,Physician Referral,No,Pending,,,N/A,$607.60 , $-   
10/1/2024,919,3,4,4,3,3,Inpatient,$894.00 ,$124.00 ,10/29/2024,5,Self-Referral,No,Pending,,,N/A,$712.60 , $-   
10/1/2024,2811,5,4,4,3,3,Inpatient,$142.00 ,$72.00 ,10/29/2024,1,Physician Referral,No,Paid,,,N/A,$149.80 , $-   
10/1/2024,4387,1,1,4,2,2,Outpatient,$169.00 ,$47.00 ,,2,Emergency,Yes,Pending,10/4/2024,10/1/2024,General Ward,$158.20 ,$10.00 
10/1/2024,2516,2,3,4,4,2,Outpatient,$150.00 ,$173.00 ,,8,Physician Referral,Yes,Pending,10/4/2024,10/1/2024,General Ward,$233.10 ,$10.00 
10/1/2024,1086,4,4,4,3,2,Inpatient,$622.00 ,$66.00 ,,1,Self-Referral,No,Paid,10/6/2024,10/1/2024,Private Room,$516.60 ,$50.00 
10/1/2024,309,3,3,4,5,3,Emergency,$603.00 ,$155.00 ,10/16/2024,3,Physician Referral,Yes,Pending,,,N/A,$530.60 , $-   
10/1/2024,1002,5,5,4,4,1,Emergency,$828.00 ,$76.00 ,,2,Physician Referral,Yes,Paid,10/4/2024,10/1/2024,General Ward,$639.80 ,$10.00 
10/1/2024,1762,2,4,4,3,1,Emergency,$580.00 ,$74.00 ,,10,Physician Referral,Yes,Pending,10/7/2024,10/1/2024,General Ward,$464.80 ,$10.00 
10/1/2024,4581,1,4,4,3,2,Inpatient,$979.00 ,$98.00 ,,5,Physician Referral,No,Paid,10/3/2024,10/1/2024,Semi-Private Room,$774.90 ,$30.00 
10/1/2024,3119,1,3,4,1,2,Inpatient,$636.00 ,$20.00 ,10/8/2024,4,Emergency,No,Paid,,,N/A,$459.20 , $-   
10/2/2024,3688,2,1,4,3,3,Inpatient,$735.00 ,$187.00 ,,4,Emergency,No,Paid,10/10/2024,10/2/2024,Semi-Private Room,$666.40 ,$30.00 
10/2/2024,4274,1,2,4,5,3,Outpatient,$977.00 ,$42.00 ,,4,Emergency,No,Pending,10/11/2024,10/2/2024,Private Room,$748.30 ,$50.00 
10/2/2024,97,3,5,4,4,1,Inpatient,$677.00 ,$61.00 ,10/10/2024,4,Self-Referral,No,Pending,,,N/A,$516.60 , $-   
10/2/2024,1421,4,4,4,2,3,Emergency,$740.00 ,$197.00 ,,4,Physician Referral,Yes,Paid,10/9/2024,10/2/2024,Semi-Private Room,$676.90 ,$30.00 
10/2/2024,4633,1,1,4,1,1,Emergency,$217.00 ,$23.00 ,10/30/2024,6,Emergency,Yes,Pending,,,N/A,$168.00 , $-   
10/2/2024,2652,1,4,4,4,2,Inpatient,$170.00 ,$27.00 ,10/12/2024,2,Self-Referral,No,Pending,,,N/A,$137.90 , $-   
10/2/2024,716,4,5,4,1,1,Inpatient,$994.00 ,$183.00 ,,4,Self-Referral,Yes,Paid,10/5/2024,10/2/2024,General Ward,$830.90 ,$10.00 
10/2/2024,1610,3,2,4,5,1,Emergency,$391.00 ,$29.00 ,,7,Physician Referral,No,Paid,10/6/2024,10/2/2024,Private Room,$329.00 ,$50.00 
10/2/2024,609,3,4,4,1,2,Inpatient,$655.00 ,$135.00 ,,7,Physician Referral,Yes,Paid,10/4/2024,10/2/2024,Private Room,$588.00 ,$50.00 
10/2/2024,731,3,3,4,3,1,Outpatient,$242.00 ,$177.00 ,10/28/2024,1,Physician Referral,Yes,Paid,,,N/A,$293.30 , $-   
10/3/2024,2555,1,1,4,1,3,Inpatient,$876.00 ,$119.00 ,,10,Physician Referral,No,Pending,10/12/2024,10/3/2024,Private Room,$731.50 ,$50.00 
10/3/2024,1205,1,2,4,5,3,Emergency,$230.00 ,$35.00 ,,9,Physician Referral,No,Pending,10/8/2024,10/3/2024,General Ward,$192.50 ,$10.00 
10/3/2024,4295,3,4,4,3,2,Emergency,$300.00 ,$177.00 ,,7,Physician Referral,Yes,Pending,10/5/2024,10/3/2024,General Ward,$340.90 ,$10.00 
10/3/2024,122,1,2,4,5,2,Inpatient,$68.00 ,$83.00 ,10/27/2024,6,Emergency,Yes,Pending,,,N/A,$105.70 , $-   
10/3/2024,2231,5,3,4,4,3,Emergency,$278.00 ,$127.00 ,10/19/2024,2,Emergency,No,Pending,,,N/A,$283.50 , $-   
10/3/2024,4652,1,4,4,2,3,Inpatient,$542.00 ,$140.00 ,10/10/2024,6,Physician Referral,Yes,Pending,,,N/A,$477.40 , $-   
10/3/2024,3778,3,2,4,5,3,Emergency,$73.00 ,$158.00 ,,5,Self-Referral,No,Paid,10/9/2024,10/3/2024,Semi-Private Room,$182.70 ,$30.00 
10/3/2024,433,2,4,4,2,3,Emergency,$678.00 ,$181.00 ,,9,Emergency,No,Pending,10/10/2024,10/3/2024,Semi-Private Room,$622.30 ,$30.00 
10/3/2024,3930,3,4,4,3,1,Emergency,$882.00 ,$74.00 ,10/19/2024,1,Physician Referral,No,Pending,,,N/A,$669.20 , $-   
10/3/2024,1884,2,2,4,5,3,Inpatient,$497.00 ,$102.00 ,,5,Emergency,Yes,Pending,10/5/2024,10/3/2024,Private Room,$454.30 ,$50.00 
10/4/2024,2933,1,4,4,3,2,Inpatient,$51.00 ,$23.00 ,,3,Self-Referral,No,Paid,10/5/2024,10/4/2024,Private Room,$86.80 ,$50.00 
10/4/2024,3793,1,3,4,2,2,Inpatient,$797.00 ,$196.00 ,10/19/2024,9,Self-Referral,No,Paid,,,N/A,$695.10 , $-   
10/4/2024,2966,2,2,4,5,3,Outpatient,$610.00 ,$63.00 ,11/2/2024,1,Emergency,No,Pending,,,N/A,$471.10 , $-   
10/4/2024,589,3,2,4,5,1,Outpatient,$201.00 ,$178.00 ,10/23/2024,6,Physician Referral,No,Paid,,,N/A,$265.30 , $-   
10/4/2024,3916,4,3,4,3,3,Outpatient,$70.00 ,$67.00 ,,3,Physician Referral,Yes,Paid,10/11/2024,10/4/2024,Semi-Private Room,$116.90 ,$30.00 
10/4/2024,1036,4,3,4,1,3,Emergency,$121.00 ,$118.00 ,,1,Physician Referral,No,Pending,10/5/2024,10/4/2024,Semi-Private Room,$188.30 ,$30.00 
10/4/2024,457,3,3,4,1,2,Emergency,$60.00 ,$117.00 ,,3,Self-Referral,No,Pending,10/7/2024,10/4/2024,Semi-Private Room,$144.90 ,$30.00 
10/4/2024,1767,1,4,4,5,2,Inpatient,$195.00 ,$45.00 ,10/25/2024,2,Self-Referral,Yes,Pending,,,N/A,$168.00 , $-   
10/4/2024,2667,2,4,4,5,1,Emergency,$291.00 ,$122.00 ,10/28/2024,10,Self-Referral,No,Paid,,,N/A,$289.10 , $-   
10/4/2024,1037,2,5,4,2,1,Outpatient,$193.00 ,$116.00 ,,8,Self-Referral,No,Paid,10/8/2024,10/4/2024,General Ward,$223.30 ,$10.00 
10/5/2024,2626,3,4,4,5,1,Outpatient,$232.00 ,$31.00 ,10/24/2024,3,Emergency,No,Pending,,,N/A,$184.10 , $-   
10/5/2024,722,3,3,4,1,2,Inpatient,$972.00 ,$64.00 ,10/16/2024,7,Physician Referral,No,Paid,,,N/A,$725.20 , $-   
10/5/2024,3367,5,5,4,3,1,Emergency,$205.00 ,$155.00 ,,10,Physician Referral,Yes,Paid,10/7/2024,10/5/2024,Semi-Private Room,$273.00 ,$30.00 
10/5/2024,402,2,3,4,3,3,Emergency,$794.00 ,$28.00 ,10/13/2024,6,Emergency,Yes,Paid,,,N/A,$575.40 , $-   
10/5/2024,1418,5,1,4,1,3,Outpatient,$685.00 ,$20.00 ,,7,Emergency,Yes,Pending,10/12/2024,10/5/2024,Semi-Private Room,$514.50 ,$30.00 
1/1/2025,2953,1,2,4,5,2,Inpatient,$672.00 ,$152.00 ,10/18/2024,7,Physician Referral,Yes,Pending,,,N/A,$576.80 , $-   
1/1/2025,240,2,1,4,3,3,Outpatient,$725.00 ,$90.00 ,,10,Physician Referral,Yes,Pending,10/10/2024,10/5/2024,General Ward,$577.50 ,$10.00 
1/1/2025,233,3,3,4,2,1,Emergency,$233.00 ,$73.00 ,10/20/2024,1,Emergency,Yes,Pending,,,N/A,$214.20 , $-   
1/1/2025,650,3,4,4,5,3,Outpatient,$931.00 ,$123.00 ,,4,Emergency,No,Pending,10/6/2024,10/5/2024,General Ward,$744.80 ,$10.00 
1/1/2025,4438,1,2,4,5,1,Outpatient,$725.00 ,$171.00 ,10/30/2024,4,Self-Referral,Yes,Paid,,,N/A,$627.20 , $-   
1/1/2025,2923,4,4,4,5,1,Emergency,$616.00 ,$173.00 ,10/26/2024,5,Emergency,No,Paid,,,N/A,$552.30 , $-   
1/1/2025,4073,5,4,4,5,1,Emergency,$563.00 ,$29.00 ,10/29/2024,10,Emergency,No,Paid,,,N/A,$414.40 , $-   
1/1/2025,3245,3,4,4,5,3,Emergency,$172.00 ,$59.00 ,11/1/2024,5,Self-Referral,Yes,Paid,,,N/A,$161.70 , $-   
1/1/2025,767,2,4,4,5,2,Outpatient,$821.00 ,$63.00 ,11/1/2024,8,Physician Referral,No,Paid,,,N/A,$618.80 , $-   
1/1/2025,3738,2,4,4,5,1,Outpatient,$522.00 ,$131.00 ,,4,Self-Referral,No,Paid,10/14/2024,10/6/2024,Private Room,$492.10 ,$50.00 
1/2/2025,3069,2,4,4,5,3,Outpatient,$431.00 ,$31.00 ,,1,Emergency,No,Pending,10/13/2024,10/6/2024,Private Room,$358.40 ,$50.00 
1/2/2025,1282,1,4,4,5,2,Inpatient,$998.00 ,$41.00 ,,5,Emergency,Yes,Pending,10/10/2024,10/6/2024,Private Room,$762.30 ,$50.00 
1/2/2025,4854,4,4,4,5,3,Inpatient,$156.00 ,$174.00 ,10/23/2024,1,Physician Referral,No,Paid,,,N/A,$231.00 , $-   
1/2/2025,1192,5,4,4,5,2,Emergency,$399.00 ,$101.00 ,,3,Physician Referral,Yes,Pending,10/8/2024,10/6/2024,General Ward,$357.00 ,$10.00 
1/2/2025,3847,2,4,4,5,3,Inpatient,$668.00 ,$161.00 ,11/3/2024,8,Self-Referral,Yes,Paid,,,N/A,$580.30 , $-   
1/2/2025,3909,2,4,4,5,1,Emergency,$648.00 ,$172.00 ,10/18/2024,10,Physician Referral,No,Paid,,,N/A,$574.00 , $-   
1/2/2025,4142,3,4,4,5,3,Outpatient,$247.00 ,$71.00 ,,5,Emergency,Yes,Pending,10/14/2024,10/7/2024,Private Room,$257.60 ,$50.00 
1/2/2025,3129,4,4,4,5,2,Emergency,$656.00 ,$131.00 ,,7,Physician Referral,No,Pending,10/9/2024,10/7/2024,Private Room,$585.90 ,$50.00 
1/2/2025,2026,3,4,4,5,1,Outpatient,$400.00 ,$137.00 ,10/25/2024,1,Emergency,Yes,Paid,,,N/A,$375.90 , $-   
1/2/2025,484,1,4,4,5,1,Emergency,$379.00 ,$78.00 ,11/3/2024,6,Physician Referral,Yes,Pending,,,N/A,$319.90 , $-   
1/3/2025,3994,1,4,4,5,3,Inpatient,$576.00 ,$57.00 ,,8,Self-Referral,Yes,Paid,10/13/2024,10/7/2024,General Ward,$450.10 ,$10.00 
1/3/2025,3351,5,4,4,5,1,Outpatient,$633.00 ,$39.00 ,,6,Physician Referral,Yes,Paid,10/8/2024,10/7/2024,Semi-Private Room,$491.40 ,$30.00 
1/3/2025,2906,1,4,4,5,2,Outpatient,$421.00 ,$97.00 ,10/22/2024,4,Emergency,No,Paid,,,N/A,$362.60 , $-   
1/3/2025,2445,5,4,4,5,1,Outpatient,$551.00 ,$39.00 ,10/30/2024,8,Self-Referral,Yes,Paid,,,N/A,$413.00 , $-   
1/3/2025,1079,3,4,4,5,2,Inpatient,$452.00 ,$120.00 ,,8,Self-Referral,No,Paid,10/14/2024,10/7/2024,Semi-Private Room,$421.40 ,$30.00 
1/3/2025,1723,2,4,4,5,2,Inpatient,$792.00 ,$129.00 ,10/22/2024,6,Physician Referral,No,Pending,,,N/A,$644.70 , $-   
1/3/2025,2661,2,4,4,5,2,Inpatient,$635.00 ,$49.00 ,10/22/2024,8,Physician Referral,No,Paid,,,N/A,$478.80 , $-   
1/3/2025,4653,4,4,4,5,1,Outpatient,$827.00 ,$126.00 ,,6,Self-Referral,No,Pending,10/15/2024,10/8/2024,General Ward,$674.10 ,$10.00 
1/3/2025,4343,1,4,4,5,1,Emergency,$463.00 ,$60.00 ,,4,Self-Referral,Yes,Paid,10/12/2024,10/8/2024,Private Room,$401.10 ,$50.00 
1/3/2025,4569,4,4,4,5,3,Emergency,$910.00 ,$103.00 ,10/26/2024,6,Emergency,Yes,Pending,,,N/A,$709.10 , $-   
1/4/2025,2354,4,4,4,5,2,Inpatient,$758.00 ,$90.00 ,11/2/2024,9,Self-Referral,No,Paid,,,N/A,$593.60 , $-   
1/4/2025,1547,2,4,4,5,2,Emergency,$979.00 ,$82.00 ,,8,Self-Referral,No,Pending,10/12/2024,10/8/2024,Private Room,$777.70 ,$50.00 
1/4/2025,1358,1,4,4,5,3,Outpatient,$207.00 ,$114.00 ,10/24/2024,7,Self-Referral,No,Paid,,,N/A,$224.70 , $-   
1/4/2025,3188,2,4,4,5,3,Outpatient,$949.00 ,$48.00 ,,5,Self-Referral,Yes,Paid,10/13/2024,10/8/2024,General Ward,$704.90 ,$10.00 
1/4/2025,1224,4,4,4,5,2,Inpatient,$72.00 ,$96.00 ,10/16/2024,7,Emergency,Yes,Pending,,,N/A,$117.60 , $-   
1/4/2025,1966,1,4,4,5,2,Inpatient,$527.00 ,$191.00 ,,1,Self-Referral,No,Pending,10/11/2024,10/9/2024,Private Room,$537.60 ,$50.00 
1/4/2025,463,2,4,4,5,3,Emergency,$913.00 ,$98.00 ,10/23/2024,8,Emergency,Yes,Pending,,,N/A,$707.70 , $-   
1/4/2025,4611,5,4,4,5,1,Emergency,$582.00 ,$102.00 ,10/29/2024,5,Self-Referral,Yes,Pending,,,N/A,$478.80 , $-   
1/4/2025,4542,5,4,4,5,3,Emergency,$862.00 ,$76.00 ,11/3/2024,7,Emergency,Yes,Pending,,,N/A,$656.60 , $-   
1/4/2025,510,3,4,4,5,2,Inpatient,$835.00 ,$171.00 ,,7,Emergency,Yes,Pending,10/18/2024,10/9/2024,Semi-Private Room,$725.20 ,$30.00 
1/5/2025,917,3,4,4,5,2,Inpatient,$299.00 ,$166.00 ,,8,Physician Referral,No,Paid,10/13/2024,10/9/2024,General Ward,$332.50 ,$10.00 
1/1/2025,3066,1,4,4,5,1,Inpatient,$499.00 ,$36.00 ,,7,Emergency,Yes,Paid,10/18/2024,10/9/2024,General Ward,$381.50 ,$10.00 
1/1/2025,3290,3,4,4,5,2,Outpatient,$905.00 ,$131.00 ,10/19/2024,6,Emergency,No,Paid,,,N/A,$725.20 , $-   
1/1/2025,4634,1,4,4,5,2,Emergency,$86.00 ,$151.00 ,10/24/2024,6,Emergency,No,Pending,,,N/A,$165.90 , $-   
1/1/2025,3369,4,4,4,5,3,Inpatient,$555.00 ,$169.00 ,,5,Physician Referral,Yes,Pending,10/12/2024,10/9/2024,General Ward,$513.80 ,$10.00 
1/1/2025,1076,5,4,4,5,1,Inpatient,$610.00 ,$25.00 ,,5,Emergency,No,Pending,10/19/2024,10/10/2024,Semi-Private Room,$465.50 ,$30.00 
1/1/2025,1578,1,4,4,5,3,Inpatient,$324.00 ,$177.00 ,10/29/2024,4,Physician Referral,Yes,Paid,,,N/A,$350.70 , $-   
1/1/2025,2469,4,4,4,5,1,Emergency,$744.00 ,$112.00 ,10/25/2024,7,Emergency,Yes,Pending,,,N/A,$599.20 , $-   
1/1/2025,2211,5,4,4,5,2,Emergency,$914.00 ,$94.00 ,10/29/2024,3,Emergency,No,Paid,,,N/A,$705.60 , $-   
1/1/2025,993,2,4,4,5,3,Outpatient,$69.00 ,$158.00 ,11/1/2024,5,Emergency,No,Pending,,,N/A,$158.90 , $-   
1/1/2025,177,4,4,4,5,3,Outpatient,$904.00 ,$67.00 ,,3,Emergency,Yes,Pending,10/11/2024,10/10/2024,Private Room,$714.70 ,$50.00 
1/2/2025,3949,2,4,4,5,3,Outpatient,$200.00 ,$65.00 ,,8,Self-Referral,No,Pending,10/17/2024,10/10/2024,Semi-Private Room,$206.50 ,$30.00 
1/2/2025,1420,3,4,4,5,1,Outpatient,$175.00 ,$174.00 ,11/7/2024,5,Self-Referral,No,Paid,,,N/A,$244.30 , $-   
1/2/2025,2897,1,4,4,5,2,Inpatient,$86.00 ,$166.00 ,10/17/2024,10,Self-Referral,Yes,Pending,,,N/A,$176.40 , $-   
1/2/2025,2300,5,4,4,5,2,Outpatient,$420.00 ,$105.00 ,10/24/2024,6,Emergency,Yes,Paid,,,N/A,$367.50 , $-   
1/2/2025,3328,3,4,4,5,1,Inpatient,$195.00 ,$111.00 ,,1,Self-Referral,No,Pending,10/15/2024,10/11/2024,Semi-Private Room,$235.20 ,$30.00 
1/2/2025,211,4,4,4,5,3,Inpatient,$409.00 ,$78.00 ,,4,Physician Referral,No,Pending,10/18/2024,10/11/2024,General Ward,$347.90 ,$10.00 
1/2/2025,3441,3,4,4,5,2,Emergency,$611.00 ,$143.00 ,10/26/2024,9,Emergency,Yes,Pending,,,N/A,$527.80 , $-   
1/2/2025,1664,2,4,4,5,2,Inpatient,$774.00 ,$102.00 ,10/30/2024,5,Self-Referral,Yes,Pending,,,N/A,$613.20 , $-   
1/2/2025,1480,2,4,4,5,3,Emergency,$154.00 ,$164.00 ,11/3/2024,1,Physician Referral,Yes,Paid,,,N/A,$222.60 , $-   
1/2/2025,2062,1,4,4,5,1,Outpatient,$965.00 ,$69.00 ,11/8/2024,4,Physician Referral,Yes,Paid,,,N/A,$723.80 , $-   
1/3/2025,4579,3,4,4,5,2,Outpatient,$730.00 ,$187.00 ,10/26/2024,6,Emergency,No,Paid,,,N/A,$641.90 , $-   
1/3/2025,4868,5,4,4,5,3,Emergency,$431.00 ,$119.00 ,10/24/2024,7,Emergency,Yes,Paid,,,N/A,$385.00 , $-   
1/3/2025,1519,2,4,4,5,3,Emergency,$998.00 ,$106.00 ,,7,Physician Referral,Yes,Paid,10/17/2024,10/11/2024,General Ward,$779.80 ,$10.00 
1/3/2025,2000,4,4,4,5,3,Outpatient,$511.00 ,$133.00 ,,8,Physician Referral,Yes,Paid,10/15/2024,10/11/2024,General Ward,$457.80 ,$10.00 
1/3/2025,1009,3,4,4,5,1,Inpatient,$196.00 ,$158.00 ,,5,Emergency,Yes,Paid,10/16/2024,10/12/2024,Semi-Private Room,$268.80 ,$30.00 
1/3/2025,4479,5,4,4,5,2,Inpatient,$874.00 ,$141.00 ,11/10/2024,6,Physician Referral,Yes,Paid,,,N/A,$710.50 , $-   
1/3/2025,568,5,4,4,5,1,Emergency,$247.00 ,$33.00 ,11/7/2024,2,Self-Referral,Yes,Paid,,,N/A,$196.00 , $-   
1/3/2025,878,5,4,4,5,1,Inpatient,$75.00 ,$32.00 ,11/10/2024,10,Self-Referral,Yes,Paid,,,N/A,$74.90 , $-   
1/3/2025,3888,5,4,4,5,3,Inpatient,$870.00 ,$107.00 ,,2,Physician Referral,No,Paid,10/20/2024,10/12/2024,General Ward,$690.90 ,$10.00 
1/3/2025,3494,2,4,4,5,3,Outpatient,$660.00 ,$99.00 ,10/28/2024,3,Physician Referral,Yes,Paid,,,N/A,$531.30 , $-   
1/4/2025,257,1,4,4,5,3,Emergency,$98.00 ,$175.00 ,,4,Emergency,Yes,Paid,10/19/2024,10/12/2024,General Ward,$198.10 ,$10.00 
1/4/2025,1528,3,4,4,5,1,Outpatient,$89.00 ,$191.00 ,11/8/2024,6,Self-Referral,No,Paid,,,N/A,$196.00 , $-   
1/4/2025,1131,2,4,4,5,2,Inpatient,$810.00 ,$82.00 ,10/23/2024,6,Self-Referral,No,Paid,,,N/A,$624.40 , $-   
1/4/2025,3274,1,4,4,5,3,Inpatient,$615.00 ,$122.00 ,11/4/2024,3,Self-Referral,No,Paid,,,N/A,$515.90 , $-   
1/4/2025,3073,5,4,4,5,2,Outpatient,$723.00 ,$125.00 ,,1,Self-Referral,No,Paid,10/17/2024,10/13/2024,Private Room,$628.60 ,$50.00 
1/4/2025,3163,4,4,4,5,2,Inpatient,$576.00 ,$36.00 ,,3,Self-Referral,Yes,Paid,10/19/2024,10/13/2024,Semi-Private Room,$449.40 ,$30.00 
1/4/2025,148,5,4,4,5,2,Inpatient,$433.00 ,$69.00 ,,4,Self-Referral,No,Paid,10/19/2024,10/13/2024,Private Room,$386.40 ,$50.00 
1/4/2025,4679,1,4,4,5,3,Outpatient,$772.00 ,$173.00 ,10/21/2024,9,Emergency,No,Paid,,,N/A,$661.50 , $-   
1/4/2025,2202,1,4,4,5,2,Inpatient,$124.00 ,$154.00 ,,10,Physician Referral,No,Paid,10/14/2024,10/13/2024,Private Room,$229.60 ,$50.00 
1/4/2025,35,4,4,4,5,1,Outpatient,$645.00 ,$142.00 ,10/28/2024,8,Self-Referral,Yes,Paid,,,N/A,$550.90 , $-   
1/5/2025,956,2,4,4,5,1,Emergency,$372.00 ,$98.00 ,10/21/2024,4,Emergency,Yes,Paid,,,N/A,$329.00 , $-   
1/1/2025,3410,4,4,4,5,1,Inpatient,$478.00 ,$35.00 ,,7,Emergency,Yes,Paid,10/15/2024,10/13/2024,Semi-Private Room,$380.10 ,$30.00 
1/1/2025,755,5,4,4,5,3,Inpatient,$938.00 ,$36.00 ,,9,Physician Referral,No,Paid,10/17/2024,10/13/2024,Private Room,$716.80 ,$50.00 
1/1/2025,4760,3,4,4,5,1,Outpatient,$999.00 ,$109.00 ,10/29/2024,2,Physician Referral,Yes,Paid,,,N/A,$775.60 , $-   
1/1/2025,4070,2,4,4,5,2,Emergency,$57.00 ,$182.00 ,11/1/2024,3,Physician Referral,Yes,Paid,,,N/A,$167.30 , $-   
1/1/2025,2376,3,4,4,5,3,Inpatient,$903.00 ,$103.00 ,10/22/2024,1,Physician Referral,Yes,Paid,,,N/A,$704.20 , $-   
1/1/2025,4481,3,4,4,5,3,Inpatient,$432.00 ,$103.00 ,11/4/2024,8,Physician Referral,No,Paid,,,N/A,$374.50 , $-   
1/1/2025,1618,2,4,4,5,2,Emergency,$352.00 ,$170.00 ,,2,Emergency,Yes,Paid,10/20/2024,10/14/2024,Semi-Private Room,$386.40 ,$30.00 
1/1/2025,4108,5,4,4,5,1,Inpatient,$946.00 ,$28.00 ,,7,Physician Referral,Yes,Paid,10/20/2024,10/14/2024,Private Room,$716.80 ,$50.00 
1/1/2025,4094,1,4,4,5,2,Outpatient,$321.00 ,$37.00 ,,7,Emergency,No,Paid,10/15/2024,10/14/2024,Private Room,$285.60 ,$50.00 
1/1/2025,2517,5,4,4,5,2,Emergency,$550.00 ,$94.00 ,10/23/2024,3,Self-Referral,Yes,Paid,,,N/A,$450.80 , $-   
1/2/2025,2189,1,4,4,5,3,Emergency,$140.00 ,$195.00 ,10/22/2024,2,Self-Referral,No,Paid,,,N/A,$234.50 , $-   
1/2/2025,4837,1,4,4,5,1,Inpatient,$862.00 ,$91.00 ,10/27/2024,3,Physician Referral,Yes,Paid,,,N/A,$667.10 , $-   
1/2/2025,519,2,4,4,5,1,Emergency,$361.00 ,$110.00 ,,8,Self-Referral,No,Paid,10/22/2024,10/14/2024,General Ward,$336.70 ,$10.00 
1/2/2025,2788,2,4,4,5,1,Emergency,$716.00 ,$85.00 ,10/30/2024,9,Emergency,Yes,Paid,,,N/A,$560.70 , $-   
1/2/2025,3042,4,4,4,5,2,Emergency,$511.00 ,$42.00 ,11/1/2024,8,Self-Referral,No,Paid,,,N/A,$387.10 , $-   
1/2/2025,2798,3,4,4,5,3,Inpatient,$287.00 ,$157.00 ,,2,Self-Referral,No,Paid,10/17/2024,10/15/2024,Private Room,$345.80 ,$50.00 
1/2/2025,4595,3,4,4,5,3,Emergency,$568.00 ,$57.00 ,,9,Self-Referral,No,Paid,10/20/2024,10/15/2024,Semi-Private Room,$458.50 ,$30.00 
1/2/2025,1157,3,4,4,5,3,Inpatient,$847.00 ,$147.00 ,11/12/2024,6,Self-Referral,No,Paid,,,N/A,$695.80 , $-   
1/2/2025,3988,3,4,4,5,1,Emergency,$373.00 ,$78.00 ,,2,Emergency,Yes,Paid,10/19/2024,10/15/2024,Semi-Private Room,$336.70 ,$30.00 
1/2/2025,3464,4,4,4,5,1,Outpatient,$332.00 ,$87.00 ,11/6/2024,9,Self-Referral,No,Paid,,,N/A,$293.30 , $-   
1/3/2025,3228,1,4,4,5,3,Emergency,$863.00 ,$104.00 ,,5,Physician Referral,No,Paid,10/20/2024,10/15/2024,Private Room,$711.90 ,$50.00 
1/3/2025,3748,4,4,4,5,2,Emergency,$949.00 ,$138.00 ,10/28/2024,6,Emergency,Yes,Paid,,,N/A,$760.90 , $-   
1/3/2025,1194,2,4,4,5,3,Emergency,$457.00 ,$190.00 ,,1,Physician Referral,No,Paid,10/20/2024,10/15/2024,General Ward,$459.90 ,$10.00 
1/3/2025,1058,5,4,4,5,2,Outpatient,$709.00 ,$31.00 ,,2,Emergency,No,Paid,10/24/2024,10/16/2024,Private Room,$553.00 ,$50.00 
1/3/2025,3637,1,4,4,5,3,Emergency,$253.00 ,$131.00 ,,1,Self-Referral,No,Paid,10/23/2024,10/16/2024,General Ward,$275.80 ,$10.00 
1/3/2025,4285,1,4,4,5,2,Outpatient,$272.00 ,$135.00 ,,4,Emergency,Yes,Paid,10/25/2024,10/16/2024,Semi-Private Room,$305.90 ,$30.00 
1/3/2025,427,4,4,4,5,3,Outpatient,$961.00 ,$161.00 ,11/4/2024,2,Physician Referral,Yes,Paid,,,N/A,$785.40 , $-   
1/3/2025,659,2,4,4,5,1,Outpatient,$170.00 ,$71.00 ,10/25/2024,1,Physician Referral,Yes,Paid,,,N/A,$168.70 , $-   
1/3/2025,4545,2,4,4,5,1,Inpatient,$978.00 ,$103.00 ,,3,Emergency,Yes,Paid,10/17/2024,10/16/2024,Semi-Private Room,$777.70 ,$30.00 
1/3/2025,1222,1,4,4,5,1,Inpatient,$54.00 ,$130.00 ,11/2/2024,4,Physician Referral,No,Paid,,,N/A,$128.80 , $-   
1/4/2025,337,4,4,4,5,1,Outpatient,$87.00 ,$80.00 ,,4,Physician Referral,No,Paid,10/22/2024,10/16/2024,Semi-Private Room,$137.90 ,$30.00 
1/4/2025,4358,3,4,4,5,3,Inpatient,$717.00 ,$188.00 ,,3,Emergency,Yes,Paid,10/22/2024,10/16/2024,Semi-Private Room,$654.50 ,$30.00 
1/4/2025,2647,1,4,4,5,1,Outpatient,$273.00 ,$40.00 ,10/25/2024,2,Self-Referral,No,Paid,,,N/A,$219.10 , $-   
1/4/2025,3948,3,4,4,5,2,Inpatient,$686.00 ,$195.00 ,11/7/2024,8,Self-Referral,Yes,Paid,,,N/A,$616.70 , $-   
1/4/2025,2138,5,4,4,5,2,Inpatient,$698.00 ,$75.00 ,10/31/2024,10,Self-Referral,No,Paid,,,N/A,$541.10 , $-   
1/4/2025,2398,2,4,4,5,1,Emergency,$762.00 ,$54.00 ,10/30/2024,2,Physician Referral,Yes,Paid,,,N/A,$571.20 , $-   
1/4/2025,4609,1,4,4,5,1,Inpatient,$317.00 ,$63.00 ,10/28/2024,5,Physician Referral,Yes,Paid,,,N/A,$266.00 , $-   
1/4/2025,1731,5,4,4,5,1,Inpatient,$986.00 ,$58.00 ,10/29/2024,7,Self-Referral,Yes,Paid,,,N/A,$730.80 , $-   
1/4/2025,4892,3,4,4,5,3,Emergency,$161.00 ,$162.00 ,11/11/2024,9,Emergency,Yes,Paid,,,N/A,$226.10 , $-   
1/4/2025,2769,1,4,4,5,2,Outpatient,$853.00 ,$159.00 ,,3,Self-Referral,No,Paid,10/19/2024,10/17/2024,Private Room,$743.40 ,$50.00 
1/5/2025,844,5,4,4,5,2,Emergency,$569.00 ,$136.00 ,10/26/2024,1,Emergency,Yes,Paid,,,N/A,$493.50 , $-   
1/1/2025,886,1,4,4,5,2,Inpatient,$542.00 ,$27.00 ,,9,Physician Referral,Yes,Paid,10/25/2024,10/17/2024,Semi-Private Room,$419.30 ,$30.00 
1/1/2025,517,5,4,4,5,3,Inpatient,$292.00 ,$143.00 ,11/3/2024,1,Physician Referral,No,Paid,,,N/A,$304.50 , $-   
1/1/2025,2932,5,4,4,5,3,Outpatient,$990.00 ,$120.00 ,10/30/2024,8,Self-Referral,Yes,Paid,,,N/A,$777.00 , $-   
1/1/2025,971,3,4,4,5,2,Inpatient,$250.00 ,$86.00 ,,2,Emergency,Yes,Paid,10/24/2024,10/18/2024,Private Room,$270.20 ,$50.00 
1/1/2025,4000,2,4,4,5,2,Emergency,$642.00 ,$113.00 ,,7,Emergency,No,Paid,10/27/2024,10/18/2024,Semi-Private Room,$549.50 ,$30.00 
1/1/2025,424,4,4,4,5,2,Outpatient,$840.00 ,$112.00 ,,3,Self-Referral,No,Paid,10/23/2024,10/18/2024,General Ward,$673.40 ,$10.00 
1/1/2025,1617,5,4,4,5,1,Emergency,$81.00 ,$148.00 ,,6,Emergency,Yes,Paid,10/25/2024,10/18/2024,General Ward,$167.30 ,$10.00 
1/1/2025,2778,2,4,4,5,3,Inpatient,$665.00 ,$99.00 ,11/14/2024,6,Physician Referral,No,Paid,,,N/A,$534.80 , $-   
1/1/2025,638,4,4,4,5,2,Outpatient,$939.00 ,$61.00 ,11/7/2024,4,Emergency,Yes,Paid,,,N/A,$700.00 , $-   
1/1/2025,4913,3,4,4,5,1,Inpatient,$304.00 ,$50.00 ,,8,Physician Referral,Yes,Paid,10/24/2024,10/18/2024,Semi-Private Room,$268.80 ,$30.00 
1/2/2025,962,1,4,4,5,2,Inpatient,$279.00 ,$141.00 ,,5,Self-Referral,No,Paid,10/23/2024,10/18/2024,Semi-Private Room,$315.00 ,$30.00 
1/2/2025,198,2,4,4,5,2,Emergency,$933.00 ,$93.00 ,11/10/2024,7,Emergency,Yes,Paid,,,N/A,$718.20 , $-   
1/2/2025,1601,1,4,4,5,3,Inpatient,$744.00 ,$177.00 ,10/28/2024,5,Self-Referral,No,Paid,,,N/A,$644.70 , $-   
1/2/2025,1298,1,4,4,5,2,Emergency,$333.00 ,$62.00 ,,4,Self-Referral,No,Paid,10/25/2024,10/19/2024,General Ward,$283.50 ,$10.00 
1/2/2025,311,4,4,4,5,3,Inpatient,$235.00 ,$45.00 ,10/29/2024,6,Emergency,No,Paid,,,N/A,$196.00 , $-   
1/2/2025,150,2,4,4,5,3,Emergency,$831.00 ,$31.00 ,11/3/2024,3,Emergency,Yes,Paid,,,N/A,$603.40 , $-   
1/2/2025,3217,5,4,4,5,2,Emergency,$319.00 ,$146.00 ,,6,Emergency,Yes,Paid,10/23/2024,10/19/2024,General Ward,$332.50 ,$10.00 
1/2/2025,2011,4,4,4,5,1,Outpatient,$278.00 ,$123.00 ,,6,Physician Referral,No,Paid,10/22/2024,10/19/2024,Semi-Private Room,$301.70 ,$30.00 
1/2/2025,1505,2,4,4,5,2,Outpatient,$263.00 ,$88.00 ,,6,Self-Referral,No,Paid,10/20/2024,10/19/2024,Private Room,$280.70 ,$50.00 
1/2/2025,763,5,4,4,5,2,Inpatient,$608.00 ,$92.00 ,,3,Physician Referral,No,Paid,10/20/2024,10/19/2024,Private Room,$525.00 ,$50.00 
1/3/2025,2482,1,4,4,5,2,Inpatient,$954.00 ,$30.00 ,11/7/2024,8,Self-Referral,No,Paid,,,N/A,$688.80 , $-   
1/3/2025,2490,3,4,4,5,1,Outpatient,$833.00 ,$66.00 ,,4,Self-Referral,Yes,Paid,10/25/2024,10/19/2024,Private Room,$664.30 ,$50.00 
1/3/2025,458,3,4,4,5,3,Emergency,$416.00 ,$42.00 ,11/1/2024,2,Physician Referral,Yes,Paid,,,N/A,$320.60 , $-   
1/3/2025,1327,4,4,4,5,1,Emergency,$586.00 ,$100.00 ,11/5/2024,7,Self-Referral,No,Paid,,,N/A,$480.20 , $-   
1/3/2025,4560,5,4,4,5,1,Outpatient,$586.00 ,$190.00 ,11/15/2024,8,Physician Referral,Yes,Paid,,,N/A,$543.20 , $-   
1/3/2025,335,5,4,4,5,2,Outpatient,$235.00 ,$96.00 ,11/15/2024,4,Emergency,No,Paid,,,N/A,$231.70 , $-   
1/3/2025,4251,3,4,5,5,2,Inpatient,$484.00 ,$142.00 ,,6,Self-Referral,No,Paid,10/29/2024,10/20/2024,Private Room,$473.20 ,$50.00 
1/3/2025,2096,5,4,5,5,1,Emergency,$942.00 ,$186.00 ,11/16/2024,8,Physician Referral,Yes,Paid,,,N/A,$789.60 , $-   
1/3/2025,1890,2,4,2,5,3,Outpatient,$508.00 ,$92.00 ,,5,Emergency,No,Paid,10/28/2024,10/20/2024,Semi-Private Room,$441.00 ,$30.00 
1/3/2025,742,2,4,5,5,3,Emergency,$641.00 ,$74.00 ,11/8/2024,9,Self-Referral,No,Paid,,,N/A,$500.50 , $-   
1/4/2025,2313,3,4,4,5,2,Emergency,$109.00 ,$37.00 ,,6,Self-Referral,Yes,Paid,10/22/2024,10/20/2024,General Ward,$109.20 ,$10.00 
1/4/2025,4817,1,4,5,5,3,Outpatient,$967.00 ,$113.00 ,11/18/2024,6,Self-Referral,No,Paid,,,N/A,$756.00 , $-   
1/4/2025,970,1,4,3,5,3,Emergency,$339.00 ,$189.00 ,11/10/2024,2,Self-Referral,No,Paid,,,N/A,$369.60 , $-   
1/4/2025,4461,1,4,1,5,3,Inpatient,$172.00 ,$173.00 ,,7,Emergency,Yes,Paid,10/30/2024,10/21/2024,Private Room,$276.50 ,$50.00 
1/4/2025,2311,3,4,2,5,1,Outpatient,$131.00 ,$37.00 ,,9,Self-Referral,Yes,Paid,10/29/2024,10/21/2024,Private Room,$152.60 ,$50.00 
1/4/2025,1619,4,4,3,5,1,Emergency,$460.00 ,$147.00 ,,5,Self-Referral,Yes,Paid,10/30/2024,10/21/2024,General Ward,$431.90 ,$10.00 
1/4/2025,4549,5,4,3,5,2,Outpatient,$674.00 ,$60.00 ,,5,Emergency,Yes,Paid,10/25/2024,10/21/2024,Semi-Private Room,$534.80 ,$30.00 
1/4/2025,3826,2,4,4,5,3,Outpatient,$77.00 ,$189.00 ,11/8/2024,5,Emergency,Yes,Paid,,,N/A,$186.20 , $-   
1/4/2025,3781,2,4,4,5,2,Emergency,$127.00 ,$52.00 ,11/19/2024,1,Self-Referral,No,Paid,,,N/A,$125.30 , $-   
1/4/2025,3563,4,4,2,5,1,Inpatient,$348.00 ,$62.00 ,11/9/2024,5,Emergency,No,Paid,,,N/A,$287.00 , $-   
1/5/2025,4719,5,4,2,5,2,Outpatient,$230.00 ,$33.00 ,11/6/2024,10,Emergency,Yes,Paid,,,N/A,$184.10 , $-   
1/1/2025,2674,1,4,1,5,1,Emergency,$746.00 ,$77.00 ,11/3/2024,8,Physician Referral,Yes,Paid,,,N/A,$576.10 , $-   
1/1/2025,2781,2,4,5,5,1,Outpatient,$415.00 ,$157.00 ,,3,Emergency,Yes,Paid,10/31/2024,10/22/2024,Private Room,$435.40 ,$50.00 
1/1/2025,2092,1,4,2,5,2,Outpatient,$145.00 ,$47.00 ,,9,Physician Referral,Yes,Paid,10/24/2024,10/22/2024,Private Room,$169.40 ,$50.00 
1/1/2025,4102,1,4,2,5,3,Emergency,$474.00 ,$33.00 ,11/2/2024,9,Physician Referral,Yes,Paid,,,N/A,$354.90 , $-   
1/1/2025,4662,3,4,5,5,2,Inpatient,$286.00 ,$173.00 ,,6,Physician Referral,No,Paid,10/23/2024,10/22/2024,General Ward,$328.30 ,$10.00 
1/1/2025,2913,3,4,1,5,3,Emergency,$877.00 ,$93.00 ,11/9/2024,4,Physician Referral,Yes,Paid,,,N/A,$679.00 , $-   
1/1/2025,3803,5,4,4,5,2,Outpatient,$660.00 ,$164.00 ,10/30/2024,4,Physician Referral,Yes,Paid,,,N/A,$576.80 , $-   
1/1/2025,632,2,4,1,5,2,Inpatient,$393.00 ,$181.00 ,,1,Emergency,No,Paid,10/31/2024,10/22/2024,Semi-Private Room,$422.80 ,$30.00 
1/1/2025,3098,3,4,5,5,2,Inpatient,$761.00 ,$33.00 ,11/5/2024,10,Emergency,Yes,Paid,,,N/A,$555.80 , $-   
1/1/2025,1796,5,4,4,5,1,Inpatient,$133.00 ,$173.00 ,,5,Emergency,No,Paid,10/30/2024,10/22/2024,General Ward,$221.20 ,$10.00 
1/2/2025,1425,4,4,4,5,2,Inpatient,$583.00 ,$181.00 ,11/5/2024,5,Self-Referral,Yes,Paid,,,N/A,$534.80 , $-   
1/2/2025,1541,1,4,4,5,1,Outpatient,$240.00 ,$43.00 ,,5,Emergency,No,Paid,10/30/2024,10/23/2024,Private Room,$233.10 ,$50.00 
1/2/2025,3314,2,4,1,5,1,Emergency,$899.00 ,$123.00 ,11/17/2024,1,Physician Referral,Yes,Paid,,,N/A,$715.40 , $-   
1/2/2025,1753,2,4,5,5,1,Emergency,$756.00 ,$89.00 ,11/3/2024,1,Self-Referral,Yes,Paid,,,N/A,$591.50 , $-   
1/2/2025,4818,5,4,1,5,2,Inpatient,$494.00 ,$39.00 ,,10,Self-Referral,No,Paid,10/31/2024,10/23/2024,General Ward,$380.10 ,$10.00 
1/2/2025,2438,3,4,1,5,2,Inpatient,$953.00 ,$186.00 ,11/6/2024,2,Emergency,No,Paid,,,N/A,$797.30 , $-   
1/2/2025,824,1,4,3,5,2,Emergency,$173.00 ,$140.00 ,11/8/2024,1,Self-Referral,Yes,Paid,,,N/A,$219.10 , $-   
1/2/2025,2184,1,4,2,5,2,Inpatient,$922.00 ,$192.00 ,,8,Emergency,No,Paid,10/24/2024,10/23/2024,General Ward,$786.80 ,$10.00 
1/2/2025,4871,2,4,1,5,1,Emergency,$375.00 ,$53.00 ,,4,Emergency,Yes,Paid,11/1/2024,10/23/2024,Private Room,$334.60 ,$50.00 
1/2/2025,81,2,4,3,5,3,Emergency,$687.00 ,$169.00 ,,6,Physician Referral,No,Paid,11/1/2024,10/23/2024,General Ward,$606.20 ,$10.00 
1/3/2025,2579,1,4,5,5,3,Inpatient,$75.00 ,$90.00 ,11/11/2024,8,Self-Referral,No,Paid,,,N/A,$115.50 , $-   
1/3/2025,299,4,4,3,5,1,Emergency,$202.00 ,$52.00 ,,5,Self-Referral,Yes,Paid,11/2/2024,10/24/2024,Private Room,$212.80 ,$50.00 
1/3/2025,1722,5,4,1,5,1,Emergency,$885.00 ,$25.00 ,,6,Self-Referral,Yes,Paid,10/30/2024,10/24/2024,Semi-Private Room,$658.00 ,$30.00 
1/3/2025,2762,4,4,5,5,3,Emergency,$156.00 ,$35.00 ,,4,Emergency,No,Paid,10/28/2024,10/24/2024,Private Room,$168.70 ,$50.00 
1/3/2025,2599,3,4,3,5,3,Inpatient,$711.00 ,$128.00 ,11/8/2024,6,Self-Referral,Yes,Paid,,,N/A,$587.30 , $-   
1/3/2025,4632,4,4,1,5,3,Outpatient,$744.00 ,$42.00 ,,6,Physician Referral,No,Paid,10/26/2024,10/24/2024,Private Room,$585.20 ,$50.00 
1/3/2025,4610,4,4,5,5,3,Outpatient,$873.00 ,$165.00 ,11/6/2024,3,Self-Referral,Yes,Paid,,,N/A,$726.60 , $-   
1/3/2025,1040,3,4,5,5,3,Outpatient,$632.00 ,$33.00 ,11/19/2024,4,Self-Referral,Yes,Paid,,,N/A,$465.50 , $-   
1/3/2025,928,5,4,2,5,2,Outpatient,$201.00 ,$69.00 ,,6,Physician Referral,No,Paid,10/28/2024,10/24/2024,General Ward,$196.00 ,$10.00 
1/3/2025,2224,1,4,1,5,3,Outpatient,$504.00 ,$80.00 ,11/19/2024,8,Emergency,Yes,Paid,,,N/A,$408.80 , $-   
1/4/2025,2067,4,4,2,5,2,Inpatient,$382.00 ,$55.00 ,11/18/2024,7,Emergency,No,Paid,,,N/A,$305.90 , $-   
1/4/2025,2768,5,4,5,5,2,Inpatient,$972.00 ,$34.00 ,11/11/2024,4,Self-Referral,No,Paid,,,N/A,$704.20 , $-   
1/4/2025,3743,3,4,5,5,1,Outpatient,$245.00 ,$24.00 ,11/8/2024,3,Physician Referral,Yes,Paid,,,N/A,$188.30 , $-   
1/4/2025,89,5,4,3,5,1,Outpatient,$701.00 ,$72.00 ,11/22/2024,8,Physician Referral,Yes,Paid,,,N/A,$541.10 , $-   
1/4/2025,1116,4,4,2,5,3,Emergency,$805.00 ,$67.00 ,,6,Physician Referral,No,Paid,11/1/2024,10/25/2024,General Ward,$617.40 ,$10.00 
1/4/2025,4801,1,4,4,5,1,Emergency,$188.00 ,$30.00 ,,8,Emergency,No,Paid,10/26/2024,10/25/2024,Semi-Private Room,$173.60 ,$30.00 
1/4/2025,3970,3,4,1,5,3,Emergency,$641.00 ,$21.00 ,,9,Emergency,No,Paid,11/3/2024,10/25/2024,Private Room,$498.40 ,$50.00 
1/4/2025,3457,3,4,2,5,1,Outpatient,$318.00 ,$106.00 ,11/16/2024,9,Emergency,No,Paid,,,N/A,$296.80 , $-   
1/4/2025,2183,4,4,5,5,1,Outpatient,$947.00 ,$43.00 ,,10,Physician Referral,No,Paid,10/28/2024,10/25/2024,General Ward,$700.00 ,$10.00 
1/4/2025,2275,5,4,3,5,3,Inpatient,$808.00 ,$87.00 ,11/10/2024,9,Emergency,Yes,Paid,,,N/A,$626.50 , $-   
1/5/2025,3777,1,4,1,5,1,Emergency,$598.00 ,$98.00 ,11/6/2024,10,Self-Referral,No,Paid,,,N/A,$487.20 , $-   
1/1/2025,3484,3,4,1,5,3,Emergency,$235.00 ,$31.00 ,11/11/2024,1,Emergency,No,Paid,,,N/A,$186.20 , $-   
1/1/2025,120,4,4,3,5,1,Inpatient,$777.00 ,$86.00 ,11/11/2024,3,Self-Referral,No,Paid,,,N/A,$604.10 , $-   
1/1/2025,4160,4,4,5,5,3,Inpatient,$337.00 ,$179.00 ,,9,Emergency,No,Paid,10/30/2024,10/26/2024,General Ward,$368.20 ,$10.00 
1/1/2025,2986,2,4,4,5,2,Inpatient,$622.00 ,$55.00 ,11/20/2024,4,Self-Referral,No,Paid,,,N/A,$473.90 , $-   
1/1/2025,4921,2,4,3,5,3,Emergency,$282.00 ,$168.00 ,,10,Physician Referral,No,Paid,10/31/2024,10/26/2024,General Ward,$322.00 ,$10.00 
1/1/2025,546,5,4,4,5,1,Inpatient,$635.00 ,$131.00 ,,2,Emergency,No,Paid,10/29/2024,10/26/2024,Semi-Private Room,$557.20 ,$30.00 
1/1/2025,759,4,4,2,5,2,Outpatient,$343.00 ,$141.00 ,11/5/2024,1,Self-Referral,No,Paid,,,N/A,$338.80 , $-   
1/1/2025,861,5,4,1,5,2,Outpatient,$866.00 ,$156.00 ,,5,Physician Referral,No,Paid,10/30/2024,10/26/2024,Private Room,$750.40 ,$50.00 
1/1/2025,520,5,4,5,5,3,Outpatient,$82.00 ,$63.00 ,,4,Self-Referral,No,Paid,10/31/2024,10/26/2024,Semi-Private Room,$122.50 ,$30.00 
1/1/2025,3370,1,4,4,5,3,Inpatient,$854.00 ,$78.00 ,,5,Emergency,Yes,Paid,10/27/2024,10/26/2024,General Ward,$659.40 ,$10.00 
1/2/2025,2760,2,4,5,5,2,Emergency,$533.00 ,$171.00 ,11/21/2024,5,Emergency,Yes,Paid,,,N/A,$492.80 , $-   
1/2/2025,2244,5,4,2,5,3,Emergency,$100.00 ,$146.00 ,11/5/2024,8,Emergency,Yes,Paid,,,N/A,$172.20 , $-   
1/2/2025,3668,1,4,4,5,3,Inpatient,$857.00 ,$82.00 ,11/19/2024,6,Physician Referral,No,Paid,,,N/A,$657.30 , $-   
1/2/2025,2252,1,4,5,5,3,Inpatient,$68.00 ,$60.00 ,,3,Emergency,No,Paid,11/5/2024,10/27/2024,General Ward,$96.60 ,$10.00 
1/2/2025,1291,2,4,5,5,1,Emergency,$248.00 ,$95.00 ,,9,Physician Referral,No,Paid,10/31/2024,10/27/2024,General Ward,$247.10 ,$10.00 
1/2/2025,2367,2,4,2,5,1,Outpatient,$472.00 ,$126.00 ,11/16/2024,8,Physician Referral,No,Paid,,,N/A,$418.60 , $-   
1/2/2025,1439,4,4,3,5,2,Outpatient,$611.00 ,$149.00 ,11/12/2024,9,Emergency,No,Paid,,,N/A,$532.00 , $-   
1/2/2025,1716,5,4,2,5,2,Emergency,$667.00 ,$114.00 ,,4,Emergency,Yes,Paid,11/5/2024,10/27/2024,Private Room,$581.70 ,$50.00 
1/2/2025,2499,1,4,4,5,2,Inpatient,$297.00 ,$47.00 ,11/8/2024,8,Emergency,No,Paid,,,N/A,$240.80 , $-   
1/2/2025,3583,4,4,4,5,3,Outpatient,$79.00 ,$163.00 ,11/18/2024,3,Emergency,No,Paid,,,N/A,$169.40 , $-   
1/3/2025,2270,5,4,1,5,3,Outpatient,$370.00 ,$78.00 ,,5,Self-Referral,No,Paid,11/1/2024,10/28/2024,Semi-Private Room,$334.60 ,$30.00 
1/3/2025,2088,5,4,5,5,3,Outpatient,$902.00 ,$148.00 ,,7,Self-Referral,No,Paid,10/29/2024,10/28/2024,General Ward,$742.00 ,$10.00 
1/3/2025,2424,4,4,4,5,2,Inpatient,$431.00 ,$105.00 ,11/12/2024,1,Self-Referral,No,Paid,,,N/A,$375.20 , $-   
1/3/2025,2217,1,4,3,5,2,Inpatient,$389.00 ,$20.00 ,11/24/2024,1,Physician Referral,No,Paid,,,N/A,$286.30 , $-   
1/3/2025,3023,4,4,3,5,1,Outpatient,$508.00 ,$50.00 ,11/15/2024,3,Physician Referral,Yes,Paid,,,N/A,$390.60 , $-   
1/3/2025,1621,5,4,2,5,3,Inpatient,$857.00 ,$41.00 ,11/15/2024,4,Self-Referral,No,Paid,,,N/A,$628.60 , $-   
1/3/2025,1585,4,4,4,5,3,Emergency,$175.00 ,$138.00 ,,1,Emergency,Yes,Paid,11/2/2024,10/28/2024,Semi-Private Room,$240.10 ,$30.00 
1/3/2025,3415,4,4,4,5,1,Inpatient,$450.00 ,$47.00 ,11/17/2024,8,Physician Referral,No,Paid,,,N/A,$347.90 , $-   
1/3/2025,4231,5,4,1,5,2,Emergency,$928.00 ,$135.00 ,11/5/2024,2,Physician Referral,No,Paid,,,N/A,$744.10 , $-   
1/3/2025,798,2,4,1,5,2,Outpatient,$61.00 ,$95.00 ,,5,Physician Referral,No,Paid,11/6/2024,10/28/2024,Private Room,$144.20 ,$50.00 
1/4/2025,1092,1,4,1,5,2,Outpatient,$241.00 ,$46.00 ,,6,Physician Referral,Yes,Paid,11/1/2024,10/29/2024,General Ward,$207.90 ,$10.00 
1/4/2025,1203,5,4,4,5,3,Emergency,$269.00 ,$106.00 ,,6,Self-Referral,No,Paid,11/3/2024,10/29/2024,General Ward,$269.50 ,$10.00 
1/4/2025,3253,2,4,2,5,1,Outpatient,$258.00 ,$148.00 ,,6,Self-Referral,Yes,Paid,11/1/2024,10/29/2024,Semi-Private Room,$305.20 ,$30.00 
1/4/2025,2719,4,4,2,5,1,Outpatient,$936.00 ,$143.00 ,,1,Physician Referral,No,Paid,11/1/2024,10/29/2024,General Ward,$762.30 ,$10.00 
1/4/2025,3143,2,4,2,5,2,Outpatient,$83.00 ,$126.00 ,,3,Emergency,No,Paid,10/30/2024,10/29/2024,General Ward,$153.30 ,$10.00 
1/4/2025,1616,5,4,2,5,3,Inpatient,$651.00 ,$149.00 ,,3,Self-Referral,No,Paid,10/31/2024,10/29/2024,General Ward,$567.00 ,$10.00 
1/4/2025,539,5,4,3,5,1,Inpatient,$149.00 ,$114.00 ,11/14/2024,8,Physician Referral,No,Paid,,,N/A,$184.10 , $-   
1/4/2025,2015,4,4,4,5,3,Emergency,$146.00 ,$85.00 ,11/8/2024,6,Self-Referral,Yes,Paid,,,N/A,$161.70 , $-   
1/4/2025,688,5,4,5,5,2,Emergency,$544.00 ,$196.00 ,,2,Physician Referral,No,Paid,10/31/2024,10/29/2024,Private Room,$553.00 ,$50.00 
1/4/2025,1257,3,4,4,5,2,Inpatient,$677.00 ,$38.00 ,11/10/2024,1,Emergency,Yes,Paid,,,N/A,$500.50 , $-   
1/5/2025,4551,2,4,2,5,1,Outpatient,$611.00 ,$175.00 ,11/28/2024,4,Physician Referral,Yes,Paid,,,N/A,$550.20 , $-   
1/1/2025,3529,3,4,3,5,2,Inpatient,$402.00 ,$186.00 ,,1,Physician Referral,No,Paid,11/8/2024,10/30/2024,General Ward,$418.60 ,$10.00 
1/1/2025,103,3,4,3,5,1,Outpatient,$546.00 ,$38.00 ,,5,Physician Referral,Yes,Paid,11/6/2024,10/30/2024,General Ward,$415.80 ,$10.00 
1/1/2025,2681,2,4,4,5,2,Emergency,$183.00 ,$146.00 ,,8,Emergency,Yes,Paid,11/7/2024,10/30/2024,Private Room,$265.30 ,$50.00 
1/1/2025,788,5,4,5,5,1,Emergency,$233.00 ,$135.00 ,,10,Physician Referral,No,Paid,11/1/2024,10/30/2024,Semi-Private Room,$278.60 ,$30.00 
1/1/2025,2833,2,4,2,5,2,Emergency,$544.00 ,$83.00 ,,2,Physician Referral,Yes,Paid,11/8/2024,10/30/2024,Semi-Private Room,$459.90 ,$30.00 
1/1/2025,4323,4,4,3,5,2,Inpatient,$346.00 ,$77.00 ,11/18/2024,8,Self-Referral,Yes,Paid,,,N/A,$296.10 , $-   
1/1/2025,319,3,4,2,5,3,Inpatient,$509.00 ,$36.00 ,11/28/2024,8,Physician Referral,No,Paid,,,N/A,$381.50 , $-   
1/1/2025,1590,3,4,2,5,3,Outpatient,$665.00 ,$98.00 ,,6,Self-Referral,No,Paid,11/2/2024,10/30/2024,Private Room,$569.10 ,$50.00 
1/1/2025,4375,5,4,2,5,2,Emergency,$860.00 ,$60.00 ,,8,Physician Referral,Yes,Paid,11/1/2024,10/30/2024,General Ward,$651.00 ,$10.00 
1/1/2025,783,2,4,1,5,1,Outpatient,$949.00 ,$24.00 ,11/20/2024,2,Emergency,Yes,Paid,,,N/A,$681.10 , $-   
1/2/2025,4512,1,4,2,5,2,Outpatient,$272.00 ,$42.00 ,11/10/2024,7,Emergency,Yes,Paid,,,N/A,$219.80 , $-   
1/2/2025,4018,5,4,2,5,3,Inpatient,$361.00 ,$145.00 ,11/16/2024,8,Emergency,Yes,Paid,,,N/A,$354.20 , $-   
1/2/2025,1469,5,4,5,5,1,Inpatient,$520.00 ,$29.00 ,,4,Physician Referral,Yes,Paid,11/1/2024,10/31/2024,Semi-Private Room,$405.30 ,$30.00 
1/2/2025,4139,5,4,5,5,2,Outpatient,$79.00 ,$87.00 ,,9,Emergency,No,Paid,11/9/2024,10/31/2024,Private Room,$151.20 ,$50.00 
1/2/2025,1085,2,4,1,5,2,Outpatient,$888.00 ,$159.00 ,11/16/2024,6,Emergency,Yes,Paid,,,N/A,$732.90 , $-   
1/2/2025,2145,5,4,1,5,3,Outpatient,$197.00 ,$130.00 ,,3,Physician Referral,Yes,Paid,11/8/2024,10/31/2024,Private Room,$263.90 ,$50.00 
1/2/2025,387,4,4,2,5,1,Inpatient,$374.00 ,$157.00 ,11/11/2024,4,Self-Referral,No,Paid,,,N/A,$371.70 , $-   
1/2/2025,96,4,4,3,5,1,Outpatient,$223.00 ,$79.00 ,,4,Physician Referral,No,Paid,11/4/2024,10/31/2024,General Ward,$218.40 ,$10.00 
1/2/2025,101,3,4,3,5,1,Inpatient,$85.00 ,$146.00 ,,1,Physician Referral,Yes,Paid,11/7/2024,10/31/2024,Semi-Private Room,$182.70 ,$30.00 
1/2/2025,196,3,4,4,5,2,Emergency,$80.00 ,$49.00 ,11/11/2024,10,Self-Referral,No,Paid,,,N/A,$90.30 , $-   
1/3/2025,1188,2,4,3,5,3,Emergency,$821.00 ,$133.00 ,11/19/2024,1,Emergency,Yes,Paid,,,N/A,$667.80 , $-   
1/3/2025,823,1,4,3,5,2,Outpatient,$374.00 ,$171.00 ,,1,Physician Referral,No,Paid,11/4/2024,11/1/2024,Private Room,$416.50 ,$50.00 
1/3/2025,3874,3,4,5,5,3,Inpatient,$743.00 ,$88.00 ,11/29/2024,4,Self-Referral,No,Pending,,,N/A,$581.70 , $-   
1/3/2025,4317,3,4,4,5,3,Emergency,$706.00 ,$32.00 ,,1,Self-Referral,No,Pending,11/4/2024,11/1/2024,Private Room,$551.60 ,$50.00 
1/3/2025,4754,3,4,4,5,1,Inpatient,$562.00 ,$28.00 ,11/21/2024,6,Emergency,No,Paid,,,N/A,$413.00 , $-   
1/3/2025,4366,3,4,5,5,2,Inpatient,$752.00 ,$165.00 ,11/14/2024,2,Physician Referral,No,Paid,,,N/A,$641.90 , $-   
1/3/2025,1137,5,4,3,5,1,Emergency,$297.00 ,$182.00 ,,1,Self-Referral,Yes,Pending,11/5/2024,11/1/2024,Semi-Private Room,$356.30 ,$30.00 
1/3/2025,1307,3,4,3,5,3,Outpatient,$153.00 ,$151.00 ,,7,Physician Referral,Yes,Paid,11/3/2024,11/1/2024,General Ward,$219.80 ,$10.00 
1/3/2025,2836,2,4,4,5,3,Outpatient,$934.00 ,$188.00 ,,6,Physician Referral,No,Paid,11/5/2024,11/1/2024,General Ward,$792.40 ,$10.00 
1/3/2025,3711,5,4,3,5,1,Emergency,$983.00 ,$45.00 ,11/10/2024,1,Emergency,No,Pending,,,N/A,$719.60 , $-   
1/4/2025,3473,5,4,4,5,1,Inpatient,$645.00 ,$144.00 ,11/22/2024,10,Physician Referral,No,Paid,,,N/A,$552.30 , $-   
1/4/2025,3450,2,4,3,5,3,Outpatient,$141.00 ,$63.00 ,,9,Emergency,No,Pending,11/5/2024,11/2/2024,Semi-Private Room,$163.80 ,$30.00 
1/4/2025,2298,1,4,2,5,2,Inpatient,$523.00 ,$189.00 ,11/18/2024,6,Self-Referral,Yes,Paid,,,N/A,$498.40 , $-   
1/4/2025,4541,3,4,5,5,1,Emergency,$991.00 ,$29.00 ,,2,Emergency,No,Pending,11/10/2024,11/2/2024,Semi-Private Room,$735.00 ,$30.00 
1/4/2025,528,4,4,1,5,2,Outpatient,$423.00 ,$124.00 ,,7,Emergency,No,Paid,11/4/2024,11/2/2024,Semi-Private Room,$403.90 ,$30.00 
1/4/2025,20,1,4,2,5,3,Outpatient,$495.00 ,$125.00 ,,3,Self-Referral,Yes,Paid,11/11/2024,11/2/2024,Private Room,$469.00 ,$50.00 
1/4/2025,2644,3,4,3,5,1,Outpatient,$765.00 ,$20.00 ,,7,Emergency,No,Pending,11/5/2024,11/2/2024,Semi-Private Room,$570.50 ,$30.00 
1/4/2025,25,4,4,1,5,1,Emergency,$188.00 ,$163.00 ,,9,Emergency,Yes,Pending,11/6/2024,11/2/2024,Private Room,$280.70 ,$50.00 
1/4/2025,2655,5,4,2,5,3,Emergency,$955.00 ,$65.00 ,11/24/2024,5,Self-Referral,No,Pending,,,N/A,$714.00 , $-   
1/4/2025,3256,5,4,5,5,1,Emergency,$620.00 ,$160.00 ,11/12/2024,1,Emergency,No,Pending,,,N/A,$546.00 , $-   
1/5/2025,2503,5,4,1,5,1,Inpatient,$709.00 ,$83.00 ,,5,Physician Referral,Yes,Paid,11/6/2024,11/3/2024,General Ward,$561.40 ,$10.00 
1/1/2025,1571,3,4,1,5,2,Inpatient,$889.00 ,$97.00 ,11/17/2024,8,Emergency,No,Pending,,,N/A,$690.20 , $-   
1/1/2025,2682,2,4,5,5,1,Inpatient,$161.00 ,$106.00 ,,8,Emergency,Yes,Pending,11/6/2024,11/3/2024,Semi-Private Room,$207.90 ,$30.00 
1/1/2025,254,5,4,2,5,2,Outpatient,$628.00 ,$82.00 ,12/2/2024,3,Physician Referral,Yes,Pending,,,N/A,$497.00 , $-   
1/1/2025,2575,5,4,1,5,1,Outpatient,$602.00 ,$165.00 ,11/26/2024,4,Emergency,Yes,Pending,,,N/A,$536.90 , $-   
1/1/2025,1461,5,4,5,5,1,Outpatient,$871.00 ,$80.00 ,,8,Self-Referral,Yes,Pending,11/11/2024,11/3/2024,Private Room,$700.70 ,$50.00 
1/1/2025,1030,3,4,2,5,3,Emergency,$496.00 ,$111.00 ,11/13/2024,8,Self-Referral,No,Paid,,,N/A,$424.90 , $-   
1/1/2025,1490,4,4,3,5,3,Emergency,$293.00 ,$142.00 ,,7,Physician Referral,No,Pending,11/11/2024,11/3/2024,General Ward,$311.50 ,$10.00 
1/1/2025,129,1,4,4,5,1,Outpatient,$406.00 ,$39.00 ,11/30/2024,6,Self-Referral,Yes,Pending,,,N/A,$311.50 , $-   
1/1/2025,2242,5,4,3,5,2,Emergency,$376.00 ,$83.00 ,,4,Emergency,Yes,Pending,11/10/2024,11/4/2024,Semi-Private Room,$342.30 ,$30.00 
1/1/2025,4701,1,4,3,5,3,Inpatient,$580.00 ,$95.00 ,,10,Self-Referral,Yes,Paid,11/8/2024,11/4/2024,Semi-Private Room,$493.50 ,$30.00 
1/2/2025,1815,2,4,4,5,3,Inpatient,$425.00 ,$126.00 ,,9,Emergency,Yes,Paid,11/5/2024,11/4/2024,Semi-Private Room,$406.70 ,$30.00 
1/2/2025,3760,2,4,3,5,3,Emergency,$998.00 ,$160.00 ,,2,Emergency,Yes,Paid,11/8/2024,11/4/2024,Semi-Private Room,$831.60 ,$30.00 
1/2/2025,4417,2,4,3,5,1,Inpatient,$553.00 ,$76.00 ,,2,Emergency,No,Pending,11/12/2024,11/4/2024,General Ward,$447.30 ,$10.00 
1/2/2025,2487,5,4,5,5,2,Inpatient,$486.00 ,$64.00 ,,1,Emergency,No,Pending,11/10/2024,11/4/2024,General Ward,$392.00 ,$10.00 
1/2/2025,1592,1,4,5,5,2,Inpatient,$999.00 ,$139.00 ,11/29/2024,3,Emergency,Yes,Paid,,,N/A,$796.60 , $-   
1/2/2025,4159,4,4,2,5,1,Outpatient,$219.00 ,$105.00 ,,3,Self-Referral,No,Paid,11/6/2024,11/4/2024,General Ward,$233.80 ,$10.00 
1/2/2025,3730,3,4,1,5,3,Emergency,$456.00 ,$57.00 ,11/25/2024,4,Emergency,No,Pending,,,N/A,$359.10 , $-   
1/2/2025,117,1,4,2,5,2,Emergency,$699.00 ,$183.00 ,,3,Physician Referral,Yes,Pending,11/7/2024,11/4/2024,General Ward,$624.40 ,$10.00 
1/2/2025,2254,3,4,5,5,2,Outpatient,$417.00 ,$86.00 ,12/1/2024,10,Physician Referral,No,Pending,,,N/A,$352.10 , $-   
1/2/2025,1244,1,4,5,5,1,Inpatient,$790.00 ,$140.00 ,,6,Physician Referral,Yes,Paid,11/12/2024,11/5/2024,Private Room,$686.00 ,$50.00 
1/3/2025,889,5,4,4,5,2,Outpatient,$71.00 ,$145.00 ,,9,Self-Referral,Yes,Pending,11/9/2024,11/5/2024,Semi-Private Room,$172.20 ,$30.00 
1/3/2025,3592,4,4,4,5,2,Inpatient,$820.00 ,$30.00 ,11/21/2024,8,Physician Referral,No,Pending,,,N/A,$595.00 , $-   
1/3/2025,1529,5,4,5,5,3,Outpatient,$817.00 ,$117.00 ,,6,Emergency,No,Paid,11/9/2024,11/5/2024,Semi-Private Room,$674.80 ,$30.00 
1/3/2025,3899,2,4,3,5,3,Inpatient,$957.00 ,$174.00 ,,8,Self-Referral,Yes,Paid,11/10/2024,11/5/2024,General Ward,$798.70 ,$10.00 
1/3/2025,3068,4,4,2,5,3,Outpatient,$171.00 ,$106.00 ,,8,Self-Referral,No,Paid,11/13/2024,11/5/2024,Semi-Private Room,$214.90 ,$30.00 
1/3/2025,4556,1,4,5,5,2,Outpatient,$519.00 ,$164.00 ,,10,Emergency,Yes,Pending,11/12/2024,11/5/2024,Private Room,$513.10 ,$50.00 
1/3/2025,3639,5,4,5,5,3,Inpatient,$861.00 ,$141.00 ,11/21/2024,6,Physician Referral,Yes,Paid,,,N/A,$701.40 , $-   
1/3/2025,3907,3,4,4,5,1,Inpatient,$938.00 ,$117.00 ,,2,Emergency,Yes,Paid,11/14/2024,11/5/2024,General Ward,$745.50 ,$10.00 
1/3/2025,4550,5,4,2,5,3,Emergency,$742.00 ,$52.00 ,12/5/2024,5,Physician Referral,Yes,Pending,,,N/A,$555.80 , $-   
1/3/2025,206,5,4,2,5,3,Emergency,$293.00 ,$152.00 ,,4,Physician Referral,Yes,Pending,11/11/2024,11/6/2024,General Ward,$318.50 ,$10.00 
1/4/2025,69,1,4,1,5,2,Outpatient,$979.00 ,$142.00 ,,6,Physician Referral,Yes,Paid,11/7/2024,11/6/2024,General Ward,$791.70 ,$10.00 
1/4/2025,4397,1,4,5,5,3,Outpatient,$904.00 ,$100.00 ,,2,Physician Referral,Yes,Pending,11/10/2024,11/6/2024,General Ward,$709.80 ,$10.00 
1/4/2025,575,2,4,1,5,1,Emergency,$379.00 ,$81.00 ,,4,Physician Referral,No,Paid,11/12/2024,11/6/2024,General Ward,$329.00 ,$10.00 
1/4/2025,2519,4,4,4,5,3,Emergency,$796.00 ,$84.00 ,11/24/2024,8,Emergency,No,Pending,,,N/A,$616.00 , $-   
1/4/2025,3545,5,4,1,5,3,Inpatient,$453.00 ,$144.00 ,,1,Self-Referral,Yes,Pending,11/12/2024,11/6/2024,Private Room,$452.90 ,$50.00 
1/4/2025,1706,3,4,3,5,1,Emergency,$678.00 ,$109.00 ,,3,Self-Referral,No,Paid,11/15/2024,11/6/2024,Private Room,$585.90 ,$50.00 
1/4/2025,1758,1,4,5,5,1,Outpatient,$501.00 ,$63.00 ,,4,Self-Referral,No,Paid,11/11/2024,11/6/2024,Private Room,$429.80 ,$50.00 
1/4/2025,2749,1,4,5,5,3,Emergency,$115.00 ,$140.00 ,11/21/2024,2,Emergency,Yes,Paid,,,N/A,$178.50 , $-   
1/4/2025,3403,2,4,2,5,2,Emergency,$360.00 ,$161.00 ,11/28/2024,2,Emergency,Yes,Pending,,,N/A,$364.70 , $-   
1/4/2025,712,4,4,1,5,1,Emergency,$64.00 ,$110.00 ,12/1/2024,6,Self-Referral,No,Paid,,,N/A,$121.80 , $-   
1/5/2025,2584,2,4,2,5,1,Emergency,$332.00 ,$76.00 ,12/3/2024,6,Physician Referral,Yes,Pending,,,N/A,$285.60 , $-   
1/1/2025,4335,1,4,1,5,2,Outpatient,$555.00 ,$67.00 ,,3,Self-Referral,No,Pending,11/12/2024,11/7/2024,Semi-Private Room,$456.40 ,$30.00 
1/1/2025,1944,1,4,1,5,1,Emergency,$559.00 ,$164.00 ,,8,Self-Referral,Yes,Paid,11/13/2024,11/7/2024,Semi-Private Room,$527.10 ,$30.00 
1/1/2025,3101,1,4,4,5,1,Emergency,$498.00 ,$63.00 ,11/14/2024,3,Physician Referral,Yes,Pending,,,N/A,$392.70 , $-   
1/1/2025,3679,1,4,1,5,2,Outpatient,$392.00 ,$151.00 ,,2,Physician Referral,Yes,Pending,11/13/2024,11/7/2024,General Ward,$387.10 ,$10.00 
1/1/2025,1207,1,4,2,5,3,Emergency,$331.00 ,$100.00 ,,5,Physician Referral,Yes,Paid,11/10/2024,11/7/2024,Private Room,$336.70 ,$50.00 
1/1/2025,374,1,4,1,5,2,Outpatient,$424.00 ,$116.00 ,11/16/2024,7,Emergency,No,Pending,,,N/A,$378.00 , $-   
1/1/2025,3014,1,4,1,5,3,Emergency,$125.00 ,$49.00 ,,1,Physician Referral,Yes,Pending,11/13/2024,11/7/2024,Private Room,$156.80 ,$50.00 
1/1/2025,4563,1,4,5,5,1,Emergency,$674.00 ,$140.00 ,11/22/2024,2,Self-Referral,Yes,Paid,,,N/A,$569.80 , $-   
1/1/2025,4896,1,4,5,5,1,Emergency,$170.00 ,$104.00 ,11/21/2024,2,Self-Referral,Yes,Paid,,,N/A,$191.80 , $-   
1/1/2025,1163,1,4,5,5,3,Inpatient,$818.00 ,$177.00 ,11/29/2024,8,Self-Referral,No,Pending,,,N/A,$696.50 , $-   
1/2/2025,4515,1,4,3,5,2,Emergency,$984.00 ,$165.00 ,11/22/2024,10,Self-Referral,No,Pending,,,N/A,$804.30 , $-   
1/2/2025,4086,1,4,5,5,1,Outpatient,$647.00 ,$103.00 ,11/29/2024,6,Physician Referral,Yes,Pending,,,N/A,$525.00 , $-   
1/2/2025,2707,1,4,3,5,2,Inpatient,$332.00 ,$117.00 ,12/6/2024,4,Emergency,Yes,Pending,,,N/A,$314.30 , $-   
1/2/2025,1005,1,4,3,5,3,Emergency,$859.00 ,$111.00 ,,4,Self-Referral,Yes,Paid,11/16/2024,11/8/2024,Private Room,$714.00 ,$50.00 
1/2/2025,4435,1,4,2,5,3,Outpatient,$450.00 ,$92.00 ,,5,Physician Referral,Yes,Pending,11/14/2024,11/8/2024,Semi-Private Room,$400.40 ,$30.00 
1/2/2025,2289,1,4,5,5,3,Emergency,$873.00 ,$191.00 ,,3,Physician Referral,No,Pending,11/13/2024,11/8/2024,General Ward,$751.80 ,$10.00 
1/2/2025,231,1,4,1,5,2,Outpatient,$190.00 ,$50.00 ,11/19/2024,4,Emergency,No,Pending,,,N/A,$168.00 , $-   
1/2/2025,2959,1,4,4,5,2,Emergency,$764.00 ,$128.00 ,11/27/2024,4,Emergency,Yes,Pending,,,N/A,$624.40 , $-   
1/2/2025,2625,1,4,1,5,3,Outpatient,$874.00 ,$35.00 ,11/27/2024,7,Physician Referral,Yes,Paid,,,N/A,$636.30 , $-   
1/2/2025,871,1,4,5,5,1,Outpatient,$179.00 ,$114.00 ,,7,Self-Referral,No,Pending,11/12/2024,11/9/2024,Private Room,$240.10 ,$50.00 
1/3/2025,7,1,4,1,5,3,Inpatient,$541.00 ,$96.00 ,,1,Self-Referral,Yes,Paid,11/10/2024,11/9/2024,General Ward,$452.90 ,$10.00 
1/3/2025,4110,1,4,5,5,1,Inpatient,$975.00 ,$170.00 ,11/24/2024,3,Emergency,Yes,Paid,,,N/A,$801.50 , $-   
1/3/2025,1935,1,4,5,5,1,Outpatient,$112.00 ,$161.00 ,12/6/2024,9,Physician Referral,No,Paid,,,N/A,$191.10 , $-   
1/3/2025,4332,1,4,1,5,1,Outpatient,$808.00 ,$21.00 ,11/24/2024,6,Self-Referral,Yes,Paid,,,N/A,$580.30 , $-   
1/3/2025,4116,1,4,3,5,2,Inpatient,$765.00 ,$159.00 ,11/30/2024,6,Physician Referral,No,Paid,,,N/A,$646.80 , $-   
1/3/2025,2131,1,4,2,5,1,Outpatient,$80.00 ,$147.00 ,11/30/2024,4,Physician Referral,Yes,Pending,,,N/A,$158.90 , $-   
1/3/2025,3526,1,4,2,5,1,Emergency,$821.00 ,$111.00 ,,10,Self-Referral,Yes,Paid,11/14/2024,11/9/2024,Private Room,$687.40 ,$50.00 
1/3/2025,1882,1,4,2,5,3,Emergency,$175.00 ,$43.00 ,12/6/2024,9,Self-Referral,No,Paid,,,N/A,$152.60 , $-   
1/3/2025,2315,1,4,2,5,1,Outpatient,$802.00 ,$56.00 ,11/28/2024,3,Self-Referral,No,Paid,,,N/A,$600.60 , $-   
1/3/2025,1878,1,4,4,5,1,Outpatient,$911.00 ,$48.00 ,11/21/2024,8,Emergency,No,Pending,,,N/A,$671.30 , $-   
1/4/2025,3468,1,4,5,5,3,Inpatient,$871.00 ,$61.00 ,11/17/2024,6,Emergency,No,Paid,,,N/A,$652.40 , $-   
1/4/2025,3047,1,4,4,5,2,Inpatient,$777.00 ,$37.00 ,,2,Physician Referral,No,Pending,11/16/2024,11/10/2024,Semi-Private Room,$590.80 ,$30.00 
1/4/2025,3739,1,4,2,5,1,Outpatient,$198.00 ,$150.00 ,12/8/2024,3,Self-Referral,No,Paid,,,N/A,$243.60 , $-   
1/4/2025,2737,1,4,2,5,2,Emergency,$681.00 ,$32.00 ,12/5/2024,1,Self-Referral,Yes,Paid,,,N/A,$499.10 , $-   
1/4/2025,1941,1,4,1,5,3,Inpatient,$688.00 ,$125.00 ,11/27/2024,3,Physician Referral,Yes,Pending,,,N/A,$569.10 , $-   
1/4/2025,676,1,4,2,5,2,Emergency,$607.00 ,$176.00 ,,4,Self-Referral,No,Pending,11/16/2024,11/10/2024,Private Room,$583.10 ,$50.00 
1/4/2025,1300,1,4,5,5,1,Emergency,$318.00 ,$78.00 ,12/4/2024,6,Self-Referral,Yes,Pending,,,N/A,$277.20 , $-   
1/4/2025,3248,1,4,2,5,2,Emergency,$677.00 ,$111.00 ,,10,Self-Referral,Yes,Paid,11/17/2024,11/11/2024,Semi-Private Room,$572.60 ,$30.00 
1/4/2025,1170,1,4,2,5,2,Emergency,$341.00 ,$195.00 ,11/23/2024,7,Emergency,No,Pending,,,N/A,$375.20 , $-   
1/4/2025,641,1,4,4,5,3,Inpatient,$705.00 ,$23.00 ,12/4/2024,3,Physician Referral,Yes,Pending,,,N/A,$509.60 , $-   
1/5/2025,1013,1,4,5,5,3,Outpatient,$276.00 ,$70.00 ,12/1/2024,7,Self-Referral,No,Pending,,,N/A,$242.20 , $-   
1/1/2025,179,1,4,3,5,3,Outpatient,$621.00 ,$152.00 ,11/29/2024,4,Emergency,No,Pending,,,N/A,$541.10 , $-   
1/1/2025,4129,1,4,1,5,3,Inpatient,$415.00 ,$186.00 ,11/22/2024,1,Emergency,No,Pending,,,N/A,$420.70 , $-   
1/1/2025,3096,1,4,3,5,3,Emergency,$192.00 ,$60.00 ,11/24/2024,1,Physician Referral,No,Paid,,,N/A,$176.40 , $-   
1/1/2025,491,1,4,4,5,3,Outpatient,$373.00 ,$24.00 ,12/3/2024,8,Self-Referral,No,Pending,,,N/A,$277.90 , $-   
1/1/2025,4318,1,4,2,5,3,Outpatient,$221.00 ,$155.00 ,11/26/2024,10,Emergency,No,Paid,,,N/A,$263.20 , $-   
1/1/2025,3570,1,4,1,5,3,Outpatient,$800.00 ,$172.00 ,12/10/2024,7,Emergency,No,Pending,,,N/A,$680.40 , $-   
1/1/2025,4419,1,4,5,5,2,Emergency,$620.00 ,$110.00 ,,4,Physician Referral,No,Pending,11/15/2024,11/12/2024,Private Room,$546.00 ,$50.00 
1/1/2025,1696,1,4,1,5,3,Outpatient,$348.00 ,$199.00 ,,1,Emergency,Yes,Paid,11/16/2024,11/12/2024,Semi-Private Room,$403.90 ,$30.00 
1/1/2025,2691,1,4,4,5,2,Inpatient,$995.00 ,$71.00 ,,6,Self-Referral,No,Paid,11/15/2024,11/12/2024,Private Room,$781.20 ,$50.00 
1/1/2025,1563,1,4,2,5,1,Outpatient,$797.00 ,$154.00 ,,10,Emergency,Yes,Paid,11/14/2024,11/12/2024,General Ward,$672.70 ,$10.00 
1/2/2025,4452,1,4,4,5,3,Outpatient,$698.00 ,$66.00 ,12/3/2024,7,Emergency,No,Paid,,,N/A,$534.80 , $-   
1/2/2025,4364,1,4,5,5,1,Inpatient,$654.00 ,$146.00 ,11/22/2024,6,Self-Referral,Yes,Pending,,,N/A,$560.00 , $-   
1/2/2025,1475,1,4,3,5,3,Emergency,$686.00 ,$101.00 ,,6,Emergency,No,Paid,11/20/2024,11/12/2024,Private Room,$585.90 ,$50.00 
1/2/2025,3036,1,4,2,5,1,Outpatient,$444.00 ,$85.00 ,,8,Physician Referral,No,Pending,11/19/2024,11/12/2024,General Ward,$377.30 ,$10.00 
1/2/2025,2791,1,4,2,5,2,Emergency,$60.00 ,$152.00 ,,6,Emergency,Yes,Pending,11/20/2024,11/12/2024,General Ward,$155.40 ,$10.00 
1/2/2025,530,1,4,4,5,3,Emergency,$926.00 ,$191.00 ,,2,Physician Referral,Yes,Pending,11/18/2024,11/12/2024,General Ward,$788.90 ,$10.00 
1/2/2025,4864,1,4,4,5,2,Emergency,$415.00 ,$189.00 ,12/9/2024,7,Physician Referral,No,Paid,,,N/A,$422.80 , $-   
1/2/2025,3301,1,4,4,5,1,Outpatient,$555.00 ,$80.00 ,,10,Self-Referral,No,Paid,11/20/2024,11/13/2024,General Ward,$451.50 ,$10.00 
1/2/2025,1447,1,4,2,5,2,Outpatient,$619.00 ,$69.00 ,12/12/2024,4,Physician Referral,Yes,Paid,,,N/A,$481.60 , $-   
1/2/2025,1950,1,4,4,5,3,Inpatient,$80.00 ,$185.00 ,11/26/2024,3,Emergency,No,Pending,,,N/A,$185.50 , $-   
1/3/2025,4901,1,4,1,5,2,Emergency,$835.00 ,$191.00 ,12/3/2024,8,Self-Referral,Yes,Paid,,,N/A,$718.20 , $-   
1/3/2025,2247,1,4,1,5,2,Inpatient,$393.00 ,$171.00 ,,10,Physician Referral,No,Paid,11/14/2024,11/13/2024,Semi-Private Room,$415.80 ,$30.00 
1/3/2025,1614,1,4,1,5,1,Outpatient,$703.00 ,$147.00 ,,5,Physician Referral,No,Pending,11/18/2024,11/13/2024,General Ward,$602.00 ,$10.00 
1/3/2025,937,1,4,2,5,1,Outpatient,$297.00 ,$82.00 ,11/23/2024,4,Physician Referral,Yes,Paid,,,N/A,$265.30 , $-   
1/3/2025,1198,1,4,4,5,3,Inpatient,$554.00 ,$186.00 ,,4,Emergency,No,Pending,11/17/2024,11/13/2024,General Ward,$525.00 ,$10.00 
1/3/2025,4803,1,4,5,5,1,Inpatient,$389.00 ,$159.00 ,,5,Emergency,No,Paid,11/16/2024,11/13/2024,General Ward,$390.60 ,$10.00 
1/3/2025,1559,1,4,4,5,2,Emergency,$502.00 ,$122.00 ,11/24/2024,4,Physician Referral,No,Paid,,,N/A,$436.80 , $-   
1/3/2025,1828,1,4,2,5,1,Outpatient,$336.00 ,$28.00 ,12/4/2024,3,Self-Referral,Yes,Paid,,,N/A,$254.80 , $-   
1/3/2025,3037,1,4,1,5,3,Emergency,$639.00 ,$98.00 ,,4,Emergency,No,Paid,11/16/2024,11/14/2024,General Ward,$522.90 ,$10.00 
1/3/2025,4558,1,4,2,5,1,Emergency,$830.00 ,$106.00 ,11/27/2024,10,Self-Referral,Yes,Paid,,,N/A,$655.20 , $-   
1/4/2025,1801,1,4,4,5,3,Outpatient,$139.00 ,$128.00 ,,5,Emergency,Yes,Pending,11/23/2024,11/14/2024,Semi-Private Room,$207.90 ,$30.00 
1/4/2025,4296,1,4,2,5,3,Outpatient,$747.00 ,$41.00 ,,2,Self-Referral,Yes,Paid,11/22/2024,11/14/2024,Semi-Private Room,$572.60 ,$30.00 
1/4/2025,4329,1,4,5,5,2,Emergency,$738.00 ,$55.00 ,12/5/2024,7,Self-Referral,Yes,Paid,,,N/A,$555.10 , $-   
1/4/2025,2504,1,4,2,5,2,Inpatient,$373.00 ,$93.00 ,12/2/2024,5,Physician Referral,No,Paid,,,N/A,$326.20 , $-   
1/4/2025,2446,1,4,3,5,2,Outpatient,$491.00 ,$175.00 ,,9,Physician Referral,Yes,Paid,11/16/2024,11/14/2024,Private Room,$501.20 ,$50.00 
1/4/2025,3846,1,4,2,5,3,Emergency,$116.00 ,$75.00 ,12/4/2024,6,Physician Referral,Yes,Paid,,,N/A,$133.70 , $-   
1/4/2025,1608,1,4,4,5,1,Inpatient,$212.00 ,$118.00 ,,1,Physician Referral,No,Paid,11/21/2024,11/15/2024,Semi-Private Room,$252.00 ,$30.00 
1/4/2025,4857,1,4,3,5,1,Emergency,$173.00 ,$176.00 ,12/4/2024,9,Self-Referral,No,Paid,,,N/A,$244.30 , $-   
1/4/2025,3983,1,4,1,5,3,Outpatient,$328.00 ,$24.00 ,,5,Physician Referral,Yes,Pending,11/18/2024,11/15/2024,Private Room,$281.40 ,$50.00 
1/4/2025,4876,1,4,4,5,3,Inpatient,$287.00 ,$23.00 ,12/10/2024,9,Emergency,Yes,Pending,,,N/A,$217.00 , $-   
1/5/2025,3821,1,4,5,5,1,Inpatient,$182.00 ,$198.00 ,,1,Physician Referral,No,Paid,11/18/2024,11/15/2024,General Ward,$273.00 ,$10.00 
1/1/2025,4412,1,4,2,5,1,Inpatient,$773.00 ,$34.00 ,,2,Physician Referral,No,Pending,11/20/2024,11/15/2024,Semi-Private Room,$585.90 ,$30.00 
1/1/2025,1164,1,4,2,5,3,Outpatient,$914.00 ,$45.00 ,12/3/2024,3,Emergency,No,Paid,,,N/A,$671.30 , $-   
1/1/2025,4272,1,4,4,5,1,Outpatient,$464.00 ,$42.00 ,,5,Physician Referral,Yes,Pending,11/22/2024,11/15/2024,Semi-Private Room,$375.20 ,$30.00 
1/1/2025,2863,1,4,2,5,1,Emergency,$298.00 ,$144.00 ,,6,Physician Referral,Yes,Paid,11/22/2024,11/15/2024,Private Room,$344.40 ,$50.00 
1/1/2025,2916,1,4,2,5,3,Emergency,$720.00 ,$122.00 ,,5,Physician Referral,Yes,Paid,11/16/2024,11/15/2024,Private Room,$624.40 ,$50.00 
1/1/2025,4493,1,4,1,5,3,Outpatient,$162.00 ,$48.00 ,,1,Emergency,No,Pending,11/23/2024,11/16/2024,Private Room,$182.00 ,$50.00 
1/1/2025,579,1,4,2,5,2,Emergency,$553.00 ,$105.00 ,,4,Emergency,Yes,Paid,11/23/2024,11/16/2024,Private Room,$495.60 ,$50.00 
1/1/2025,4695,1,4,2,5,2,Inpatient,$384.00 ,$76.00 ,12/8/2024,6,Physician Referral,Yes,Pending,,,N/A,$322.00 , $-   
1/1/2025,567,1,4,1,5,1,Outpatient,$463.00 ,$81.00 ,,4,Emergency,No,Paid,11/22/2024,11/16/2024,Private Room,$415.80 ,$50.00 
1/1/2025,2879,1,4,2,5,3,Outpatient,$583.00 ,$67.00 ,,4,Self-Referral,Yes,Paid,11/22/2024,11/16/2024,General Ward,$462.00 ,$10.00 
1/2/2025,397,1,4,1,5,1,Emergency,$443.00 ,$130.00 ,,5,Emergency,No,Paid,11/18/2024,11/16/2024,General Ward,$408.10 ,$10.00 
1/2/2025,3332,1,4,5,5,3,Outpatient,$506.00 ,$54.00 ,12/8/2024,8,Physician Referral,No,Paid,,,N/A,$392.00 , $-   
1/2/2025,303,1,4,2,5,1,Inpatient,$326.00 ,$65.00 ,11/23/2024,5,Emergency,No,Pending,,,N/A,$273.70 , $-   
1/2/2025,168,1,4,4,5,1,Outpatient,$474.00 ,$52.00 ,,7,Physician Referral,No,Paid,11/19/2024,11/16/2024,General Ward,$375.20 ,$10.00 
1/2/2025,3654,1,4,3,5,3,Inpatient,$54.00 ,$90.00 ,,8,Self-Referral,Yes,Pending,11/19/2024,11/16/2024,General Ward,$107.80 ,$10.00 
1/2/2025,2594,1,4,5,5,2,Outpatient,$785.00 ,$29.00 ,12/8/2024,6,Self-Referral,Yes,Pending,,,N/A,$569.80 , $-   
1/2/2025,2634,1,4,2,5,2,Outpatient,$358.00 ,$195.00 ,11/28/2024,6,Physician Referral,No,Paid,,,N/A,$387.10 , $-   
1/2/2025,2470,1,4,4,5,3,Outpatient,$414.00 ,$63.00 ,,2,Emergency,Yes,Paid,11/20/2024,11/17/2024,General Ward,$340.90 ,$10.00 
1/2/2025,3429,1,4,3,5,1,Emergency,$234.00 ,$145.00 ,11/29/2024,10,Self-Referral,Yes,Pending,,,N/A,$265.30 , $-   
1/2/2025,3006,1,4,1,5,1,Emergency,$629.00 ,$133.00 ,,5,Physician Referral,No,Pending,11/19/2024,11/17/2024,Private Room,$568.40 ,$50.00 
1/3/2025,2213,1,4,2,5,1,Inpatient,$102.00 ,$142.00 ,,1,Physician Referral,Yes,Paid,11/26/2024,11/17/2024,Private Room,$205.80 ,$50.00 
1/3/2025,745,1,4,1,5,3,Emergency,$453.00 ,$82.00 ,,9,Self-Referral,No,Pending,11/23/2024,11/17/2024,Semi-Private Room,$395.50 ,$30.00 
1/3/2025,1836,1,4,5,5,2,Outpatient,$994.00 ,$68.00 ,12/14/2024,7,Physician Referral,Yes,Pending,,,N/A,$743.40 , $-   
1/3/2025,250,1,4,3,5,3,Emergency,$352.00 ,$104.00 ,,2,Self-Referral,Yes,Pending,11/19/2024,11/17/2024,General Ward,$326.20 ,$10.00 
1/3/2025,1591,1,4,3,5,2,Emergency,$811.00 ,$60.00 ,,6,Self-Referral,No,Paid,11/20/2024,11/17/2024,General Ward,$616.70 ,$10.00 
1/3/2025,2391,1,4,1,5,2,Inpatient,$881.00 ,$117.00 ,12/11/2024,10,Emergency,No,Pending,,,N/A,$698.60 , $-   
1/3/2025,4189,1,4,1,5,3,Outpatient,$295.00 ,$58.00 ,,9,Physician Referral,No,Pending,11/24/2024,11/18/2024,Private Room,$282.10 ,$50.00 
1/3/2025,624,1,4,5,5,2,Inpatient,$690.00 ,$126.00 ,,5,Self-Referral,Yes,Pending,11/22/2024,11/18/2024,Semi-Private Room,$592.20 ,$30.00 
1/3/2025,4646,1,4,4,5,2,Emergency,$724.00 ,$170.00 ,,3,Self-Referral,Yes,Pending,11/25/2024,11/18/2024,Semi-Private Room,$646.80 ,$30.00 
1/3/2025,1861,1,4,2,5,2,Outpatient,$844.00 ,$32.00 ,12/5/2024,10,Emergency,Yes,Paid,,,N/A,$613.20 , $-   
1/4/2025,2050,1,4,4,5,1,Inpatient,$386.00 ,$125.00 ,11/28/2024,4,Self-Referral,No,Paid,,,N/A,$357.70 , $-   
1/4/2025,157,1,4,3,5,3,Inpatient,$105.00 ,$130.00 ,,3,Emergency,Yes,Pending,11/24/2024,11/18/2024,General Ward,$171.50 ,$10.00 
1/4/2025,4451,1,4,2,5,1,Outpatient,$889.00 ,$89.00 ,12/12/2024,1,Self-Referral,No,Pending,,,N/A,$684.60 , $-   
1/4/2025,518,1,4,5,5,3,Inpatient,$947.00 ,$76.00 ,,10,Physician Referral,No,Pending,11/24/2024,11/18/2024,Semi-Private Room,$737.10 ,$30.00 
1/4/2025,4664,1,4,4,5,1,Inpatient,$888.00 ,$95.00 ,,7,Physician Referral,No,Paid,11/21/2024,11/18/2024,Private Room,$723.10 ,$50.00 
1/4/2025,547,1,4,4,5,2,Inpatient,$78.00 ,$195.00 ,12/15/2024,8,Physician Referral,Yes,Paid,,,N/A,$191.10 , $-   
1/4/2025,329,1,4,2,5,1,Emergency,$561.00 ,$39.00 ,12/9/2024,2,Emergency,No,Pending,,,N/A,$420.00 , $-   
1/4/2025,27,1,4,5,5,1,Inpatient,$818.00 ,$81.00 ,,8,Physician Referral,Yes,Pending,11/27/2024,11/19/2024,General Ward,$636.30 ,$10.00 
1/4/2025,2804,1,4,5,5,3,Emergency,$938.00 ,$192.00 ,12/18/2024,9,Emergency,No,Paid,,,N/A,$791.00 , $-   
1/4/2025,1919,1,4,4,5,3,Inpatient,$996.00 ,$82.00 ,12/4/2024,7,Emergency,No,Pending,,,N/A,$754.60 , $-   
1/5/2025,1172,1,4,4,5,1,Inpatient,$179.00 ,$155.00 ,11/28/2024,1,Emergency,Yes,Pending,,,N/A,$233.80 , $-   
1/1/2025,3237,1,4,1,5,3,Inpatient,$520.00 ,$173.00 ,,4,Self-Referral,No,Paid,11/28/2024,11/19/2024,Private Room,$520.10 ,$50.00 
1/1/2025,2588,1,4,2,5,2,Inpatient,$860.00 ,$57.00 ,,7,Emergency,Yes,Paid,11/25/2024,11/19/2024,General Ward,$648.90 ,$10.00 
1/1/2025,1597,1,4,5,5,2,Outpatient,$52.00 ,$111.00 ,11/28/2024,6,Self-Referral,No,Paid,,,N/A,$114.10 , $-   
1/1/2025,2968,1,4,3,5,2,Emergency,$158.00 ,$118.00 ,,8,Emergency,Yes,Paid,11/21/2024,11/19/2024,General Ward,$200.20 ,$10.00 
1/1/2025,2489,1,4,2,5,3,Outpatient,$691.00 ,$127.00 ,,6,Emergency,No,Paid,11/21/2024,11/20/2024,General Ward,$579.60 ,$10.00 
1/1/2025,3216,1,4,1,5,3,Outpatient,$177.00 ,$124.00 ,12/7/2024,10,Self-Referral,No,Pending,,,N/A,$210.70 , $-   
1/1/2025,827,1,4,2,5,1,Outpatient,$990.00 ,$188.00 ,,6,Self-Referral,No,Paid,11/23/2024,11/20/2024,Semi-Private Room,$845.60 ,$30.00 
1/1/2025,1491,1,4,4,5,3,Outpatient,$719.00 ,$126.00 ,12/16/2024,10,Physician Referral,Yes,Paid,,,N/A,$591.50 , $-   
1/1/2025,838,1,4,2,5,1,Inpatient,$870.00 ,$121.00 ,,6,Physician Referral,No,Paid,11/23/2024,11/20/2024,Private Room,$728.70 ,$50.00 
1/1/2025,2831,1,4,2,5,3,Inpatient,$254.00 ,$149.00 ,,7,Self-Referral,No,Paid,11/28/2024,11/20/2024,Semi-Private Room,$303.10 ,$30.00 
1/2/2025,1046,1,4,2,5,3,Outpatient,$978.00 ,$26.00 ,12/19/2024,5,Physician Referral,Yes,Paid,,,N/A,$702.80 , $-   
1/2/2025,4891,1,4,3,5,1,Outpatient,$101.00 ,$146.00 ,,9,Self-Referral,Yes,Paid,11/25/2024,11/20/2024,General Ward,$179.90 ,$10.00 
1/2/2025,455,1,4,1,5,2,Emergency,$645.00 ,$124.00 ,12/18/2024,7,Self-Referral,Yes,Pending,,,N/A,$538.30 , $-   
1/2/2025,940,1,4,2,5,3,Outpatient,$173.00 ,$172.00 ,,1,Physician Referral,Yes,Paid,11/21/2024,11/20/2024,Private Room,$276.50 ,$50.00 
1/2/2025,1017,1,4,2,5,1,Inpatient,$421.00 ,$70.00 ,,9,Self-Referral,No,Pending,11/25/2024,11/21/2024,General Ward,$350.70 ,$10.00 
1/2/2025,4615,1,4,3,5,3,Emergency,$180.00 ,$69.00 ,,6,Self-Referral,No,Pending,11/28/2024,11/21/2024,General Ward,$181.30 ,$10.00 
1/2/2025,4477,1,4,5,5,3,Outpatient,$416.00 ,$83.00 ,12/2/2024,8,Physician Referral,No,Paid,,,N/A,$349.30 , $-   
1/2/2025,1483,1,4,2,5,3,Emergency,$649.00 ,$159.00 ,,9,Emergency,No,Paid,11/26/2024,11/21/2024,Semi-Private Room,$586.60 ,$30.00 
1/2/2025,1581,1,4,2,5,3,Outpatient,$938.00 ,$94.00 ,,2,Emergency,No,Pending,11/27/2024,11/21/2024,Private Room,$757.40 ,$50.00 
1/2/2025,4828,1,4,5,5,3,Emergency,$339.00 ,$29.00 ,12/1/2024,2,Self-Referral,Yes,Pending,,,N/A,$257.60 , $-   
1/3/2025,908,1,4,2,5,1,Emergency,$861.00 ,$118.00 ,12/9/2024,5,Physician Referral,No,Pending,,,N/A,$685.30 , $-   
1/3/2025,3544,1,4,2,5,3,Inpatient,$137.00 ,$87.00 ,,5,Physician Referral,Yes,Paid,11/25/2024,11/21/2024,Semi-Private Room,$177.80 ,$30.00 
1/3/2025,1719,1,4,2,5,1,Emergency,$534.00 ,$189.00 ,12/9/2024,10,Emergency,No,Pending,,,N/A,$506.10 , $-   
1/3/2025,4373,1,4,1,5,1,Outpatient,$754.00 ,$85.00 ,12/1/2024,10,Self-Referral,No,Paid,,,N/A,$587.30 , $-   
1/3/2025,1877,1,4,4,5,2,Emergency,$606.00 ,$191.00 ,12/1/2024,2,Emergency,Yes,Paid,,,N/A,$557.90 , $-   
1/3/2025,3810,1,4,1,5,1,Outpatient,$590.00 ,$47.00 ,12/21/2024,10,Emergency,Yes,Pending,,,N/A,$445.90 , $-   
1/3/2025,1259,1,4,5,5,1,Outpatient,$316.00 ,$126.00 ,,4,Self-Referral,No,Paid,11/24/2024,11/22/2024,General Ward,$316.40 ,$10.00 
1/3/2025,1574,1,4,1,5,2,Inpatient,$111.00 ,$129.00 ,11/30/2024,9,Self-Referral,No,Paid,,,N/A,$168.00 , $-   
1/3/2025,4792,1,4,1,5,3,Emergency,$750.00 ,$130.00 ,,4,Self-Referral,No,Pending,12/1/2024,11/22/2024,Private Room,$651.00 ,$50.00 
1/3/2025,3422,1,4,3,5,2,Inpatient,$485.00 ,$97.00 ,,1,Self-Referral,Yes,Pending,11/24/2024,11/22/2024,Private Room,$442.40 ,$50.00 
1/4/2025,3031,1,4,5,5,3,Outpatient,$171.00 ,$112.00 ,,5,Self-Referral,Yes,Paid,11/24/2024,11/22/2024,Private Room,$233.10 ,$50.00 
1/4/2025,4879,1,4,5,5,3,Emergency,$177.00 ,$149.00 ,12/2/2024,2,Self-Referral,Yes,Pending,,,N/A,$228.20 , $-   
1/4/2025,781,1,4,5,5,1,Emergency,$708.00 ,$53.00 ,12/2/2024,6,Self-Referral,Yes,Paid,,,N/A,$532.70 , $-   
1/4/2025,3706,1,4,1,5,3,Outpatient,$862.00 ,$167.00 ,,1,Physician Referral,Yes,Pending,11/24/2024,11/22/2024,Private Room,$755.30 ,$50.00 
1/4/2025,2809,1,4,5,5,2,Inpatient,$726.00 ,$66.00 ,,7,Physician Referral,Yes,Pending,11/24/2024,11/23/2024,Private Room,$589.40 ,$50.00 
1/4/2025,1340,1,4,3,5,2,Inpatient,$153.00 ,$137.00 ,12/6/2024,7,Emergency,Yes,Pending,,,N/A,$203.00 , $-   
1/4/2025,2431,1,4,2,5,3,Emergency,$369.00 ,$147.00 ,12/1/2024,4,Emergency,Yes,Pending,,,N/A,$361.20 , $-   
1/4/2025,4843,1,2,1,5,2,Inpatient,$92.00 ,$45.00 ,,9,Physician Referral,Yes,Paid,11/26/2024,11/23/2024,Private Room,$130.90 ,$50.00 
1/4/2025,354,1,1,2,4,2,Emergency,$607.00 ,$103.00 ,12/10/2024,3,Physician Referral,Yes,Pending,,,N/A,$497.00 , $-   
1/4/2025,1052,1,5,2,3,1,Inpatient,$976.00 ,$20.00 ,12/4/2024,5,Self-Referral,Yes,Paid,,,N/A,$697.20 , $-   
1/5/2025,1990,1,2,1,5,1,Outpatient,$904.00 ,$116.00 ,,5,Emergency,Yes,Paid,11/29/2024,11/23/2024,General Ward,$721.00 ,$10.00 
1/1/2025,3870,1,1,1,4,1,Outpatient,$299.00 ,$106.00 ,12/12/2024,8,Physician Referral,Yes,Pending,,,N/A,$283.50 , $-   
1/1/2025,1717,1,4,5,5,3,Outpatient,$158.00 ,$94.00 ,12/3/2024,10,Self-Referral,Yes,Pending,,,N/A,$176.40 , $-   
1/1/2025,506,1,3,3,3,1,Emergency,$269.00 ,$127.00 ,,10,Physician Referral,Yes,Pending,11/30/2024,11/23/2024,General Ward,$284.20 ,$10.00 
1/1/2025,4172,1,2,1,5,2,Emergency,$986.00 ,$34.00 ,12/9/2024,4,Emergency,Yes,Pending,,,N/A,$714.00 , $-   
1/1/2025,4870,1,4,2,5,1,Outpatient,$121.00 ,$161.00 ,,1,Physician Referral,Yes,Pending,11/25/2024,11/24/2024,Private Room,$232.40 ,$50.00 
1/1/2025,3244,1,1,1,3,2,Outpatient,$188.00 ,$74.00 ,12/7/2024,5,Physician Referral,Yes,Paid,,,N/A,$183.40 , $-   
1/1/2025,3222,1,5,3,3,1,Inpatient,$396.00 ,$148.00 ,,1,Emergency,Yes,Pending,11/29/2024,11/24/2024,Semi-Private Room,$401.80 ,$30.00 
1/1/2025,3126,1,5,4,2,2,Outpatient,$953.00 ,$52.00 ,12/13/2024,3,Physician Referral,Yes,Paid,,,N/A,$703.50 , $-   
1/1/2025,4576,1,4,2,5,1,Outpatient,$183.00 ,$89.00 ,,6,Emergency,Yes,Paid,11/29/2024,11/24/2024,Semi-Private Room,$211.40 ,$30.00 
1/1/2025,757,1,5,4,3,1,Outpatient,$89.00 ,$75.00 ,12/10/2024,1,Self-Referral,Yes,Paid,,,N/A,$114.80 , $-   
1/2/2025,2577,1,3,4,1,1,Emergency,$205.00 ,$42.00 ,12/7/2024,10,Self-Referral,Yes,Paid,,,N/A,$172.90 , $-   
1/2/2025,1067,1,4,3,5,1,Emergency,$489.00 ,$73.00 ,12/18/2024,3,Physician Referral,Yes,Pending,,,N/A,$393.40 , $-   
1/2/2025,4082,1,4,1,5,2,Outpatient,$856.00 ,$109.00 ,,7,Self-Referral,Yes,Pending,11/25/2024,11/24/2024,Private Room,$710.50 ,$50.00 
1/2/2025,4381,1,5,4,1,1,Inpatient,$710.00 ,$150.00 ,12/19/2024,2,Emergency,Yes,Paid,,,N/A,$602.00 , $-   
1/2/2025,4090,1,4,5,5,3,Inpatient,$931.00 ,$65.00 ,,6,Emergency,Yes,Paid,11/29/2024,11/25/2024,Semi-Private Room,$718.20 ,$30.00 
1/2/2025,482,1,1,1,2,1,Outpatient,$897.00 ,$153.00 ,12/3/2024,7,Physician Referral,Yes,Pending,,,N/A,$735.00 , $-   
1/2/2025,4275,1,2,2,5,1,Emergency,$402.00 ,$172.00 ,12/22/2024,2,Self-Referral,Yes,Paid,,,N/A,$401.80 , $-   
1/2/2025,3541,1,2,1,5,3,Outpatient,$487.00 ,$36.00 ,12/2/2024,5,Emergency,Yes,Pending,,,N/A,$366.10 , $-   
1/2/2025,2676,1,5,3,4,2,Inpatient,$55.00 ,$175.00 ,12/14/2024,10,Emergency,Yes,Paid,,,N/A,$161.00 , $-   
1/2/2025,1988,1,3,3,2,3,Emergency,$649.00 ,$179.00 ,12/24/2024,10,Physician Referral,Yes,Pending,,,N/A,$579.60 , $-   
1/3/2025,1932,1,3,2,5,2,Emergency,$982.00 ,$112.00 ,12/3/2024,1,Self-Referral,Yes,Paid,,,N/A,$765.80 , $-   
1/3/2025,4260,1,5,2,4,3,Emergency,$525.00 ,$42.00 ,,3,Emergency,Yes,Paid,11/26/2024,11/25/2024,Semi-Private Room,$417.90 ,$30.00 
1/3/2025,4736,1,5,2,1,3,Outpatient,$205.00 ,$163.00 ,,1,Physician Referral,Yes,Paid,11/26/2024,11/25/2024,Semi-Private Room,$278.60 ,$30.00 
1/3/2025,3012,1,4,3,5,3,Outpatient,$957.00 ,$115.00 ,12/6/2024,3,Physician Referral,Yes,Pending,,,N/A,$750.40 , $-   
1/3/2025,721,1,3,1,3,2,Outpatient,$219.00 ,$173.00 ,12/11/2024,4,Emergency,Yes,Pending,,,N/A,$274.40 , $-   
1/3/2025,499,1,2,4,5,1,Inpatient,$780.00 ,$180.00 ,12/10/2024,5,Emergency,Yes,Pending,,,N/A,$672.00 , $-   
1/3/2025,1359,1,5,4,2,1,Emergency,$832.00 ,$195.00 ,12/20/2024,4,Physician Referral,Yes,Paid,,,N/A,$718.90 , $-   
1/3/2025,4269,1,2,5,5,3,Emergency,$837.00 ,$102.00 ,12/18/2024,4,Self-Referral,Yes,Paid,,,N/A,$657.30 , $-   
1/3/2025,4661,1,2,3,5,2,Inpatient,$93.00 ,$74.00 ,,9,Physician Referral,Yes,Paid,12/3/2024,11/26/2024,Private Room,$151.90 ,$50.00 
1/3/2025,2214,1,3,2,4,2,Inpatient,$951.00 ,$188.00 ,12/6/2024,9,Self-Referral,Yes,Paid,,,N/A,$797.30 , $-   
1/4/2025,2654,1,2,1,5,1,Emergency,$381.00 ,$81.00 ,12/6/2024,9,Emergency,Yes,Paid,,,N/A,$323.40 , $-   
1/4/2025,4131,1,4,3,5,2,Emergency,$759.00 ,$164.00 ,,5,Emergency,Yes,Paid,12/3/2024,11/26/2024,Semi-Private Room,$667.10 ,$30.00 
1/4/2025,4092,1,4,5,5,2,Inpatient,$396.00 ,$121.00 ,,5,Emergency,Yes,Pending,11/29/2024,11/26/2024,General Ward,$368.90 ,$10.00 
1/4/2025,2323,1,3,4,1,3,Outpatient,$74.00 ,$78.00 ,,2,Physician Referral,Yes,Pending,12/4/2024,11/27/2024,Private Room,$141.40 ,$50.00 
1/4/2025,2550,1,4,1,5,2,Outpatient,$533.00 ,$161.00 ,12/21/2024,6,Self-Referral,Yes,Pending,,,N/A,$485.80 , $-   
1/4/2025,2443,1,5,4,5,2,Outpatient,$137.00 ,$168.00 ,12/5/2024,2,Physician Referral,Yes,Paid,,,N/A,$213.50 , $-   
1/4/2025,4597,1,3,1,3,3,Inpatient,$144.00 ,$193.00 ,12/24/2024,10,Physician Referral,Yes,Pending,,,N/A,$235.90 , $-   
1/4/2025,3018,1,2,2,5,1,Emergency,$85.00 ,$74.00 ,12/14/2024,5,Physician Referral,Yes,Paid,,,N/A,$111.30 , $-   
1/4/2025,1979,1,5,1,2,1,Inpatient,$261.00 ,$81.00 ,12/23/2024,5,Self-Referral,Yes,Paid,,,N/A,$239.40 , $-   
1/4/2025,1751,1,3,2,2,2,Outpatient,$321.00 ,$186.00 ,,4,Self-Referral,Yes,Pending,11/30/2024,11/27/2024,General Ward,$361.90 ,$10.00 
1/5/2025,4812,1,2,3,5,3,Outpatient,$244.00 ,$189.00 ,12/7/2024,5,Emergency,Yes,Paid,,,N/A,$303.10 , $-   
1/1/2025,3944,1,2,4,5,1,Outpatient,$926.00 ,$67.00 ,12/17/2024,7,Physician Referral,Yes,Paid,,,N/A,$695.10 , $-   
1/1/2025,3389,1,2,1,5,2,Inpatient,$831.00 ,$122.00 ,12/24/2024,10,Self-Referral,Yes,Paid,,,N/A,$667.10 , $-   
1/1/2025,4204,1,2,1,5,1,Inpatient,$946.00 ,$47.00 ,,2,Physician Referral,Yes,Paid,11/30/2024,11/28/2024,Semi-Private Room,$716.10 ,$30.00 
1/1/2025,2552,1,2,5,5,2,Outpatient,$962.00 ,$103.00 ,12/21/2024,1,Emergency,Yes,Paid,,,N/A,$745.50 , $-   
1/1/2025,1025,1,3,4,4,1,Outpatient,$88.00 ,$153.00 ,12/12/2024,4,Emergency,Yes,Pending,,,N/A,$168.70 , $-   
1/1/2025,3456,1,4,3,5,3,Emergency,$930.00 ,$78.00 ,12/5/2024,7,Physician Referral,No,Pending,,,N/A,$705.60 , $-   
1/1/2025,3919,1,2,2,5,3,Inpatient,$905.00 ,$109.00 ,12/23/2024,1,Emergency,No,Paid,,,N/A,$709.80 , $-   
1/1/2025,3691,1,5,3,2,1,Emergency,$672.00 ,$89.00 ,,4,Self-Referral,Yes,Paid,12/2/2024,11/28/2024,General Ward,$539.70 ,$10.00 
1/1/2025,1955,1,3,5,2,3,Outpatient,$288.00 ,$186.00 ,,6,Self-Referral,No,Pending,12/1/2024,11/28/2024,General Ward,$338.80 ,$10.00 
1/1/2025,193,1,1,3,1,1,Outpatient,$750.00 ,$79.00 ,,6,Self-Referral,No,Pending,12/5/2024,11/28/2024,Semi-Private Room,$601.30 ,$30.00 
1/2/2025,3547,1,4,2,5,1,Outpatient,$101.00 ,$164.00 ,12/23/2024,1,Self-Referral,Yes,Pending,,,N/A,$185.50 , $-   
1/2/2025,1380,1,5,4,4,3,Emergency,$685.00 ,$187.00 ,,7,Emergency,No,Paid,11/29/2024,11/28/2024,Private Room,$645.40 ,$50.00 
1/2/2025,628,1,2,5,5,2,Inpatient,$548.00 ,$85.00 ,,5,Self-Referral,No,Pending,12/5/2024,11/29/2024,Semi-Private Room,$464.10 ,$30.00 
1/2/2025,1570,1,3,1,2,3,Inpatient,$59.00 ,$134.00 ,12/26/2024,6,Emergency,No,Pending,,,N/A,$135.10 , $-   
1/2/2025,4732,1,3,1,2,2,Emergency,$154.00 ,$143.00 ,12/12/2024,1,Emergency,No,Paid,,,N/A,$207.90 , $-   
1/2/2025,471,1,2,4,5,2,Inpatient,$841.00 ,$90.00 ,,7,Physician Referral,Yes,Paid,12/1/2024,11/29/2024,General Ward,$658.70 ,$10.00 
1/2/2025,3940,1,5,3,2,2,Emergency,$146.00 ,$63.00 ,,4,Emergency,No,Pending,12/7/2024,11/29/2024,Private Room,$181.30 ,$50.00 
1/2/2025,4133,1,3,1,4,1,Emergency,$973.00 ,$103.00 ,,3,Physician Referral,Yes,Paid,12/4/2024,11/29/2024,Semi-Private Room,$774.20 ,$30.00 
1/2/2025,4055,1,4,5,5,2,Inpatient,$283.00 ,$76.00 ,,4,Emergency,Yes,Pending,12/2/2024,11/29/2024,General Ward,$258.30 ,$10.00 
1/2/2025,4635,1,5,2,2,2,Inpatient,$319.00 ,$55.00 ,12/6/2024,9,Self-Referral,Yes,Pending,,,N/A,$261.80 , $-   
1/3/2025,524,1,2,3,5,3,Emergency,$369.00 ,$76.00 ,12/6/2024,5,Physician Referral,Yes,Paid,,,N/A,$311.50 , $-   
1/3/2025,4887,1,5,2,3,1,Inpatient,$584.00 ,$140.00 ,,5,Emergency,No,Paid,12/6/2024,11/29/2024,General Ward,$513.80 ,$10.00 
1/3/2025,1366,1,5,3,4,1,Inpatient,$530.00 ,$190.00 ,,8,Emergency,No,Pending,12/2/2024,11/30/2024,General Ward,$511.00 ,$10.00 
1/3/2025,2534,1,1,5,4,2,Emergency,$521.00 ,$63.00 ,,7,Physician Referral,Yes,Paid,12/5/2024,11/30/2024,Semi-Private Room,$429.80 ,$30.00 
1/3/2025,3752,1,2,2,5,3,Outpatient,$631.00 ,$81.00 ,12/16/2024,3,Physician Referral,No,Paid,,,N/A,$498.40 , $-   
1/3/2025,1499,1,4,5,5,2,Emergency,$774.00 ,$134.00 ,12/19/2024,1,Self-Referral,No,Paid,,,N/A,$635.60 , $-   
1/3/2025,4726,1,2,2,5,1,Inpatient,$936.00 ,$102.00 ,12/28/2024,2,Self-Referral,Yes,Paid,,,N/A,$726.60 , $-   
1/3/2025,1152,1,1,3,4,3,Outpatient,$628.00 ,$80.00 ,,3,Emergency,Yes,Paid,12/8/2024,11/30/2024,General Ward,$502.60 ,$10.00 
1/3/2025,3806,1,2,5,5,1,Inpatient,$664.00 ,$113.00 ,12/11/2024,1,Emergency,Yes,Paid,,,N/A,$543.90 , $-   
1/3/2025,841,1,2,3,5,1,Emergency,$425.00 ,$30.00 ,,1,Emergency,No,Paid,12/1/2024,11/30/2024,Semi-Private Room,$339.50 ,$30.00 
1/4/2025,966,1,4,3,5,1,Emergency,$950.00 ,$96.00 ,,8,Emergency,Yes,Pending,12/1/2024,11/30/2024,Semi-Private Room,$753.20 ,$30.00 
1/4/2025,3819,1,1,2,3,1,Emergency,$799.00 ,$139.00 ,12/18/2024,8,Physician Referral,Yes,Paid,,,N/A,$656.60 , $-   
1/4/2025,4740,1,2,2,5,1,Outpatient,$141.00 ,$180.00 ,,2,Physician Referral,No,Pending,12/4/2024,12/1/2024,Private Room,$259.70 ,$50.00 
1/4/2025,1018,1,2,5,5,3,Inpatient,$987.00 ,$121.00 ,12/10/2024,8,Emergency,Yes,Paid,,,N/A,$775.60 , $-   
1/4/2025,4594,1,3,1,4,3,Outpatient,$950.00 ,$140.00 ,12/26/2024,2,Emergency,No,Pending,,,N/A,$763.00 , $-   
1/4/2025,2230,1,2,4,5,1,Emergency,$370.00 ,$131.00 ,,5,Self-Referral,No,Paid,12/4/2024,12/1/2024,General Ward,$357.70 ,$10.00 
1/4/2025,3267,1,4,2,5,2,Inpatient,$932.00 ,$85.00 ,,1,Emergency,Yes,Pending,12/8/2024,12/1/2024,General Ward,$718.90 ,$10.00 
1/4/2025,385,1,3,3,4,2,Emergency,$403.00 ,$129.00 ,12/11/2024,9,Self-Referral,Yes,Paid,,,N/A,$372.40 , $-   
1/4/2025,4675,1,1,4,1,1,Inpatient,$390.00 ,$139.00 ,12/22/2024,4,Self-Referral,Yes,Pending,,,N/A,$370.30 , $-   
1/4/2025,2712,1,5,5,2,3,Outpatient,$348.00 ,$42.00 ,12/20/2024,10,Emergency,Yes,Paid,,,N/A,$273.00 , $-   
1/5/2025,4239,1,4,4,5,2,Outpatient,$141.00 ,$196.00 ,12/18/2024,2,Physician Referral,No,Paid,,,N/A,$235.90 , $-   
1/1/2025,2837,1,1,4,3,3,Outpatient,$321.00 ,$167.00 ,12/9/2024,1,Self-Referral,Yes,Pending,,,N/A,$341.60 , $-   
1/1/2025,946,1,3,1,4,3,Outpatient,$533.00 ,$34.00 ,12/17/2024,6,Self-Referral,Yes,Pending,,,N/A,$396.90 , $-   
1/1/2025,3000,1,5,1,1,2,Inpatient,$860.00 ,$49.00 ,12/20/2024,8,Emergency,No,Paid,,,N/A,$636.30 , $-   
1/1/2025,4826,1,1,4,5,2,Inpatient,$657.00 ,$23.00 ,,4,Physician Referral,Yes,Pending,12/8/2024,12/2/2024,General Ward,$483.00 ,$10.00 
1/1/2025,1384,1,4,1,5,3,Outpatient,$553.00 ,$83.00 ,12/12/2024,1,Self-Referral,Yes,Pending,,,N/A,$445.20 , $-   
1/1/2025,2373,1,3,1,4,2,Outpatient,$129.00 ,$84.00 ,,1,Emergency,No,Paid,12/9/2024,12/2/2024,General Ward,$156.10 ,$10.00 
1/1/2025,4147,1,4,4,5,1,Inpatient,$473.00 ,$27.00 ,,6,Physician Referral,Yes,Pending,12/6/2024,12/2/2024,General Ward,$357.00 ,$10.00 
1/1/2025,2755,1,4,2,5,2,Emergency,$715.00 ,$71.00 ,12/27/2024,2,Physician Referral,No,Paid,,,N/A,$550.20 , $-   
1/1/2025,318,1,3,1,1,3,Outpatient,$603.00 ,$161.00 ,12/18/2024,5,Physician Referral,Yes,Pending,,,N/A,$534.80 , $-   
1/1/2025,2466,1,2,4,5,3,Inpatient,$824.00 ,$77.00 ,12/19/2024,2,Self-Referral,Yes,Paid,,,N/A,$630.70 , $-   
1/2/2025,2018,1,4,2,5,3,Outpatient,$565.00 ,$30.00 ,12/15/2024,9,Physician Referral,No,Pending,,,N/A,$416.50 , $-   
1/2/2025,4794,1,3,1,3,3,Inpatient,$479.00 ,$78.00 ,12/22/2024,2,Self-Referral,No,Paid,,,N/A,$389.90 , $-   
1/2/2025,4577,1,4,4,5,3,Outpatient,$659.00 ,$43.00 ,,5,Emergency,Yes,Paid,12/5/2024,12/3/2024,Semi-Private Room,$512.40 ,$30.00 
1/2/2025,4973,1,2,1,5,3,Outpatient,$74.00 ,$107.00 ,,4,Physician Referral,Yes,Pending,12/5/2024,12/3/2024,General Ward,$133.70 ,$10.00 
1/2/2025,4465,1,3,2,4,1,Emergency,$684.00 ,$179.00 ,12/18/2024,1,Self-Referral,No,Pending,,,N/A,$604.10 , $-   
1/2/2025,2234,1,1,4,1,3,Emergency,$625.00 ,$65.00 ,12/21/2024,10,Physician Referral,Yes,Paid,,,N/A,$483.00 , $-   
1/2/2025,133,1,1,2,3,3,Emergency,$424.00 ,$47.00 ,12/11/2024,9,Self-Referral,Yes,Paid,,,N/A,$329.70 , $-   
1/2/2025,1258,1,1,3,4,1,Emergency,$313.00 ,$35.00 ,12/31/2024,3,Emergency,Yes,Pending,,,N/A,$243.60 , $-   
1/2/2025,4124,1,5,5,4,3,Outpatient,$862.00 ,$61.00 ,,10,Self-Referral,Yes,Pending,12/4/2024,12/3/2024,Private Room,$681.10 ,$50.00 
1/2/2025,3171,1,4,3,5,3,Outpatient,$65.00 ,$122.00 ,,8,Emergency,Yes,Pending,12/12/2024,12/3/2024,Semi-Private Room,$151.90 ,$30.00 
1/3/2025,1847,1,4,1,5,1,Emergency,$682.00 ,$35.00 ,,4,Physician Referral,Yes,Pending,12/10/2024,12/3/2024,Semi-Private Room,$522.90 ,$30.00 
1/3/2025,3539,1,3,2,4,2,Emergency,$491.00 ,$119.00 ,12/31/2024,9,Self-Referral,No,Pending,,,N/A,$427.00 , $-   
1/3/2025,4283,1,5,4,5,2,Outpatient,$313.00 ,$159.00 ,12/11/2024,5,Emergency,Yes,Pending,,,N/A,$330.40 , $-   
1/3/2025,2756,1,4,2,5,3,Inpatient,$289.00 ,$53.00 ,12/17/2024,2,Physician Referral,Yes,Paid,,,N/A,$239.40 , $-   
1/3/2025,1858,1,3,1,3,2,Emergency,"$1,000.00 ",$57.00 ,,8,Emergency,Yes,Pending,12/7/2024,12/4/2024,Semi-Private Room,$760.90 ,$30.00 
1/3/2025,3532,1,2,4,5,2,Inpatient,$926.00 ,$146.00 ,,4,Physician Referral,Yes,Pending,12/6/2024,12/4/2024,Private Room,$785.40 ,$50.00 
1/3/2025,1102,1,4,3,5,1,Outpatient,$638.00 ,$194.00 ,,2,Emergency,No,Pending,12/7/2024,12/4/2024,General Ward,$589.40 ,$10.00 
1/3/2025,743,1,4,2,5,2,Inpatient,$377.00 ,$41.00 ,12/11/2024,6,Self-Referral,Yes,Pending,,,N/A,$292.60 , $-   
1/3/2025,3130,1,2,5,5,3,Emergency,$991.00 ,$99.00 ,,1,Emergency,Yes,Paid,12/11/2024,12/4/2024,General Ward,$770.00 ,$10.00 
1/3/2025,3521,1,2,1,5,1,Emergency,$177.00 ,$107.00 ,12/26/2024,8,Physician Referral,Yes,Paid,,,N/A,$198.80 , $-   
1/4/2025,1864,1,4,1,5,2,Emergency,$576.00 ,$22.00 ,,9,Emergency,No,Paid,12/9/2024,12/4/2024,General Ward,$425.60 ,$10.00 
1/4/2025,1729,1,2,2,5,3,Emergency,$395.00 ,$20.00 ,12/15/2024,7,Emergency,Yes,Paid,,,N/A,$290.50 , $-   
1/4/2025,2152,1,3,3,3,1,Emergency,$519.00 ,$72.00 ,12/19/2024,9,Self-Referral,Yes,Pending,,,N/A,$413.70 , $-   
1/4/2025,1175,1,4,3,5,3,Outpatient,$987.00 ,$191.00 ,12/28/2024,2,Physician Referral,No,Paid,,,N/A,$824.60 , $-   
1/4/2025,3972,1,4,5,5,2,Inpatient,$853.00 ,$66.00 ,1/1/2025,1,Physician Referral,No,Pending,,,N/A,$643.30 , $-   
1/4/2025,3304,1,1,5,4,3,Outpatient,$621.00 ,$185.00 ,,7,Emergency,No,Pending,12/8/2024,12/5/2024,General Ward,$571.20 ,$10.00 
1/4/2025,23,1,4,2,5,2,Outpatient,$675.00 ,$134.00 ,,4,Physician Referral,No,Paid,12/14/2024,12/5/2024,General Ward,$573.30 ,$10.00 
1/4/2025,2928,1,1,4,2,2,Outpatient,$541.00 ,$60.00 ,,10,Physician Referral,No,Paid,12/7/2024,12/5/2024,Private Room,$455.70 ,$50.00 
1/4/2025,4839,1,2,3,5,2,Inpatient,$775.00 ,$168.00 ,12/30/2024,8,Physician Referral,Yes,Pending,,,N/A,$660.10 , $-   
1/4/2025,3667,1,2,4,5,2,Inpatient,$483.00 ,$192.00 ,,3,Self-Referral,Yes,Paid,12/12/2024,12/5/2024,Semi-Private Room,$493.50 ,$30.00 
1/5/2025,1530,1,3,4,5,2,Outpatient,$970.00 ,$160.00 ,12/15/2024,7,Self-Referral,Yes,Paid,,,N/A,$791.00 , $-   
12/6/2024,640,1,1,2,1,1,Inpatient,$213.00 ,$85.00 ,,7,Self-Referral,No,Pending,12/12/2024,12/6/2024,General Ward,$215.60 ,$10.00 
12/6/2024,3947,1,4,5,5,2,Outpatient,$271.00 ,$62.00 ,,10,Physician Referral,No,Pending,12/12/2024,12/6/2024,Private Room,$268.10 ,$50.00 
12/6/2024,1478,1,1,4,2,1,Outpatient,$658.00 ,$108.00 ,12/16/2024,9,Self-Referral,Yes,Pending,,,N/A,$536.20 , $-   
12/6/2024,3425,1,2,2,5,3,Emergency,$432.00 ,$195.00 ,12/20/2024,4,Physician Referral,No,Pending,,,N/A,$438.90 , $-   
12/6/2024,3861,1,2,5,5,3,Inpatient,$923.00 ,$132.00 ,12/22/2024,10,Self-Referral,No,Pending,,,N/A,$738.50 , $-   
12/6/2024,1900,1,3,4,4,1,Emergency,$646.00 ,$45.00 ,,1,Emergency,No,Paid,12/13/2024,12/6/2024,Private Room,$518.70 ,$50.00 
12/6/2024,2477,1,2,4,5,1,Outpatient,$854.00 ,$118.00 ,12/28/2024,7,Physician Referral,Yes,Pending,,,N/A,$680.40 , $-   
12/6/2024,3427,1,1,5,3,3,Outpatient,$156.00 ,$80.00 ,,10,Emergency,No,Pending,12/12/2024,12/6/2024,Private Room,$200.20 ,$50.00 
12/6/2024,3659,1,4,5,5,1,Outpatient,$499.00 ,$144.00 ,,6,Emergency,Yes,Pending,12/8/2024,12/6/2024,General Ward,$457.10 ,$10.00 
12/6/2024,158,1,4,1,5,1,Emergency,$199.00 ,$138.00 ,,1,Emergency,Yes,Paid,12/11/2024,12/6/2024,Semi-Private Room,$256.90 ,$30.00 
12/7/2024,945,1,1,1,5,2,Emergency,$436.00 ,$81.00 ,1/1/2025,9,Self-Referral,No,Pending,,,N/A,$361.90 , $-   
12/7/2024,2251,1,3,2,5,3,Outpatient,$710.00 ,$101.00 ,,10,Self-Referral,Yes,Pending,12/10/2024,12/7/2024,General Ward,$574.70 ,$10.00 
12/7/2024,3615,1,4,2,5,1,Emergency,$223.00 ,$161.00 ,12/14/2024,8,Emergency,No,Paid,,,N/A,$268.80 , $-   
12/7/2024,3475,1,1,3,4,1,Outpatient,$75.00 ,$188.00 ,12/18/2024,10,Emergency,No,Pending,,,N/A,$184.10 , $-   
12/7/2024,670,1,1,1,2,1,Outpatient,$289.00 ,$156.00 ,,4,Emergency,Yes,Pending,12/16/2024,12/7/2024,Private Room,$346.50 ,$50.00 
12/7/2024,4791,1,2,5,5,2,Emergency,$520.00 ,$63.00 ,,5,Self-Referral,No,Pending,12/15/2024,12/7/2024,General Ward,$415.10 ,$10.00 
12/7/2024,2730,1,2,1,5,3,Inpatient,$705.00 ,$75.00 ,,8,Emergency,Yes,Paid,12/9/2024,12/7/2024,Private Room,$581.00 ,$50.00 
12/7/2024,3518,1,3,2,2,3,Outpatient,$455.00 ,$22.00 ,,2,Emergency,No,Paid,12/8/2024,12/7/2024,General Ward,$340.90 ,$10.00 
12/7/2024,3827,1,3,2,3,1,Outpatient,$832.00 ,$117.00 ,12/15/2024,6,Physician Referral,Yes,Pending,,,N/A,$664.30 , $-   
12/7/2024,2325,1,3,2,2,1,Emergency,$300.00 ,$116.00 ,12/29/2024,10,Emergency,Yes,Pending,,,N/A,$291.20 , $-   
12/8/2024,3921,1,1,5,3,2,Emergency,$352.00 ,$110.00 ,12/27/2024,2,Physician Referral,No,Pending,,,N/A,$323.40 , $-   
12/8/2024,1318,1,1,4,2,1,Emergency,$630.00 ,$78.00 ,12/20/2024,8,Physician Referral,Yes,Paid,,,N/A,$495.60 , $-   
12/8/2024,3240,1,2,2,5,1,Outpatient,$649.00 ,$92.00 ,12/18/2024,5,Physician Referral,Yes,Paid,,,N/A,$518.70 , $-   
12/8/2024,1862,1,4,1,5,2,Inpatient,$811.00 ,$160.00 ,12/21/2024,10,Self-Referral,Yes,Paid,,,N/A,$679.70 , $-   
12/8/2024,623,1,3,4,2,1,Inpatient,$638.00 ,$177.00 ,12/16/2024,3,Emergency,No,Paid,,,N/A,$570.50 , $-   
12/8/2024,2893,1,5,1,5,3,Inpatient,$618.00 ,$72.00 ,1/6/2025,2,Emergency,Yes,Paid,,,N/A,$483.00 , $-   
12/8/2024,4010,1,3,2,4,3,Outpatient,$722.00 ,$198.00 ,12/24/2024,4,Physician Referral,No,Paid,,,N/A,$644.00 , $-   
12/8/2024,2861,1,2,5,5,3,Emergency,$112.00 ,$61.00 ,,8,Physician Referral,No,Pending,12/12/2024,12/8/2024,Private Room,$156.10 ,$50.00 
12/8/2024,3774,1,1,4,3,2,Inpatient,$685.00 ,$173.00 ,,1,Physician Referral,Yes,Paid,12/12/2024,12/8/2024,Semi-Private Room,$621.60 ,$30.00 
12/8/2024,4462,1,2,4,5,2,Inpatient,$431.00 ,$88.00 ,12/28/2024,10,Physician Referral,No,Pending,,,N/A,$363.30 , $-   
12/9/2024,407,1,2,2,5,3,Inpatient,$724.00 ,$129.00 ,12/23/2024,3,Emergency,No,Paid,,,N/A,$597.10 , $-   
12/9/2024,1399,1,2,2,5,3,Outpatient,$698.00 ,$111.00 ,,1,Emergency,Yes,Pending,12/11/2024,12/9/2024,Private Room,$601.30 ,$50.00 
12/9/2024,2344,1,5,2,1,2,Emergency,$580.00 ,$22.00 ,,2,Physician Referral,No,Paid,12/16/2024,12/9/2024,General Ward,$428.40 ,$10.00 
12/9/2024,4930,1,5,3,2,1,Emergency,$62.00 ,$60.00 ,,10,Physician Referral,No,Pending,12/12/2024,12/9/2024,Semi-Private Room,$106.40 ,$30.00 
12/9/2024,1264,1,3,5,3,1,Emergency,$233.00 ,$144.00 ,12/18/2024,7,Physician Referral,No,Pending,,,N/A,$263.90 , $-   
12/9/2024,3923,1,1,5,4,2,Emergency,$278.00 ,$20.00 ,,1,Physician Referral,Yes,Pending,12/16/2024,12/9/2024,General Ward,$215.60 ,$10.00 
12/9/2024,3867,1,2,2,5,3,Inpatient,$336.00 ,$134.00 ,,9,Self-Referral,No,Paid,12/16/2024,12/9/2024,Semi-Private Room,$350.00 ,$30.00 
12/9/2024,3337,1,4,3,5,2,Emergency,$594.00 ,$89.00 ,,8,Emergency,Yes,Paid,12/10/2024,12/9/2024,Private Room,$513.10 ,$50.00 
12/9/2024,4033,1,3,2,2,3,Inpatient,$383.00 ,$145.00 ,,1,Emergency,Yes,Paid,12/15/2024,12/9/2024,Semi-Private Room,$390.60 ,$30.00 
12/9/2024,39,1,3,2,2,2,Outpatient,$477.00 ,$69.00 ,,10,Self-Referral,Yes,Pending,12/13/2024,12/9/2024,Semi-Private Room,$403.20 ,$30.00 
12/10/2024,83,1,2,5,5,2,Outpatient,$970.00 ,$99.00 ,12/19/2024,1,Physician Referral,Yes,Pending,,,N/A,$748.30 , $-   
12/10/2024,3150,1,3,3,1,2,Outpatient,$252.00 ,$116.00 ,,2,Physician Referral,No,Pending,12/18/2024,12/10/2024,Private Room,$292.60 ,$50.00 
12/10/2024,4692,1,2,5,5,2,Emergency,$829.00 ,$78.00 ,12/18/2024,2,Emergency,Yes,Paid,,,N/A,$634.90 , $-   
12/10/2024,3348,1,3,2,1,2,Emergency,$878.00 ,$93.00 ,,6,Self-Referral,No,Paid,12/18/2024,12/10/2024,Private Room,$714.70 ,$50.00 
12/10/2024,3419,1,1,1,1,2,Inpatient,$190.00 ,$82.00 ,,1,Physician Referral,No,Pending,12/13/2024,12/10/2024,Private Room,$225.40 ,$50.00 
12/10/2024,1087,1,3,4,1,3,Emergency,$891.00 ,$44.00 ,,4,Emergency,Yes,Paid,12/14/2024,12/10/2024,Semi-Private Room,$675.50 ,$30.00 
12/10/2024,3700,1,3,2,5,3,Outpatient,$358.00 ,$157.00 ,,7,Emergency,Yes,Paid,12/11/2024,12/10/2024,Semi-Private Room,$381.50 ,$30.00 
12/10/2024,3482,1,4,3,5,1,Emergency,$441.00 ,$96.00 ,,9,Emergency,No,Paid,12/12/2024,12/10/2024,General Ward,$382.90 ,$10.00 
12/10/2024,4603,1,1,1,1,2,Inpatient,$984.00 ,$143.00 ,1/2/2025,10,Self-Referral,Yes,Paid,,,N/A,$788.90 , $-   
12/10/2024,996,1,1,3,1,1,Outpatient,$445.00 ,$148.00 ,1/4/2025,3,Self-Referral,Yes,Pending,,,N/A,$415.10 , $-   
12/11/2024,3250,1,1,2,4,1,Outpatient,$600.00 ,$118.00 ,12/27/2024,4,Self-Referral,Yes,Paid,,,N/A,$502.60 , $-   
12/11/2024,4042,1,3,2,2,2,Inpatient,$768.00 ,$33.00 ,12/29/2024,5,Self-Referral,No,Paid,,,N/A,$560.70 , $-   
12/11/2024,1265,1,5,4,1,2,Outpatient,$206.00 ,$168.00 ,1/9/2025,5,Self-Referral,No,Pending,,,N/A,$261.80 , $-   
12/11/2024,2938,1,3,3,1,1,Inpatient,$591.00 ,$57.00 ,12/28/2024,2,Self-Referral,No,Pending,,,N/A,$453.60 , $-   
12/11/2024,527,1,2,1,5,1,Inpatient,$637.00 ,$20.00 ,12/26/2024,5,Emergency,No,Paid,,,N/A,$459.90 , $-   
12/11/2024,1080,1,4,4,5,2,Emergency,$156.00 ,$103.00 ,,10,Emergency,Yes,Paid,12/18/2024,12/11/2024,General Ward,$188.30 ,$10.00 
12/11/2024,3931,1,1,3,4,2,Outpatient,$752.00 ,$152.00 ,12/30/2024,1,Physician Referral,No,Paid,,,N/A,$632.80 , $-   
12/11/2024,3382,1,2,2,5,2,Emergency,$931.00 ,$63.00 ,,7,Physician Referral,No,Paid,12/18/2024,12/11/2024,Private Room,$730.80 ,$50.00 
12/11/2024,1179,1,2,4,5,3,Emergency,$376.00 ,$76.00 ,,5,Physician Referral,No,Pending,12/20/2024,12/11/2024,Semi-Private Room,$337.40 ,$30.00 
12/11/2024,3582,1,5,2,3,1,Inpatient,$267.00 ,$123.00 ,12/23/2024,6,Self-Referral,No,Pending,,,N/A,$273.00 , $-   
12/12/2024,934,1,1,5,1,1,Inpatient,$766.00 ,$64.00 ,,9,Self-Referral,No,Pending,12/21/2024,12/12/2024,General Ward,$588.00 ,$10.00 
12/12/2024,4348,1,3,5,4,1,Emergency,$112.00 ,$79.00 ,,3,Physician Referral,Yes,Paid,12/21/2024,12/12/2024,Semi-Private Room,$154.70 ,$30.00 
12/12/2024,865,1,1,4,1,3,Inpatient,$989.00 ,$85.00 ,1/1/2025,1,Physician Referral,No,Paid,,,N/A,$751.80 , $-   
12/12/2024,2232,1,4,4,5,1,Outpatient,$812.00 ,$66.00 ,,8,Self-Referral,Yes,Pending,12/18/2024,12/12/2024,General Ward,$621.60 ,$10.00 
12/12/2024,4863,1,1,3,2,2,Outpatient,$827.00 ,$134.00 ,1/9/2025,2,Self-Referral,No,Paid,,,N/A,$672.70 , $-   
12/12/2024,3797,1,2,1,5,3,Emergency,$826.00 ,$45.00 ,,2,Emergency,No,Pending,12/20/2024,12/12/2024,Semi-Private Room,$630.70 ,$30.00 
12/12/2024,3305,1,2,1,5,1,Outpatient,$793.00 ,$156.00 ,12/29/2024,10,Physician Referral,Yes,Pending,,,N/A,$664.30 , $-   
12/12/2024,2397,1,3,5,2,3,Emergency,$502.00 ,$70.00 ,,4,Self-Referral,No,Pending,12/21/2024,12/12/2024,Private Room,$435.40 ,$50.00 
12/12/2024,2731,1,3,5,3,3,Outpatient,$902.00 ,$113.00 ,12/23/2024,5,Emergency,Yes,Pending,,,N/A,$710.50 , $-   
12/12/2024,3973,1,3,5,4,2,Inpatient,$390.00 ,$129.00 ,,1,Emergency,No,Pending,12/19/2024,12/12/2024,General Ward,$370.30 ,$10.00 
12/13/2024,3718,1,4,2,5,3,Outpatient,$740.00 ,$155.00 ,12/21/2024,3,Self-Referral,Yes,Pending,,,N/A,$626.50 , $-   
12/13/2024,118,1,1,1,3,2,Inpatient,$787.00 ,$24.00 ,,8,Self-Referral,No,Pending,12/17/2024,12/13/2024,Semi-Private Room, $-   ,$30.00 
12/13/2024,286,1,5,4,3,2,Emergency,$729.00 ,$58.00 ,,6,Emergency,Yes,Paid,12/17/2024,12/13/2024,Semi-Private Room,$571.90 ,$30.00 
12/13/2024,4649,1,1,5,3,1,Outpatient,$523.00 ,$87.00 ,12/26/2024,3,Emergency,No,Pending,,,N/A,$427.00 , $-   
12/13/2024,4936,1,3,3,3,2,Inpatient,$944.00 ,$59.00 ,,7,Self-Referral,No,Pending,12/19/2024,12/13/2024,Semi-Private Room,$723.10 ,$30.00 
12/13/2024,2199,1,4,4,5,1,Inpatient,$807.00 ,$55.00 ,1/5/2025,6,Physician Referral,No,Paid,,,N/A,$603.40 , $-   
12/13/2024,2765,1,1,4,2,1,Emergency,$481.00 ,$168.00 ,,5,Physician Referral,No,Pending,12/17/2024,12/13/2024,Semi-Private Room, $-   ,$30.00 
12/13/2024,1048,1,2,4,5,1,Emergency,$678.00 ,$116.00 ,,8,Physician Referral,No,Paid,12/20/2024,12/13/2024,Semi-Private Room,$576.80 ,$30.00 
12/13/2024,4934,1,1,1,5,2,Outpatient,$941.00 ,$45.00 ,12/25/2024,8,Physician Referral,No,Pending,,,N/A,$690.20 , $-   
12/13/2024,1927,1,2,5,5,1,Outpatient,$401.00 ,$123.00 ,,3,Physician Referral,No,Paid,12/21/2024,12/13/2024,Private Room,$401.80 ,$50.00 
12/14/2024,3853,1,1,3,1,2,Outpatient,$462.00 ,$122.00 ,1/3/2025,8,Physician Referral,No,Paid,,,N/A,$408.80 , $-   
12/14/2024,1992,1,1,2,2,2,Inpatient,$779.00 ,$94.00 ,,10,Physician Referral,No,Paid,12/22/2024,12/14/2024,General Ward, $-   ,$10.00 
12/14/2024,4620,1,1,3,4,1,Emergency,$187.00 ,$104.00 ,,9,Self-Referral,No,Pending,12/22/2024,12/14/2024,Private Room,$238.70 ,$50.00 
12/14/2024,3710,1,3,3,3,2,Outpatient,$111.00 ,$132.00 ,,10,Emergency,No,Paid,12/16/2024,12/14/2024,Private Room,$205.10 ,$50.00 
12/14/2024,4861,1,2,3,5,1,Outpatient,$351.00 ,$75.00 ,,3,Emergency,No,Pending,12/16/2024,12/14/2024,Private Room,$333.20 ,$50.00 
12/14/2024,1806,1,4,2,5,1,Inpatient,$428.00 ,$76.00 ,12/24/2024,8,Emergency,No,Pending,,,N/A,$352.80 , $-   
12/14/2024,1736,1,5,3,2,1,Outpatient,$285.00 ,$147.00 ,12/23/2024,8,Emergency,No,Pending,,,N/A,$302.40 , $-   
12/14/2024,4034,1,2,3,5,3,Inpatient,$110.00 ,$120.00 ,,7,Physician Referral,No,Pending,12/16/2024,12/14/2024,Semi-Private Room, $-   ,$30.00 
12/14/2024,124,1,3,5,4,2,Inpatient,$895.00 ,$154.00 ,,8,Self-Referral,No,Pending,12/16/2024,12/14/2024,General Ward,$741.30 ,$10.00 
12/14/2024,2592,1,2,5,5,3,Emergency,$477.00 ,$189.00 ,12/31/2024,1,Emergency,No,Pending,,,N/A,$466.20 , $-   
12/15/2024,3655,1,4,5,5,3,Inpatient,$63.00 ,$160.00 ,,3,Physician Referral,No,Pending,12/19/2024,12/15/2024,General Ward,$163.10 ,$10.00 
12/15/2024,1743,1,2,4,5,2,Emergency,$209.00 ,$103.00 ,12/22/2024,6,Physician Referral,No,Paid,,,N/A,$218.40 , $-   
12/15/2024,441,1,3,3,3,2,Inpatient,$827.00 ,$181.00 ,,7,Physician Referral,No,Pending,12/20/2024,12/15/2024,General Ward,$712.60 ,$10.00 
12/15/2024,799,1,3,1,2,1,Emergency,$273.00 ,$119.00 ,,7,Self-Referral,No,Pending,12/19/2024,12/15/2024,General Ward, $-   ,$10.00 
12/15/2024,3572,1,5,1,2,3,Inpatient,$403.00 ,$65.00 ,1/4/2025,6,Self-Referral,No,Paid,,,N/A,$327.60 , $-   
12/15/2024,4856,1,4,1,5,2,Outpatient,$203.00 ,$80.00 ,,4,Self-Referral,No,Pending,12/20/2024,12/15/2024,Private Room,$233.10 ,$50.00 
12/15/2024,918,1,5,2,2,1,Emergency,$104.00 ,$75.00 ,12/27/2024,5,Emergency,No,Paid,,,N/A, $-   , $-   
12/15/2024,1134,1,1,5,1,2,Emergency,$269.00 ,$48.00 ,1/13/2025,9,Emergency,No,Paid,,,N/A,$221.90 , $-   
12/15/2024,322,1,3,5,1,2,Inpatient,$207.00 ,$130.00 ,1/7/2025,1,Self-Referral,No,Pending,,,N/A,$235.90 , $-   
12/15/2024,1437,1,5,5,3,1,Outpatient,$103.00 ,$111.00 ,1/7/2025,2,Self-Referral,No,Pending,,,N/A,$149.80 , $-   
12/16/2024,3064,1,3,2,2,2,Outpatient,$886.00 ,$161.00 ,1/14/2025,5,Self-Referral,No,Paid,,,N/A,$732.90 , $-   
12/16/2024,4039,1,3,3,4,1,Emergency,$341.00 ,$121.00 ,1/2/2025,5,Self-Referral,No,Pending,,,N/A,$323.40 , $-   
12/16/2024,1760,1,1,4,3,3,Outpatient,$852.00 ,$90.00 ,,7,Physician Referral,No,Paid,12/20/2024,12/16/2024,Semi-Private Room,$680.40 ,$30.00 
12/16/2024,657,1,3,5,5,1,Outpatient,$807.00 ,$32.00 ,1/13/2025,8,Emergency,No,Paid,,,N/A,$587.30 , $-   
12/16/2024,1674,1,5,3,4,2,Inpatient,$378.00 ,$164.00 ,12/29/2024,10,Physician Referral,No,Pending,,,N/A,$379.40 , $-   
12/16/2024,1237,1,4,1,5,3,Outpatient,$73.00 ,$176.00 ,,6,Emergency,No,Paid,12/23/2024,12/16/2024,General Ward,$181.30 ,$10.00 
12/16/2024,4246,1,2,4,5,3,Outpatient,$640.00 ,$100.00 ,1/4/2025,6,Physician Referral,No,Pending,,,N/A,$518.00 , $-   
12/16/2024,2638,1,5,1,1,1,Outpatient,$735.00 ,$119.00 ,,5,Physician Referral,No,Pending,12/17/2024,12/16/2024,General Ward,$604.80 ,$10.00 
12/16/2024,1672,1,1,3,4,1,Outpatient,$140.00 ,$102.00 ,12/30/2024,5,Physician Referral,No,Paid,,,N/A,$169.40 , $-   
12/16/2024,935,1,2,3,5,1,Inpatient,$979.00 ,$135.00 ,12/30/2024,8,Self-Referral,No,Paid,,,N/A,$779.80 , $-   
12/17/2024,4441,1,3,1,3,3,Inpatient,$686.00 ,$144.00 ,1/1/2025,5,Physician Referral,No,Pending,,,N/A,$581.00 , $-   
12/17/2024,84,1,5,4,4,1,Outpatient,$370.00 ,$21.00 ,,6,Physician Referral,No,Pending,12/18/2024,12/17/2024,Semi-Private Room,$294.70 ,$30.00 
12/17/2024,2038,1,2,1,5,2,Inpatient,$886.00 ,$81.00 ,,3,Self-Referral,No,Pending,12/19/2024,12/17/2024,Private Room,$711.90 ,$50.00 
12/17/2024,1933,1,5,1,3,3,Emergency,$568.00 ,$39.00 ,12/30/2024,5,Self-Referral,No,Paid,,,N/A,$424.90 , $-   
12/17/2024,3271,1,3,1,2,1,Inpatient,$616.00 ,$109.00 ,1/14/2025,9,Emergency,No,Pending,,,N/A,$507.50 , $-   
12/17/2024,297,1,5,4,3,3,Inpatient,$89.00 ,$199.00 ,,3,Physician Referral,No,Paid,12/18/2024,12/17/2024,Private Room,$236.60 ,$50.00 
12/17/2024,4956,1,1,2,4,2,Inpatient,$843.00 ,$172.00 ,,8,Emergency,No,Paid,12/20/2024,12/17/2024,Private Room,$745.50 ,$50.00 
12/17/2024,3460,1,2,4,5,2,Emergency,$530.00 ,$81.00 ,,7,Emergency,No,Paid,12/23/2024,12/17/2024,General Ward,$434.70 ,$10.00 
12/17/2024,136,1,2,1,5,2,Emergency,$630.00 ,$36.00 ,1/1/2025,4,Physician Referral,No,Pending,,,N/A,$466.20 , $-   
12/17/2024,1117,1,2,5,5,1,Emergency,$91.00 ,$58.00 ,,5,Emergency,No,Paid,12/23/2024,12/17/2024,General Ward,$111.30 ,$10.00 
12/18/2024,316,1,5,5,5,1,Inpatient,$826.00 ,$29.00 ,,8,Self-Referral,No,Pending,12/19/2024,12/18/2024,Private Room,$633.50 ,$50.00 
12/18/2024,2597,1,3,3,1,3,Emergency,$598.00 ,$172.00 ,,10,Self-Referral,No,Paid,12/24/2024,12/18/2024,Private Room,$574.00 ,$50.00 
12/18/2024,2693,1,5,2,3,1,Emergency,$399.00 ,$129.00 ,,7,Physician Referral,No,Pending,12/23/2024,12/18/2024,General Ward,$376.60 ,$10.00 
12/18/2024,4178,1,5,3,3,3,Inpatient,$379.00 ,$47.00 ,,10,Emergency,No,Pending,12/25/2024,12/18/2024,Private Room,$333.20 ,$50.00 
12/18/2024,4771,1,2,3,5,1,Outpatient,$740.00 ,$80.00 ,,10,Physician Referral,No,Paid,12/24/2024,12/18/2024,General Ward,$581.00 ,$10.00 
12/18/2024,3715,1,3,5,5,2,Inpatient,$231.00 ,$77.00 ,,2,Self-Referral,No,Pending,12/25/2024,12/18/2024,Semi-Private Room,$236.60 ,$30.00 
12/18/2024,4660,1,4,4,5,1,Inpatient,$790.00 ,$63.00 ,1/4/2025,8,Physician Referral,No,Paid,,,N/A,$597.10 , $-   
12/18/2024,523,1,3,3,1,1,Inpatient,$722.00 ,$102.00 ,,8,Self-Referral,No,Paid,12/20/2024,12/18/2024,General Ward,$583.80 ,$10.00 
12/18/2024,1649,1,5,3,1,1,Outpatient,$715.00 ,$170.00 ,12/26/2024,9,Self-Referral,No,Paid,,,N/A,$619.50 , $-   
12/18/2024,1253,1,1,2,2,2,Inpatient,$401.00 ,$144.00 ,1/11/2025,2,Self-Referral,No,Paid,,,N/A,$381.50 , $-   
12/19/2024,2904,1,3,5,3,3,Inpatient,$544.00 ,$164.00 ,,4,Emergency,No,Paid,12/20/2024,12/19/2024,Semi-Private Room,$516.60 ,$30.00 
12/19/2024,251,1,2,4,5,1,Outpatient,$321.00 ,$98.00 ,1/16/2025,2,Emergency,No,Paid,,,N/A,$293.30 , $-   
12/19/2024,3974,1,1,2,4,2,Inpatient,$153.00 ,$104.00 ,12/28/2024,4,Emergency,No,Paid,,,N/A,$179.90 , $-   
12/19/2024,3363,1,4,4,5,1,Inpatient,$666.00 ,$57.00 ,,3,Emergency,No,Pending,12/26/2024,12/19/2024,General Ward,$513.10 ,$10.00 
12/19/2024,3391,1,4,4,5,1,Inpatient,$183.00 ,$49.00 ,1/12/2025,7,Self-Referral,No,Paid,,,N/A,$162.40 , $-   
12/19/2024,4045,1,1,3,5,2,Outpatient,$625.00 ,$166.00 ,,5,Self-Referral,No,Paid,12/28/2024,12/19/2024,Semi-Private Room,$574.70 ,$30.00 
12/19/2024,4407,1,4,2,5,1,Inpatient,$630.00 ,$51.00 ,,7,Self-Referral,No,Pending,12/21/2024,12/19/2024,General Ward,$483.70 ,$10.00 
12/19/2024,503,1,1,3,3,1,Outpatient,$408.00 ,$39.00 ,,2,Emergency,No,Pending,12/26/2024,12/19/2024,General Ward,$319.90 ,$10.00 
12/19/2024,4335,1,5,1,5,1,Outpatient,$563.00 ,$121.00 ,,4,Physician Referral,No,Paid,12/22/2024,12/19/2024,Semi-Private Room,$499.80 ,$30.00 
12/19/2024,3561,1,1,4,2,1,Emergency,$495.00 ,$83.00 ,,6,Physician Referral,No,Paid,12/25/2024,12/19/2024,Semi-Private Room,$425.60 ,$30.00 
12/20/2024,2355,1,5,2,2,1,Inpatient,$582.00 ,$55.00 ,,5,Emergency,No,Paid,12/23/2024,12/20/2024,General Ward,$452.90 ,$10.00 
12/20/2024,2587,1,2,5,5,2,Inpatient,$772.00 ,$190.00 ,,2,Emergency,No,Pending,12/25/2024,12/20/2024,Semi-Private Room,$694.40 ,$30.00 
12/20/2024,1254,1,2,3,5,2,Emergency,$908.00 ,$45.00 ,1/11/2025,7,Emergency,No,Paid,,,N/A,$667.10 , $-   
12/20/2024,4202,1,4,1,5,1,Emergency,$140.00 ,$26.00 ,,2,Emergency,No,Pending,12/22/2024,12/20/2024,Private Room,$151.20 ,$50.00 
12/20/2024,2983,1,1,1,2,1,Inpatient,$734.00 ,$53.00 ,1/3/2025,9,Self-Referral,No,Paid,,,N/A,$550.90 , $-   
12/20/2024,4466,1,5,1,4,3,Inpatient,$873.00 ,$183.00 ,,7,Emergency,No,Paid,12/28/2024,12/20/2024,General Ward,$746.20 ,$10.00 
12/20/2024,2261,1,2,3,5,2,Emergency,$819.00 ,$153.00 ,,3,Self-Referral,No,Pending,12/28/2024,12/20/2024,Private Room,$715.40 ,$50.00 
12/20/2024,265,1,2,5,5,1,Inpatient,$878.00 ,$184.00 ,,6,Emergency,No,Paid,12/27/2024,12/20/2024,Private Room,$778.40 ,$50.00 
12/20/2024,2423,1,2,2,5,3,Inpatient,$147.00 ,$81.00 ,1/18/2025,5,Self-Referral,No,Paid,,,N/A,$159.60 , $-   
12/20/2024,2347,1,4,4,5,2,Inpatient,$933.00 ,$105.00 ,1/3/2025,9,Self-Referral,No,Paid,,,N/A,$726.60 , $-   
12/21/2024,3828,1,2,5,5,3,Emergency,$489.00 ,$92.00 ,1/2/2025,3,Self-Referral,No,Pending,,,N/A,$406.70 , $-   
12/21/2024,3862,1,3,3,2,3,Emergency,$520.00 ,$147.00 ,12/29/2024,2,Emergency,No,Paid,,,N/A,$466.90 , $-   
12/21/2024,1886,1,4,2,5,1,Outpatient,$648.00 ,$79.00 ,1/12/2025,2,Self-Referral,No,Paid,,,N/A,$508.90 , $-   
12/21/2024,4219,1,1,4,4,1,Outpatient,$152.00 ,$83.00 ,1/17/2025,4,Emergency,No,Pending,,,N/A,$164.50 , $-   
12/21/2024,3660,1,3,2,4,2,Inpatient,$667.00 ,$197.00 ,,1,Self-Referral,No,Pending,12/27/2024,12/21/2024,General Ward,$611.80 ,$10.00 
12/21/2024,1945,1,4,4,5,3,Inpatient,$767.00 ,$71.00 ,,9,Self-Referral,No,Paid,12/22/2024,12/21/2024,General Ward,$593.60 ,$10.00 
12/21/2024,2496,1,4,4,5,3,Outpatient,$691.00 ,$164.00 ,1/5/2025,3,Emergency,No,Paid,,,N/A,$598.50 , $-   
12/21/2024,4394,1,5,1,1,1,Outpatient,$689.00 ,$79.00 ,1/15/2025,5,Physician Referral,No,Pending,,,N/A,$537.60 , $-   
12/21/2024,1869,1,3,3,2,2,Outpatient,$994.00 ,$96.00 ,1/17/2025,2,Emergency,No,Paid,,,N/A,$763.00 , $-   
12/21/2024,2312,1,3,5,2,1,Inpatient,$918.00 ,$138.00 ,1/11/2025,8,Physician Referral,No,Paid,,,N/A,$739.20 , $-   
12/22/2024,564,1,3,1,2,2,Inpatient,$591.00 ,$157.00 ,12/30/2024,3,Emergency,No,Pending,,,N/A,$523.60 , $-   
12/22/2024,2341,1,2,1,5,3,Outpatient,$954.00 ,$144.00 ,,5,Self-Referral,No,Paid,12/30/2024,12/22/2024,Semi-Private Room,$789.60 ,$30.00 
12/22/2024,2039,1,2,2,5,2,Emergency,$575.00 ,$172.00 ,,7,Emergency,No,Paid,12/23/2024,12/22/2024,Semi-Private Room,$543.90 ,$30.00 
12/22/2024,3619,1,1,4,3,3,Outpatient,$547.00 ,$37.00 ,,2,Physician Referral,No,Pending,12/30/2024,12/22/2024,Semi-Private Room,$429.80 ,$30.00 
12/22/2024,2650,1,1,4,1,2,Emergency,$130.00 ,$83.00 ,,3,Self-Referral,No,Paid,12/24/2024,12/22/2024,General Ward,$156.10 ,$10.00 
12/22/2024,2771,1,1,2,5,1,Emergency,$507.00 ,$98.00 ,,8,Emergency,No,Paid,12/30/2024,12/22/2024,Semi-Private Room,$444.50 ,$30.00 
12/22/2024,909,1,2,3,5,1,Inpatient,$443.00 ,$78.00 ,,10,Emergency,No,Paid,12/26/2024,12/22/2024,Semi-Private Room,$385.70 ,$30.00 
12/22/2024,29,1,5,4,5,1,Emergency,$513.00 ,$174.00 ,,8,Self-Referral,No,Pending,12/29/2024,12/22/2024,Private Room,$515.90 ,$50.00 
12/22/2024,3084,1,1,1,4,2,Emergency,$829.00 ,$77.00 ,,3,Physician Referral,No,Paid,12/27/2024,12/22/2024,Semi-Private Room,$655.20 ,$30.00 
12/22/2024,4099,1,4,1,5,3,Outpatient,$813.00 ,$80.00 ,1/12/2025,10,Emergency,No,Pending,,,N/A,$625.10 , $-   
12/23/2024,3665,1,2,4,5,1,Outpatient,$948.00 ,$137.00 ,1/20/2025,7,Physician Referral,No,Pending,,,N/A,$759.50 , $-   
12/23/2024,1113,1,5,4,4,2,Emergency,$534.00 ,$98.00 ,,2,Emergency,No,Paid,12/31/2024,12/23/2024,General Ward,$449.40 ,$10.00 
12/23/2024,929,1,4,3,5,2,Outpatient,$822.00 ,$90.00 ,,9,Emergency,No,Pending,12/29/2024,12/23/2024,Semi-Private Room,$659.40 ,$30.00 
12/23/2024,1398,1,4,4,5,1,Outpatient,$319.00 ,$190.00 ,,8,Emergency,No,Paid,12/28/2024,12/23/2024,Semi-Private Room,$377.30 ,$30.00 
12/23/2024,4458,1,2,3,5,1,Outpatient,$151.00 ,$107.00 ,1/9/2025,9,Physician Referral,No,Paid,,,N/A,$180.60 , $-   
12/23/2024,1015,1,3,1,2,1,Outpatient,$867.00 ,$106.00 ,1/18/2025,9,Self-Referral,No,Paid,,,N/A,$681.10 , $-   
12/23/2024,373,1,5,3,2,1,Emergency,$63.00 ,$158.00 ,,7,Emergency,No,Pending,12/24/2024,12/23/2024,Private Room,$189.70 ,$50.00 
12/23/2024,3676,1,2,4,5,2,Emergency,$729.00 ,$107.00 ,1/10/2025,4,Self-Referral,No,Paid,,,N/A,$585.20 , $-   
12/23/2024,1860,1,3,5,5,3,Emergency,$430.00 ,$152.00 ,,5,Emergency,No,Paid,12/26/2024,12/23/2024,Private Room,$442.40 ,$50.00 
12/23/2024,472,1,2,4,5,3,Emergency,$781.00 ,$58.00 ,,7,Emergency,No,Paid,1/1/2025,12/23/2024,Semi-Private Room,$608.30 ,$30.00 
12/24/2024,1031,1,2,5,5,2,Emergency,$844.00 ,$195.00 ,,5,Physician Referral,No,Pending,1/2/2025,12/24/2024,General Ward,$734.30 ,$10.00 
12/24/2024,855,1,4,1,5,3,Inpatient,$666.00 ,$99.00 ,,10,Self-Referral,No,Pending,12/29/2024,12/24/2024,Semi-Private Room,$556.50 ,$30.00 
12/24/2024,2568,1,2,2,5,2,Outpatient,$935.00 ,$39.00 ,,8,Self-Referral,No,Paid,12/27/2024,12/24/2024,Semi-Private Room,$702.80 ,$30.00 
12/24/2024,4248,1,3,1,2,2,Inpatient,$981.00 ,$100.00 ,1/14/2025,5,Physician Referral,No,Paid,,,N/A,$756.70 , $-   
12/24/2024,4882,1,4,1,5,2,Emergency,$86.00 ,$38.00 ,,5,Self-Referral,No,Paid,12/30/2024,12/24/2024,Semi-Private Room,$107.80 ,$30.00 
12/24/2024,4684,1,3,1,1,3,Outpatient,$977.00 ,$173.00 ,,5,Emergency,No,Paid,12/29/2024,12/24/2024,Private Room,$840.00 ,$50.00 
12/24/2024,2112,1,3,3,5,2,Emergency,$52.00 ,$172.00 ,,4,Emergency,No,Pending,12/25/2024,12/24/2024,Private Room,$191.80 ,$50.00 
12/24/2024,1196,1,4,1,5,2,Inpatient,$872.00 ,$162.00 ,,7,Self-Referral,No,Pending,12/26/2024,12/24/2024,General Ward,$730.80 ,$10.00 
12/24/2024,4567,1,3,2,1,1,Emergency,$383.00 ,$168.00 ,1/15/2025,2,Self-Referral,No,Pending,,,N/A,$385.70 , $-   
12/24/2024,100,1,1,4,2,1,Outpatient,$468.00 ,$194.00 ,,10,Self-Referral,No,Pending,12/29/2024,12/24/2024,General Ward,$470.40 ,$10.00 
12/25/2024,4705,1,2,5,5,3,Emergency,$586.00 ,$182.00 ,,4,Physician Referral,No,Pending,1/3/2025,12/25/2024,General Ward,$544.60 ,$10.00 
12/25/2024,3981,1,4,1,5,1,Emergency,$427.00 ,$191.00 ,1/6/2025,3,Self-Referral,No,Pending,,,N/A,$432.60 , $-   
12/25/2024,2940,1,4,5,5,1,Outpatient,$949.00 ,$153.00 ,,10,Self-Referral,No,Pending,12/29/2024,12/25/2024,Private Room,$806.40 ,$50.00 
12/25/2024,494,1,1,1,3,1,Inpatient,$602.00 ,$135.00 ,,8,Emergency,No,Paid,1/3/2025,12/25/2024,General Ward,$522.90 ,$10.00 
12/25/2024,1978,1,1,3,5,2,Inpatient,$745.00 ,$120.00 ,,7,Physician Referral,No,Paid,12/28/2024,12/25/2024,Semi-Private Room,$626.50 ,$30.00 
12/25/2024,1160,1,1,5,1,1,Outpatient,$752.00 ,$170.00 ,,3,Self-Referral,No,Paid,12/26/2024,12/25/2024,General Ward,$652.40 ,$10.00 
12/25/2024,3111,1,1,1,3,3,Outpatient,$394.00 ,$58.00 ,1/3/2025,4,Self-Referral,No,Paid,,,N/A,$316.40 , $-   
12/25/2024,4924,1,5,1,2,2,Inpatient,$497.00 ,$165.00 ,,4,Physician Referral,No,Paid,12/31/2024,12/25/2024,Private Room,$498.40 ,$50.00 
12/25/2024,3100,1,4,2,5,3,Outpatient,$712.00 ,$187.00 ,,10,Emergency,No,Paid,1/1/2025,12/25/2024,Semi-Private Room,$650.30 ,$30.00 
12/25/2024,2406,1,3,2,5,3,Inpatient,$708.00 ,$55.00 ,1/6/2025,7,Physician Referral,No,Pending,,,N/A,$534.10 , $-   
12/26/2024,1650,1,4,2,5,3,Emergency,$503.00 ,$175.00 ,,8,Emergency,No,Paid,12/30/2024,12/26/2024,Private Room,$509.60 ,$50.00 
12/26/2024,343,1,4,3,5,3,Inpatient,$108.00 ,$102.00 ,,4,Self-Referral,No,Pending,12/31/2024,12/26/2024,Private Room,$182.00 ,$50.00 
12/26/2024,914,1,4,5,5,3,Outpatient,$654.00 ,$113.00 ,1/24/2025,8,Self-Referral,No,Paid,,,N/A,$536.90 , $-   
12/26/2024,2326,1,1,3,1,1,Emergency,$902.00 ,$185.00 ,,1,Physician Referral,No,Pending,12/30/2024,12/26/2024,Private Room,$795.90 ,$50.00 
12/26/2024,2407,1,1,4,3,1,Outpatient,$355.00 ,$191.00 ,1/4/2025,9,Self-Referral,No,Pending,,,N/A,$382.20 , $-   
12/26/2024,3946,1,5,1,5,3,Inpatient,$494.00 ,$21.00 ,,7,Physician Referral,No,Paid,12/29/2024,12/26/2024,General Ward,$367.50 ,$10.00 
12/26/2024,3426,1,4,1,5,3,Emergency,$995.00 ,$92.00 ,1/22/2025,4,Physician Referral,No,Paid,,,N/A,$760.90 , $-   
12/26/2024,1572,1,2,1,5,1,Inpatient,$115.00 ,$54.00 ,,8,Physician Referral,No,Paid,12/27/2024,12/26/2024,Semi-Private Room,$139.30 ,$30.00 
12/26/2024,4860,1,5,2,3,3,Emergency,$146.00 ,$148.00 ,,10,Self-Referral,No,Paid,1/1/2025,12/26/2024,Private Room,$240.80 ,$50.00 
12/26/2024,3095,1,1,1,5,1,Outpatient,$992.00 ,$193.00 ,1/14/2025,2,Emergency,No,Paid,,,N/A,$829.50 , $-   
12/27/2024,4415,1,4,2,5,3,Inpatient,$239.00 ,$82.00 ,,8,Self-Referral,No,Pending,1/1/2025,12/27/2024,General Ward,$231.70 ,$10.00 
12/27/2024,1893,1,1,4,5,3,Emergency,$249.00 ,$114.00 ,1/14/2025,10,Emergency,No,Paid,,,N/A,$254.10 , $-   
12/27/2024,3537,1,3,3,5,2,Emergency,$471.00 ,$64.00 ,1/10/2025,6,Emergency,No,Pending,,,N/A,$374.50 , $-   
12/27/2024,417,1,1,3,3,3,Emergency,$534.00 ,$144.00 ,1/4/2025,7,Emergency,No,Pending,,,N/A,$474.60 , $-   
12/27/2024,837,1,1,3,4,2,Inpatient,$991.00 ,$56.00 ,1/9/2025,7,Self-Referral,No,Pending,,,N/A,$732.90 , $-   
12/27/2024,1756,1,5,2,1,3,Outpatient,$594.00 ,$26.00 ,,2,Emergency,No,Paid,12/28/2024,12/27/2024,Private Room,$469.00 ,$50.00 
12/27/2024,899,1,3,5,1,2,Outpatient,$660.00 ,$129.00 ,1/19/2025,2,Self-Referral,No,Paid,,,N/A,$552.30 , $-   
12/27/2024,284,1,2,5,5,1,Emergency,$872.00 ,$163.00 ,,4,Self-Referral,No,Paid,1/1/2025,12/27/2024,Private Room,$759.50 ,$50.00 
12/27/2024,1249,1,2,4,5,3,Outpatient,$535.00 ,$197.00 ,,6,Physician Referral,No,Paid,1/2/2025,12/27/2024,Semi-Private Room,$533.40 ,$30.00 
12/27/2024,3901,1,2,5,5,1,Inpatient,$842.00 ,$161.00 ,1/9/2025,4,Self-Referral,No,Paid,,,N/A,$702.10 , $-   
12/28/2024,2557,1,4,4,5,2,Outpatient,$319.00 ,$153.00 ,1/4/2025,6,Self-Referral,No,Paid,,,N/A,$330.40 , $-   
12/28/2024,3726,1,2,1,5,2,Outpatient,$131.00 ,$168.00 ,,5,Self-Referral,No,Pending,1/2/2025,12/28/2024,General Ward,$216.30 ,$10.00 
12/28/2024,1151,1,4,3,5,2,Inpatient,$305.00 ,$157.00 ,1/7/2025,6,Self-Referral,No,Paid,,,N/A,$323.40 , $-   
12/28/2024,812,1,1,2,5,2,Inpatient,$444.00 ,$51.00 ,,9,Emergency,No,Pending,12/29/2024,12/28/2024,Private Room,$381.50 ,$50.00 
12/28/2024,3285,1,2,4,5,1,Outpatient,$135.00 ,$153.00 ,1/18/2025,6,Emergency,No,Pending,,,N/A,$201.60 , $-   
12/28/2024,31,1,5,2,1,2,Outpatient,$249.00 ,$21.00 ,,6,Self-Referral,No,Paid,1/2/2025,12/28/2024,Private Room,$224.00 ,$50.00 
12/28/2024,1699,1,3,2,1,3,Outpatient,$364.00 ,$58.00 ,,8,Self-Referral,No,Paid,12/29/2024,12/28/2024,Semi-Private Room,$316.40 ,$30.00 
12/28/2024,2440,1,3,3,5,2,Emergency,$435.00 ,$68.00 ,1/7/2025,5,Physician Referral,No,Paid,,,N/A,$352.10 , $-   
12/28/2024,1498,1,1,1,5,1,Inpatient,$275.00 ,$46.00 ,,5,Emergency,No,Paid,12/31/2024,12/28/2024,General Ward,$231.70 ,$10.00 
12/28/2024,2545,1,3,1,4,1,Emergency,$776.00 ,$75.00 ,,10,Self-Referral,No,Paid,12/30/2024,12/28/2024,Private Room,$630.70 ,$50.00 
12/29/2024,1675,1,3,5,5,3,Emergency,$519.00 ,$33.00 ,1/16/2025,1,Physician Referral,No,Paid,,,N/A,$386.40 , $-   
12/29/2024,804,1,1,1,2,1,Emergency,$124.00 ,$170.00 ,1/20/2025,6,Physician Referral,No,Pending,,,N/A,$205.80 , $-   
12/29/2024,4823,1,1,3,2,2,Emergency,$251.00 ,$122.00 ,1/25/2025,1,Self-Referral,No,Pending,,,N/A,$261.10 , $-   
12/29/2024,3067,1,1,2,1,3,Outpatient,$743.00 ,$137.00 ,1/22/2025,8,Physician Referral,No,Pending,,,N/A,$616.00 , $-   
12/29/2024,2787,1,5,4,5,3,Inpatient,$775.00 ,$141.00 ,1/18/2025,10,Physician Referral,No,Pending,,,N/A,$641.20 , $-   
12/29/2024,3499,1,1,4,2,1,Outpatient,$294.00 ,$124.00 ,,9,Physician Referral,No,Pending,12/30/2024,12/29/2024,Semi-Private Room,$313.60 ,$30.00 
12/29/2024,288,1,1,1,2,3,Inpatient,$505.00 ,$198.00 ,,6,Emergency,No,Pending,1/2/2025,12/29/2024,Semi-Private Room,$513.10 ,$30.00 
12/29/2024,1963,1,1,5,4,2,Emergency,$396.00 ,$44.00 ,1/18/2025,9,Physician Referral,No,Paid,,,N/A,$308.00 , $-   
12/29/2024,4562,1,2,4,5,2,Inpatient,$868.00 ,$72.00 ,,2,Physician Referral,No,Paid,12/31/2024,12/29/2024,Semi-Private Room,$679.00 ,$30.00 
12/29/2024,2190,1,2,5,5,1,Inpatient,$77.00 ,$30.00 ,,9,Self-Referral,No,Paid,1/3/2025,12/29/2024,Private Room,$109.90 ,$50.00 
12/30/2024,4884,1,5,4,3,2,Inpatient,$691.00 ,$182.00 ,,4,Self-Referral,No,Pending,12/31/2024,12/30/2024,General Ward,$618.10 ,$10.00 
12/30/2024,2005,1,5,5,4,2,Inpatient,$317.00 ,$56.00 ,,3,Emergency,No,Pending,12/31/2024,12/30/2024,Private Room,$296.10 ,$50.00 
12/30/2024,448,1,3,5,3,1,Outpatient,$524.00 ,$28.00 ,,1,Self-Referral,No,Pending,1/3/2025,12/30/2024,Private Room,$421.40 ,$50.00 
12/30/2024,4211,1,2,2,5,2,Emergency,$265.00 ,$47.00 ,1/16/2025,1,Emergency,No,Paid,,,N/A,$218.40 , $-   
12/30/2024,2571,1,5,3,5,1,Outpatient,$768.00 ,$74.00 ,1/21/2025,8,Physician Referral,No,Paid,,,N/A,$589.40 , $-   
12/30/2024,3511,1,5,4,3,1,Emergency,$941.00 ,$193.00 ,,2,Physician Referral,No,Paid,1/6/2025,12/30/2024,Private Room,$828.80 ,$50.00 
12/30/2024,3009,1,3,1,3,1,Outpatient,$659.00 ,$146.00 ,,1,Physician Referral,No,Pending,1/1/2025,12/30/2024,General Ward,$570.50 ,$10.00 
12/30/2024,4699,1,1,3,4,3,Outpatient,$729.00 ,$89.00 ,1/20/2025,2,Self-Referral,No,Pending,,,N/A,$572.60 , $-   
12/30/2024,4100,1,4,2,5,2,Outpatient,$155.00 ,$46.00 ,1/27/2025,3,Emergency,No,Pending,,,N/A,$140.70 , $-   
12/30/2024,3587,1,3,2,5,2,Inpatient,$683.00 ,$29.00 ,1/11/2025,4,Self-Referral,No,Paid,,,N/A,$498.40 , $-   
12/31/2024,3996,1,4,2,5,2,Inpatient,$840.00 ,$170.00 ,1/19/2025,9,Self-Referral,No,Pending,,,N/A,$707.00 , $-   
12/31/2024,4537,1,3,1,4,1,Inpatient,$196.00 ,$168.00 ,,7,Emergency,No,Paid,1/2/2025,12/31/2024,Private Room,$289.80 ,$50.00 
12/31/2024,3889,1,3,4,4,1,Inpatient,$784.00 ,$192.00 ,1/23/2025,5,Emergency,No,Paid,,,N/A,$683.20 , $-   
12/31/2024,4422,1,1,4,4,2,Outpatient,$570.00 ,$145.00 ,1/10/2025,5,Emergency,No,Paid,,,N/A,$500.50 , $-   
12/31/2024,1543,1,5,5,4,2,Outpatient,$320.00 ,$22.00 ,,6,Physician Referral,No,Paid,1/1/2025,12/31/2024,General Ward,$246.40 ,$10.00 
12/31/2024,4765,1,2,5,5,2,Emergency,$470.00 ,$62.00 ,1/18/2025,1,Self-Referral,No,Paid,,,N/A,$372.40 , $-   
12/31/2024,4282,1,3,5,3,2,Inpatient,$200.00 ,$118.00 ,1/24/2025,6,Self-Referral,No,Paid,,,N/A,$222.60 , $-   
12/31/2024,2854,1,1,1,3,3,Inpatient,$611.00 ,$26.00 ,1/14/2025,6,Physician Referral,No,Paid,,,N/A,$445.90 , $-   
12/31/2024,1707,1,4,3,5,1,Inpatient,$736.00 ,$174.00 ,1/18/2025,5,Emergency,No,Pending,,,N/A,$637.00 , $-   
12/31/2024,954,1,5,4,5,3,Inpatient,$307.00 ,$61.00 ,1/10/2025,10,Self-Referral,No,Paid,,,N/A,$257.60 , $-   
1/1/2025,3673,1,3,5,5,2,Inpatient,$128.00 ,$116.00 ,,9,Physician Referral,No,Pending,1/6/2025,1/1/2025,Private Room,$205.80 ,$50.00 
1/1/2025,4742,1,4,1,5,1,Inpatient,$422.00 ,$23.00 ,,10,Self-Referral,No,Paid,1/7/2025,1/1/2025,Private Room,$346.50 ,$50.00 
1/1/2025,4617,1,3,1,5,3,Outpatient,$787.00 ,$155.00 ,,10,Self-Referral,No,Paid,1/7/2025,1/1/2025,Semi-Private Room,$680.40 ,$30.00 
1/1/2025,2632,1,2,5,5,3,Inpatient,$76.00 ,$103.00 ,,5,Self-Referral,No,Paid,1/3/2025,1/1/2025,Private Room,$160.30 ,$50.00 
1/1/2025,1654,1,2,2,5,1,Inpatient,$102.00 ,$164.00 ,,9,Emergency,No,Pending,1/8/2025,1/1/2025,General Ward,$193.20 ,$10.00 
1/1/2025,3398,1,5,2,3,3,Outpatient,$495.00 ,$24.00 ,1/15/2025,10,Emergency,No,Paid,,,N/A,$363.30 , $-   
1/1/2025,3266,1,4,2,5,2,Emergency,$181.00 ,$132.00 ,1/9/2025,7,Self-Referral,No,Paid,,,N/A,$219.10 , $-   
1/1/2025,2044,1,2,5,5,3,Outpatient,$761.00 ,$156.00 ,1/11/2025,3,Emergency,No,Pending,,,N/A,$641.90 , $-   
1/1/2025,1705,1,1,1,2,3,Inpatient,$902.00 ,$155.00 ,1/19/2025,9,Physician Referral,No,Pending,,,N/A,$739.90 , $-   
1/1/2025,2710,1,5,1,1,2,Outpatient,$167.00 ,$26.00 ,1/28/2025,10,Physician Referral,No,Pending,,,N/A,$135.10 , $-   
1/2/2025,308,1,3,4,4,2,Inpatient,$708.00 ,$56.00 ,1/30/2025,7,Self-Referral,No,Pending,,,N/A,$534.80 , $-   
1/2/2025,1520,1,4,2,5,3,Outpatient,$994.00 ,$74.00 ,1/18/2025,4,Physician Referral,No,Paid,,,N/A,$747.60 , $-   
1/2/2025,1652,1,4,5,5,2,Emergency,$282.00 ,$86.00 ,1/23/2025,9,Emergency,No,Paid,,,N/A,$257.60 , $-   
1/2/2025,2233,1,1,4,4,1,Inpatient,$428.00 ,$155.00 ,1/17/2025,6,Emergency,No,Pending,,,N/A,$408.10 , $-   
1/2/2025,3766,1,2,1,5,1,Outpatient,$734.00 ,$88.00 ,1/17/2025,9,Physician Referral,No,Paid,,,N/A,$575.40 , $-   
1/2/2025,4380,1,4,4,5,2,Outpatient,$221.00 ,$24.00 ,1/15/2025,4,Self-Referral,No,Pending,,,N/A,$171.50 , $-   
1/2/2025,2648,1,1,2,4,2,Outpatient,$262.00 ,$36.00 ,1/10/2025,10,Physician Referral,No,Pending,,,N/A,$208.60 , $-   
1/2/2025,3169,1,1,3,3,1,Inpatient,$341.00 ,$130.00 ,1/15/2025,2,Emergency,No,Pending,,,N/A,$329.70 , $-   
1/2/2025,4428,1,3,2,3,1,Outpatient,$841.00 ,$77.00 ,,9,Self-Referral,No,Paid,1/8/2025,1/2/2025,General Ward,$649.60 ,$10.00 
1/2/2025,4802,1,1,2,1,3,Inpatient,$831.00 ,$174.00 ,1/17/2025,10,Emergency,No,Pending,,,N/A,$703.50 , $-   
1/3/2025,2687,1,5,5,4,3,Inpatient,$226.00 ,$123.00 ,,4,Self-Referral,No,Paid,1/11/2025,1/3/2025,Semi-Private Room,$265.30 ,$30.00 
1/3/2025,3190,1,4,3,5,3,Emergency,$817.00 ,$132.00 ,1/27/2025,2,Self-Referral,No,Paid,,,N/A,$664.30 , $-   
1/3/2025,1444,1,5,3,3,3,Emergency,$512.00 ,$111.00 ,2/1/2025,7,Self-Referral,No,Paid,,,N/A,$436.10 , $-   
1/3/2025,1288,1,1,3,2,1,Outpatient,$681.00 ,$87.00 ,1/21/2025,7,Emergency,No,Pending,,,N/A,$537.60 , $-   
1/3/2025,2728,1,1,1,4,1,Inpatient,$832.00 ,$47.00 ,,5,Self-Referral,No,Paid,1/9/2025,1/3/2025,General Ward,$622.30 ,$10.00 
1/3/2025,4630,1,5,4,2,1,Outpatient,$328.00 ,$108.00 ,,5,Self-Referral,No,Pending,1/12/2025,1/3/2025,Semi-Private Room,$326.20 ,$30.00 
1/3/2025,526,1,3,1,4,2,Inpatient,$86.00 ,$197.00 ,1/16/2025,8,Physician Referral,No,Paid,,,N/A,$198.10 , $-   
1/3/2025,4190,1,1,3,3,1,Inpatient,$618.00 ,$125.00 ,1/28/2025,6,Physician Referral,No,Paid,,,N/A,$520.10 , $-   
1/3/2025,3883,1,5,5,4,2,Outpatient,$105.00 ,$86.00 ,1/31/2025,1,Emergency,No,Paid,,,N/A,$133.70 , $-   
1/3/2025,1138,1,5,2,3,2,Inpatient,$78.00 ,$141.00 ,1/25/2025,4,Self-Referral,No,Pending,,,N/A,$153.30 , $-   
1/4/2025,3349,1,4,2,5,2,Outpatient,$904.00 ,$178.00 ,,1,Physician Referral,No,Pending,1/6/2025,1/4/2025,Private Room,$792.40 ,$50.00 
1/4/2025,1968,1,3,1,3,3,Inpatient,$534.00 ,$120.00 ,,5,Emergency,No,Pending,1/11/2025,1/4/2025,General Ward,$464.80 ,$10.00 
1/4/2025,4321,1,2,1,5,2,Outpatient,$774.00 ,$31.00 ,1/18/2025,5,Self-Referral,No,Pending,,,N/A,$563.50 , $-   
1/4/2025,107,1,5,5,4,1,Outpatient,$367.00 ,$120.00 ,,4,Emergency,No,Paid,1/9/2025,1/4/2025,Private Room,$375.90 ,$50.00 
1/4/2025,2068,1,4,2,5,1,Emergency,$516.00 ,$23.00 ,,9,Self-Referral,No,Paid,1/5/2025,1/4/2025,General Ward,$384.30 ,$10.00 
1/4/2025,3717,1,2,1,5,1,Emergency,$999.00 ,$140.00 ,1/29/2025,8,Physician Referral,No,Pending,,,N/A,$797.30 , $-   
1/4/2025,538,1,4,4,5,1,Inpatient,$316.00 ,$61.00 ,1/16/2025,10,Self-Referral,No,Pending,,,N/A,$263.90 , $-   
1/4/2025,776,1,4,1,5,1,Outpatient,$496.00 ,$41.00 ,1/12/2025,3,Physician Referral,No,Pending,,,N/A,$375.90 , $-   
1/4/2025,2614,1,3,1,1,1,Outpatient,$371.00 ,$20.00 ,,5,Self-Referral,No,Pending,1/7/2025,1/4/2025,General Ward,$280.70 ,$10.00 
1/4/2025,4140,1,1,3,1,2,Outpatient,$796.00 ,$67.00 ,1/12/2025,6,Self-Referral,No,Paid,,,N/A,$604.10 , $-   
1/5/2025,2267,1,3,4,1,1,Outpatient,$753.00 ,$62.00 ,,5,Physician Referral,No,Pending,1/9/2025,1/5/2025,Semi-Private Room,$591.50 ,$30.00 
1/5/2025,980,1,2,4,5,2,Outpatient,$346.00 ,$121.00 ,1/19/2025,8,Physician Referral,No,Pending,,,N/A,$326.90 , $-   
1/5/2025,2799,1,3,5,2,3,Inpatient,$742.00 ,$167.00 ,1/21/2025,5,Physician Referral,No,Paid,,,N/A,$636.30 , $-   
1/5/2025,1471,1,1,3,3,1,Emergency,$127.00 ,$37.00 ,,8,Emergency,No,Pending,1/7/2025,1/5/2025,General Ward,$121.80 ,$10.00 
1/5/2025,3568,1,3,4,1,3,Outpatient,$200.00 ,$196.00 ,,10,Physician Referral,No,Paid,1/12/2025,1/5/2025,Private Room,$312.20 ,$50.00 
1/5/2025,3364,1,3,3,4,3,Outpatient,$263.00 ,$95.00 ,,10,Self-Referral,No,Pending,1/6/2025,1/5/2025,Semi-Private Room,$271.60 ,$30.00 
1/5/2025,561,1,3,3,1,3,Outpatient,$80.00 ,$164.00 ,,3,Emergency,No,Paid,1/8/2025,1/5/2025,Semi-Private Room,$191.80 ,$30.00 
1/5/2025,974,1,5,2,5,1,Inpatient,$321.00 ,$169.00 ,,5,Emergency,No,Pending,1/14/2025,1/5/2025,General Ward,$350.00 ,$10.00 
1/5/2025,3017,1,5,4,5,2,Emergency,$624.00 ,$101.00 ,,4,Emergency,No,Pending,1/7/2025,1/5/2025,Private Room,$542.50 ,$50.00 
1/5/2025,3666,1,3,2,2,3,Emergency,$903.00 ,$29.00 ,2/1/2025,6,Emergency,No,Pending,,,N/A,$652.40 , $-   
1/6/2025,3296,1,1,1,5,1,Outpatient,$246.00 ,$43.00 ,,3,Physician Referral,No,Pending,1/11/2025,1/6/2025,Private Room,$237.30 ,$50.00 
1/6/2025,1880,1,1,1,4,2,Inpatient,$884.00 ,$159.00 ,,10,Self-Referral,No,Pending,1/10/2025,1/6/2025,General Ward,$737.10 ,$10.00 
1/6/2025,492,1,1,2,1,3,Emergency,$696.00 ,$23.00 ,2/2/2025,4,Self-Referral,No,Paid,,,N/A,$503.30 , $-   
1/6/2025,890,1,1,1,5,1,Emergency,$739.00 ,$189.00 ,,4,Emergency,No,Pending,1/9/2025,1/6/2025,Private Room,$684.60 ,$50.00 
1/6/2025,219,1,4,2,5,2,Inpatient,$887.00 ,$145.00 ,,5,Emergency,No,Paid,1/11/2025,1/6/2025,General Ward,$729.40 ,$10.00 
1/6/2025,4065,1,3,5,2,2,Emergency,$370.00 ,$152.00 ,1/23/2025,6,Physician Referral,No,Paid,,,N/A,$365.40 , $-   
1/6/2025,2635,1,3,3,5,1,Inpatient,$929.00 ,$173.00 ,2/1/2025,2,Self-Referral,No,Paid,,,N/A,$771.40 , $-   
1/6/2025,2421,1,4,5,5,3,Emergency,$765.00 ,$99.00 ,2/1/2025,10,Physician Referral,No,Paid,,,N/A,$604.80 , $-   
1/6/2025,1228,1,1,4,3,1,Inpatient,$929.00 ,$24.00 ,,8,Emergency,No,Pending,1/12/2025,1/6/2025,Private Room,$702.10 ,$50.00 
1/6/2025,3048,1,2,5,5,3,Outpatient,$705.00 ,$173.00 ,1/15/2025,4,Emergency,No,Pending,,,N/A,$614.60 , $-   
1/7/2025,4316,1,2,5,5,1,Emergency,$611.00 ,$102.00 ,,7,Emergency,No,Pending,1/8/2025,1/7/2025,Semi-Private Room,$520.10 ,$30.00 
1/7/2025,2700,1,4,1,5,2,Emergency,$785.00 ,$25.00 ,1/29/2025,7,Self-Referral,No,Pending,,,N/A,$567.00 , $-   
1/7/2025,4383,1,2,2,5,2,Emergency,$204.00 ,$171.00 ,,10,Self-Referral,No,Paid,1/9/2025,1/7/2025,Semi-Private Room,$283.50 ,$30.00 
1/7/2025,706,1,5,2,2,2,Inpatient,$163.00 ,$26.00 ,1/16/2025,2,Emergency,No,Paid,,,N/A,$132.30 , $-   
1/7/2025,2120,1,3,2,4,2,Emergency,$213.00 ,$29.00 ,1/21/2025,7,Self-Referral,No,Paid,,,N/A,$169.40 , $-   
1/7/2025,1373,1,2,2,5,2,Emergency,$388.00 ,$186.00 ,2/1/2025,1,Emergency,No,Pending,,,N/A,$401.80 , $-   
1/7/2025,4191,1,5,2,5,1,Inpatient,$564.00 ,$97.00 ,,2,Self-Referral,No,Pending,1/8/2025,1/7/2025,Semi-Private Room,$483.70 ,$30.00 
1/7/2025,1287,1,3,2,3,1,Emergency,$335.00 ,$175.00 ,,5,Self-Referral,No,Pending,1/10/2025,1/7/2025,Private Room,$392.00 ,$50.00 
1/7/2025,452,1,5,2,2,1,Emergency,$652.00 ,$61.00 ,1/25/2025,8,Emergency,No,Pending,,,N/A,$499.10 , $-   
1/7/2025,3979,1,3,2,4,3,Inpatient,$93.00 ,$81.00 ,1/31/2025,7,Self-Referral,No,Paid,,,N/A,$121.80 , $-   
1/8/2025,1229,1,3,2,5,3,Inpatient,$337.00 ,$144.00 ,1/27/2025,3,Emergency,No,Pending,,,N/A,$336.70 , $-   
1/8/2025,2349,1,2,2,5,2,Inpatient,$544.00 ,$199.00 ,1/25/2025,10,Physician Referral,No,Pending,,,N/A,$520.10 , $-   
1/8/2025,2724,1,4,2,5,2,Emergency,$278.00 ,$41.00 ,,9,Self-Referral,No,Paid,1/16/2025,1/8/2025,Private Room,$258.30 ,$50.00 
1/8/2025,2892,1,2,2,5,2,Outpatient,$54.00 ,$76.00 ,1/27/2025,5,Physician Referral,No,Paid,,,N/A,$91.00 , $-   
1/8/2025,2620,1,1,2,1,3,Inpatient,$365.00 ,$115.00 ,2/4/2025,3,Emergency,No,Pending,,,N/A,$336.00 , $-   
1/8/2025,2277,1,5,2,1,3,Emergency,$458.00 ,$158.00 ,,7,Emergency,No,Pending,1/16/2025,1/8/2025,Semi-Private Room,$452.20 ,$30.00 
1/8/2025,4037,1,1,2,2,1,Outpatient,$692.00 ,$161.00 ,,4,Self-Referral,No,Paid,1/12/2025,1/8/2025,Private Room,$632.10 ,$50.00 
1/8/2025,2669,1,3,2,1,3,Outpatient,$779.00 ,$50.00 ,1/17/2025,1,Self-Referral,No,Pending,,,N/A,$580.30 , $-   
1/8/2025,2080,1,2,2,5,2,Inpatient,$890.00 ,$23.00 ,1/20/2025,5,Self-Referral,No,Paid,,,N/A,$639.10 , $-   
1/8/2025,741,1,1,2,3,1,Inpatient,$557.00 ,$128.00 ,,8,Emergency,No,Paid,1/14/2025,1/8/2025,Semi-Private Room,$500.50 ,$30.00 
1/9/2025,1832,1,1,2,1,3,Inpatient,$456.00 ,$169.00 ,,4,Self-Referral,No,Pending,1/18/2025,1/9/2025,Private Room,$472.50 ,$50.00 
1/9/2025,1001,1,1,2,5,1,Inpatient,$214.00 ,$137.00 ,2/7/2025,7,Physician Referral,No,Paid,,,N/A,$245.70 , $-   
1/9/2025,4900,1,3,2,1,3,Inpatient,$749.00 ,$112.00 ,,8,Self-Referral,No,Pending,1/16/2025,1/9/2025,General Ward,$609.70 ,$10.00 
1/9/2025,779,1,3,2,5,3,Emergency,$959.00 ,$118.00 ,,9,Emergency,No,Pending,1/11/2025,1/9/2025,Private Room,$788.90 ,$50.00 
1/9/2025,1575,1,3,2,1,3,Emergency,$130.00 ,$96.00 ,1/18/2025,9,Physician Referral,No,Pending,,,N/A,$158.20 , $-   
1/9/2025,1741,1,1,2,4,2,Inpatient,$91.00 ,$102.00 ,1/16/2025,5,Physician Referral,Yes,Pending,,,N/A,$135.10 , $-   
1/9/2025,2580,1,5,2,3,3,Emergency,$433.00 ,$134.00 ,,6,Self-Referral,No,Paid,1/11/2025,1/9/2025,General Ward,$403.90 ,$10.00 
1/9/2025,1602,1,2,2,5,2,Inpatient,$174.00 ,$80.00 ,1/29/2025,7,Emergency,No,Pending,,,N/A, $-   , $-   
1/9/2025,2992,1,2,2,5,1,Inpatient,$136.00 ,$119.00 ,2/7/2025,10,Emergency,No,Pending,,,N/A,$178.50 , $-   
1/9/2025,1909,1,3,2,2,3,Outpatient,$483.00 ,$153.00 ,2/4/2025,2,Self-Referral,Yes,Paid,,,N/A,$445.20 , $-   
1/10/2025,1794,1,1,2,4,2,Inpatient,$855.00 ,$98.00 ,1/23/2025,9,Emergency,No,Pending,,,N/A,$667.10 , $-   
1/10/2025,1825,1,5,2,5,2,Outpatient,$941.00 ,$25.00 ,1/25/2025,1,Self-Referral,No,Pending,,,N/A, $-   , $-   
1/10/2025,1685,1,4,2,5,1,Emergency,$222.00 ,$85.00 ,,6,Emergency,Yes,Pending,1/13/2025,1/10/2025,Semi-Private Room,$235.90 ,$30.00 
1/10/2025,3258,1,3,2,4,1,Inpatient,$649.00 ,$183.00 ,,6,Physician Referral,Yes,Pending,1/18/2025,1/10/2025,Semi-Private Room,$603.40 ,$30.00 
1/10/2025,3436,1,4,2,5,1,Outpatient,$273.00 ,$162.00 ,1/17/2025,7,Self-Referral,Yes,Paid,,,N/A,$304.50 , $-   
1/10/2025,821,1,2,2,5,3,Outpatient,$221.00 ,$95.00 ,1/26/2025,2,Emergency,Yes,Paid,,,N/A, $-   , $-   
1/10/2025,3605,1,2,2,5,3,Emergency,$296.00 ,$59.00 ,1/29/2025,6,Emergency,No,Pending,,,N/A,$248.50 , $-   
1/10/2025,278,1,5,2,2,1,Outpatient,$455.00 ,$188.00 ,,6,Self-Referral,Yes,Paid,1/19/2025,1/10/2025,Private Room,$485.10 ,$50.00 
1/10/2025,1853,1,5,2,5,3,Inpatient,$341.00 ,$26.00 ,,9,Physician Referral,No,Paid,1/13/2025,1/10/2025,Private Room,$291.90 ,$50.00 
1/10/2025,2225,1,4,2,5,2,Inpatient,$295.00 ,$41.00 ,,8,Emergency,Yes,Paid,1/19/2025,1/10/2025,General Ward, $-   ,$10.00 
1/11/2025,2752,1,2,2,5,2,Outpatient,$98.00 ,$91.00 ,,5,Self-Referral,Yes,Paid,1/19/2025,1/11/2025,Private Room,$167.30 ,$50.00 
1/11/2025,2753,1,5,2,2,3,Inpatient,$273.00 ,$125.00 ,1/29/2025,7,Physician Referral,No,Pending,,,N/A,$278.60 , $-   
1/11/2025,1026,1,5,2,1,3,Inpatient,$606.00 ,$158.00 ,1/21/2025,7,Emergency,Yes,Paid,,,N/A,$534.80 , $-   
1/11/2025,3230,1,2,2,5,2,Outpatient,$161.00 ,$149.00 ,,5,Emergency,Yes,Pending,1/16/2025,1/11/2025,Private Room, $-   ,$50.00 
1/11/2025,1540,1,2,2,5,2,Emergency,$812.00 ,$49.00 ,,7,Emergency,No,Pending,1/14/2025,1/11/2025,General Ward,$609.70 ,$10.00 
1/11/2025,4645,1,1,2,2,3,Emergency,$694.00 ,$87.00 ,1/24/2025,3,Self-Referral,No,Paid,,,N/A,$546.70 , $-   
1/11/2025,4756,1,5,2,3,3,Inpatient,$298.00 ,$108.00 ,1/27/2025,7,Self-Referral,Yes,Pending,,,N/A,$284.20 , $-   
1/11/2025,1378,1,4,2,5,1,Outpatient,$574.00 ,$168.00 ,2/8/2025,6,Self-Referral,Yes,Paid,,,N/A, $-   , $-   
1/11/2025,3489,1,3,2,1,1,Inpatient,$889.00 ,$172.00 ,1/24/2025,6,Physician Referral,Yes,Pending,,,N/A,$742.70 , $-   
1/11/2025,3707,1,3,2,1,3,Inpatient,$480.00 ,$92.00 ,2/1/2025,2,Emergency,No,Pending,,,N/A,$400.40 , $-   
1/12/2025,1044,1,2,2,5,2,Outpatient,$651.00 ,$91.00 ,,2,Emergency,No,Paid,1/19/2025,1/12/2025,General Ward, $-   ,$10.00 
1/12/2025,2874,1,4,2,5,3,Emergency,$716.00 ,$152.00 ,2/6/2025,7,Physician Referral,Yes,Pending,,,N/A,$607.60 , $-   
1/12/2025,2348,1,1,2,5,2,Inpatient,$203.00 ,$85.00 ,,1,Physician Referral,No,Paid,1/21/2025,1/12/2025,Semi-Private Room,$222.60 ,$30.00 
1/12/2025,106,1,5,2,3,3,Emergency,$615.00 ,$104.00 ,,9,Self-Referral,No,Pending,1/18/2025,1/12/2025,Private Room, $-   ,$50.00 
1/12/2025,4659,1,1,2,2,3,Inpatient,$333.00 ,$68.00 ,1/25/2025,3,Emergency,Yes,Pending,,,N/A,$280.70 , $-   
1/12/2025,1060,1,4,2,5,2,Outpatient,$430.00 ,$27.00 ,,6,Physician Referral,Yes,Paid,1/15/2025,1/12/2025,Semi-Private Room,$340.90 ,$30.00 
1/12/2025,3977,1,1,2,4,2,Outpatient,$503.00 ,$174.00 ,,3,Physician Referral,Yes,Paid,1/17/2025,1/12/2025,General Ward,$480.90 ,$10.00 
1/12/2025,4176,1,2,2,5,3,Emergency,$339.00 ,$21.00 ,2/1/2025,9,Physician Referral,Yes,Paid,,,N/A,$252.00 , $-   
1/12/2025,4167,1,3,2,4,2,Inpatient,$227.00 ,$47.00 ,,10,Self-Referral,No,Pending,1/19/2025,1/12/2025,Semi-Private Room,$212.80 ,$30.00 
1/12/2025,4920,1,2,2,5,2,Outpatient,$370.00 ,$158.00 ,2/8/2025,7,Self-Referral,Yes,Paid,,,N/A,$369.60 , $-   
1/13/2025,4902,1,5,2,5,3,Inpatient,$787.00 ,$65.00 ,2/2/2025,1,Emergency,Yes,Paid,,,N/A,$596.40 , $-   
1/13/2025,358,1,2,2,5,1,Inpatient,$228.00 ,$145.00 ,,4,Self-Referral,No,Paid,1/21/2025,1/13/2025,Private Room,$296.10 ,$50.00 
1/13/2025,4947,1,4,2,5,1,Emergency,$167.00 ,$40.00 ,2/6/2025,5,Emergency,No,Paid,,,N/A,$144.90 , $-   
1/13/2025,2868,1,4,2,5,2,Inpatient,$421.00 ,$189.00 ,1/29/2025,7,Self-Referral,No,Pending,,,N/A,$427.00 , $-   
1/13/2025,2228,1,5,2,2,3,Inpatient,$413.00 ,$51.00 ,,7,Self-Referral,No,Pending,1/17/2025,1/13/2025,General Ward,$331.80 ,$10.00 
1/13/2025,913,1,5,2,1,2,Emergency,$778.00 ,$179.00 ,1/22/2025,5,Self-Referral,No,Pending,,,N/A,$669.90 , $-   
1/13/2025,227,1,3,2,4,3,Outpatient,$444.00 ,$169.00 ,,1,Physician Referral,No,Pending,1/15/2025,1/13/2025,General Ward,$436.10 ,$10.00 
1/13/2025,3099,1,1,2,2,1,Inpatient,$791.00 ,$96.00 ,,5,Self-Referral,No,Pending,1/15/2025,1/13/2025,General Ward,$627.90 ,$10.00 
1/13/2025,4203,1,3,2,2,1,Inpatient,$684.00 ,$40.00 ,1/25/2025,5,Emergency,Yes,Pending,,,N/A,$506.80 , $-   
1/13/2025,1969,1,2,2,5,1,Outpatient,$194.00 ,$169.00 ,,4,Self-Referral,Yes,Paid,1/16/2025,1/13/2025,Semi-Private Room,$275.10 ,$30.00 
1/14/2025,1096,1,1,2,3,2,Emergency,$852.00 ,$53.00 ,2/11/2025,6,Physician Referral,No,Pending,,,N/A,$633.50 , $-   
1/14/2025,2852,1,5,2,1,1,Outpatient,$448.00 ,$157.00 ,,8,Physician Referral,Yes,Paid,1/22/2025,1/14/2025,Semi-Private Room,$444.50 ,$30.00 
1/14/2025,2538,1,4,2,1,1,Inpatient,$665.00 ,$84.00 ,2/12/2025,10,Emergency,No,Paid,,,N/A,$524.30 , $-   
1/14/2025,1804,1,2,2,5,2,Inpatient,$865.00 ,$84.00 ,2/11/2025,5,Emergency,Yes,Paid,,,N/A,$664.30 , $-   
1/14/2025,3121,1,3,2,2,3,Emergency,$594.00 ,$107.00 ,,8,Physician Referral,No,Paid,1/15/2025,1/14/2025,General Ward,$497.70 ,$10.00 
1/14/2025,3661,1,5,2,1,1,Emergency,$78.00 ,$86.00 ,,5,Self-Referral,No,Pending,1/21/2025,1/14/2025,Semi-Private Room,$135.80 ,$30.00 
1/14/2025,3905,1,1,2,1,3,Outpatient,$593.00 ,$62.00 ,1/29/2025,3,Emergency,No,Pending,,,N/A,$458.50 , $-   
1/14/2025,4399,1,1,2,1,3,Emergency,$517.00 ,$134.00 ,2/3/2025,8,Emergency,No,Pending,,,N/A,$455.70 , $-   
1/14/2025,4098,1,4,2,2,2,Outpatient,$520.00 ,$188.00 ,,4,Self-Referral,No,Paid,1/20/2025,1/14/2025,Semi-Private Room,$516.60 ,$30.00 
1/14/2025,1108,1,5,2,5,3,Outpatient,$957.00 ,$160.00 ,2/10/2025,3,Self-Referral,No,Pending,,,N/A,$781.90 , $-   
1/15/2025,2052,1,5,2,5,3,Inpatient,$876.00 ,$137.00 ,2/11/2025,3,Self-Referral,Yes,Pending,,,N/A,$709.10 , $-   
1/15/2025,674,1,2,2,5,2,Outpatient,$135.00 ,$23.00 ,,6,Physician Referral,Yes,Pending,1/17/2025,1/15/2025,General Ward,$117.60 ,$10.00 
1/15/2025,4177,1,2,2,5,3,Outpatient,$987.00 ,$42.00 ,,8,Physician Referral,Yes,Pending,1/24/2025,1/15/2025,Private Room,$755.30 ,$50.00 
1/15/2025,342,1,1,2,1,1,Emergency,$247.00 ,$89.00 ,1/29/2025,10,Self-Referral,Yes,Pending,,,N/A,$235.20 , $-   
1/15/2025,3447,1,3,2,1,2,Emergency,$523.00 ,$181.00 ,,5,Emergency,Yes,Pending,1/20/2025,1/15/2025,Semi-Private Room,$513.80 ,$30.00 
1/15/2025,3156,1,1,2,1,2,Inpatient,$902.00 ,$60.00 ,,1,Emergency,Yes,Paid,1/17/2025,1/15/2025,General Ward,$680.40 ,$10.00 
1/15/2025,1111,1,2,2,5,2,Inpatient,$682.00 ,$165.00 ,1/22/2025,1,Physician Referral,No,Paid,,,N/A,$592.90 , $-   
1/15/2025,3646,1,2,2,5,1,Inpatient,$770.00 ,$139.00 ,,3,Physician Referral,No,Pending,1/18/2025,1/15/2025,General Ward,$643.30 ,$10.00 
1/15/2025,777,1,2,2,5,3,Outpatient,$890.00 ,$109.00 ,,6,Emergency,Yes,Paid,1/22/2025,1/15/2025,General Ward,$706.30 ,$10.00 
1/15/2025,4205,1,1,2,5,3,Emergency,$779.00 ,$180.00 ,1/24/2025,2,Physician Referral,No,Paid,,,N/A,$671.30 , $-   
1/16/2025,3963,1,5,2,1,3,Outpatient,$843.00 ,$172.00 ,,1,Physician Referral,Yes,Pending,1/23/2025,1/16/2025,Private Room,$745.50 ,$50.00 
1/16/2025,709,1,3,2,3,1,Inpatient,$752.00 ,$71.00 ,2/13/2025,7,Emergency,Yes,Paid,,,N/A,$576.10 , $-   
1/16/2025,4485,1,3,2,4,3,Emergency,$89.00 ,$164.00 ,,2,Self-Referral,No,Pending,1/17/2025,1/16/2025,General Ward,$184.10 ,$10.00 
1/16/2025,3992,1,2,2,5,3,Outpatient,$293.00 ,$70.00 ,,8,Emergency,No,Paid,1/20/2025,1/16/2025,Private Room,$289.10 ,$50.00 
1/16/2025,28,1,4,2,2,1,Emergency,$983.00 ,$150.00 ,1/28/2025,2,Physician Referral,Yes,Pending,,,N/A,$793.10 , $-   
1/16/2025,3273,1,1,2,3,1,Outpatient,$210.00 ,$74.00 ,,1,Self-Referral,No,Paid,1/22/2025,1/16/2025,General Ward,$205.80 ,$10.00 
1/16/2025,109,1,5,2,3,3,Inpatient,$627.00 ,$138.00 ,,10,Self-Referral,No,Paid,1/24/2025,1/16/2025,Semi-Private Room,$556.50 ,$30.00 
1/16/2025,3924,1,2,2,5,1,Outpatient,$426.00 ,$132.00 ,,2,Emergency,Yes,Paid,1/19/2025,1/16/2025,Semi-Private Room,$411.60 ,$30.00 
1/16/2025,4210,1,4,2,2,1,Outpatient,$840.00 ,$54.00 ,,2,Self-Referral,Yes,Paid,1/19/2025,1/16/2025,General Ward,$632.80 ,$10.00 
1/16/2025,2537,1,2,2,5,1,Inpatient,$217.00 ,$87.00 ,,7,Self-Referral,Yes,Pending,1/24/2025,1/16/2025,Private Room,$247.80 ,$50.00 
1/17/2025,4951,1,4,2,4,2,Inpatient,$319.00 ,$111.00 ,,1,Emergency,Yes,Paid,1/25/2025,1/17/2025,Private Room,$336.00 ,$50.00 
1/17/2025,3011,1,3,2,3,2,Outpatient,$130.00 ,$78.00 ,1/24/2025,3,Self-Referral,No,Pending,,,N/A,$145.60 , $-   
1/17/2025,4355,1,4,2,1,3,Outpatient,$654.00 ,$32.00 ,,5,Self-Referral,Yes,Pending,1/25/2025,1/17/2025,Private Room,$515.20 ,$50.00 
1/17/2025,2846,1,3,2,5,3,Outpatient,$100.00 ,$81.00 ,,7,Emergency,No,Paid,1/18/2025,1/17/2025,General Ward,$133.70 ,$10.00 
1/17/2025,2013,1,3,2,1,1,Inpatient,$463.00 ,$113.00 ,2/10/2025,6,Emergency,No,Paid,,,N/A,$403.20 , $-   
1/17/2025,2223,1,1,2,2,3,Inpatient,$908.00 ,$194.00 ,2/2/2025,8,Physician Referral,Yes,Pending,,,N/A,$771.40 , $-   
1/17/2025,1335,1,4,2,2,2,Inpatient,$488.00 ,$22.00 ,2/15/2025,1,Physician Referral,No,Paid,,,N/A,$357.00 , $-   
1/17/2025,2153,1,5,2,5,3,Emergency,$526.00 ,$40.00 ,,7,Emergency,Yes,Pending,1/25/2025,1/17/2025,General Ward,$403.20 ,$10.00 
1/17/2025,3904,1,5,2,3,3,Emergency,$818.00 ,$123.00 ,2/9/2025,9,Physician Referral,No,Paid,,,N/A,$658.70 , $-   
1/17/2025,2297,1,4,2,2,2,Inpatient,$923.00 ,$84.00 ,2/13/2025,7,Emergency,No,Pending,,,N/A,$704.90 , $-   
1/18/2025,155,1,1,2,4,2,Emergency,$674.00 ,$165.00 ,,6,Physician Referral,No,Paid,1/26/2025,1/18/2025,Private Room,$622.30 ,$50.00 
1/18/2025,2280,1,5,2,5,1,Emergency,$302.00 ,$32.00 ,1/25/2025,9,Physician Referral,Yes,Paid,,,N/A,$233.80 , $-   
1/18/2025,4424,1,2,2,5,1,Outpatient,$701.00 ,$96.00 ,,4,Self-Referral,No,Pending,1/20/2025,1/18/2025,Private Room,$592.90 ,$50.00 
1/18/2025,2263,1,5,2,4,1,Outpatient,$425.00 ,$128.00 ,,10,Physician Referral,Yes,Pending,1/27/2025,1/18/2025,General Ward,$394.10 ,$10.00 
1/18/2025,2149,1,1,2,5,3,Outpatient,$80.00 ,$115.00 ,,6,Self-Referral,No,Pending,1/25/2025,1/18/2025,Semi-Private Room,$157.50 ,$30.00 
1/18/2025,1243,1,3,2,4,3,Emergency,$346.00 ,$112.00 ,,6,Physician Referral,Yes,Paid,1/26/2025,1/18/2025,General Ward,$327.60 ,$10.00 
1/18/2025,1651,1,3,2,5,3,Emergency,$298.00 ,$64.00 ,,10,Self-Referral,No,Paid,1/20/2025,1/18/2025,Private Room,$288.40 ,$50.00 
1/18/2025,2235,1,3,2,1,2,Outpatient,$447.00 ,$81.00 ,2/15/2025,3,Physician Referral,No,Paid,,,N/A,$369.60 , $-   
1/18/2025,3358,1,1,2,3,3,Outpatient,$141.00 ,$49.00 ,,7,Physician Referral,No,Paid,1/22/2025,1/18/2025,Private Room,$168.00 ,$50.00 
1/18/2025,554,1,3,2,5,2,Inpatient,$594.00 ,$33.00 ,2/16/2025,1,Self-Referral,Yes,Pending,,,N/A,$438.90 , $-   
1/19/2025,4954,1,3,2,2,3,Emergency,$120.00 ,$29.00 ,,8,Self-Referral,No,Pending,1/26/2025,1/19/2025,Private Room,$139.30 ,$50.00 
1/19/2025,4224,1,1,2,1,3,Outpatient,$307.00 ,$178.00 ,2/2/2025,8,Emergency,Yes,Paid,,,N/A,$339.50 , $-   
1/19/2025,3999,1,2,2,5,2,Outpatient,$485.00 ,$25.00 ,,8,Emergency,No,Paid,1/25/2025,1/19/2025,Private Room,$392.00 ,$50.00 
1/19/2025,447,1,5,2,4,2,Outpatient,$851.00 ,$138.00 ,,9,Self-Referral,Yes,Paid,1/26/2025,1/19/2025,General Ward,$699.30 ,$10.00 
1/19/2025,3423,1,1,2,2,2,Emergency,$139.00 ,$38.00 ,,4,Physician Referral,No,Pending,1/20/2025,1/19/2025,General Ward,$130.90 ,$10.00 
1/19/2025,4181,1,1,2,4,1,Outpatient,$260.00 ,$31.00 ,2/6/2025,6,Emergency,No,Pending,,,N/A,$203.70 , $-   
1/19/2025,3302,1,4,2,1,1,Outpatient,$265.00 ,$136.00 ,2/13/2025,7,Emergency,No,Paid,,,N/A,$280.70 , $-   
1/19/2025,1356,1,3,2,5,3,Outpatient,$662.00 ,$122.00 ,2/8/2025,2,Emergency,Yes,Pending,,,N/A,$548.80 , $-   
1/19/2025,3397,1,2,2,5,3,Outpatient,$908.00 ,$133.00 ,,6,Emergency,Yes,Paid,1/27/2025,1/19/2025,General Ward,$735.70 ,$10.00 
1/19/2025,310,1,4,2,1,3,Outpatient,$586.00 ,$101.00 ,,8,Emergency,No,Paid,1/26/2025,1/19/2025,Semi-Private Room,$501.90 ,$30.00 
1/20/2025,3019,1,2,2,5,1,Inpatient,$504.00 ,$28.00 ,2/14/2025,4,Self-Referral,Yes,Pending,,,N/A,$372.40 , $-   
1/20/2025,4118,1,3,2,5,3,Outpatient,$99.00 ,$153.00 ,,5,Emergency,Yes,Pending,1/24/2025,1/20/2025,Private Room,$211.40 ,$50.00 
1/20/2025,3139,1,3,2,3,2,Inpatient,$608.00 ,$148.00 ,2/12/2025,8,Self-Referral,No,Pending,,,N/A,$529.20 , $-   
1/20/2025,2043,1,3,2,4,2,Emergency,$584.00 ,$189.00 ,,3,Self-Referral,No,Pending,1/21/2025,1/20/2025,Semi-Private Room,$562.10 ,$30.00 
1/20/2025,73,1,5,2,4,1,Emergency,$874.00 ,$112.00 ,2/11/2025,6,Physician Referral,No,Paid,,,N/A,$690.20 , $-   
1/20/2025,4926,1,2,2,5,2,Emergency,$111.00 ,$196.00 ,2/14/2025,1,Emergency,No,Pending,,,N/A,$214.90 , $-   
1/20/2025,1195,1,2,2,5,2,Emergency,$465.00 ,$118.00 ,,4,Emergency,Yes,Pending,1/28/2025,1/20/2025,General Ward,$415.10 ,$10.00 
1/20/2025,702,1,4,2,5,3,Emergency,$302.00 ,$118.00 ,1/31/2025,6,Physician Referral,Yes,Pending,,,N/A,$294.00 , $-   
1/20/2025,1822,1,1,2,1,2,Outpatient,$451.00 ,$49.00 ,,3,Emergency,No,Pending,1/27/2025,1/20/2025,Semi-Private Room,$371.00 ,$30.00 
1/20/2025,418,1,3,2,1,2,Outpatient,$958.00 ,$54.00 ,,1,Emergency,Yes,Paid,1/28/2025,1/20/2025,General Ward,$715.40 ,$10.00 
1/21/2025,110,1,3,2,1,1,Emergency,$218.00 ,$82.00 ,,6,Self-Referral,Yes,Paid,1/22/2025,1/21/2025,Private Room,$245.00 ,$50.00 
1/21/2025,4669,1,4,2,2,2,Outpatient,$313.00 ,$169.00 ,2/18/2025,3,Self-Referral,Yes,Pending,,,N/A,$337.40 , $-   
1/21/2025,1458,1,2,2,5,2,Inpatient,$607.00 ,$190.00 ,2/15/2025,8,Physician Referral,No,Pending,,,N/A,$557.90 , $-   
1/21/2025,2240,1,5,2,3,3,Inpatient,$144.00 ,$47.00 ,1/31/2025,7,Self-Referral,No,Paid,,,N/A,$133.70 , $-   
1/21/2025,1200,1,2,2,5,3,Outpatient,$233.00 ,$165.00 ,,7,Emergency,No,Paid,1/26/2025,1/21/2025,General Ward,$285.60 ,$10.00 
1/21/2025,4038,1,5,2,4,3,Emergency,$432.00 ,$51.00 ,,8,Emergency,No,Pending,1/30/2025,1/21/2025,Private Room,$373.10 ,$50.00 
1/21/2025,3383,1,5,2,3,1,Emergency,$624.00 ,$88.00 ,2/1/2025,7,Physician Referral,No,Paid,,,N/A,$498.40 , $-   
1/21/2025,3219,1,2,2,5,3,Inpatient,$250.00 ,$181.00 ,,5,Emergency,Yes,Paid,1/26/2025,1/21/2025,General Ward,$308.70 ,$10.00 
1/21/2025,4969,1,3,2,4,2,Outpatient,$841.00 ,$178.00 ,,10,Physician Referral,No,Paid,1/24/2025,1/21/2025,Semi-Private Room,$734.30 ,$30.00 
1/21/2025,489,1,5,2,3,1,Inpatient,$181.00 ,$129.00 ,2/1/2025,8,Emergency,No,Paid,,,N/A,$217.00 , $-   
1/22/2025,2226,1,4,2,3,2,Outpatient,$628.00 ,$116.00 ,1/29/2025,8,Physician Referral,Yes,Pending,,,N/A,$520.80 , $-   
1/22/2025,4369,1,4,2,4,2,Emergency,$862.00 ,$151.00 ,,8,Emergency,No,Paid,1/31/2025,1/22/2025,General Ward,$716.10 ,$10.00 
1/22/2025,3178,1,5,2,3,3,Inpatient,$454.00 ,$161.00 ,,10,Emergency,Yes,Paid,1/31/2025,1/22/2025,General Ward,$437.50 ,$10.00 
1/22/2025,422,1,3,2,4,1,Outpatient,$308.00 ,$34.00 ,2/15/2025,6,Emergency,Yes,Pending,,,N/A,$239.40 , $-   
1/22/2025,3077,1,5,2,3,1,Emergency,$647.00 ,$39.00 ,2/12/2025,2,Emergency,No,Pending,,,N/A,$480.20 , $-   
1/22/2025,162,1,4,2,3,3,Outpatient,$309.00 ,$39.00 ,,8,Emergency,Yes,Pending,1/26/2025,1/22/2025,Private Room,$278.60 ,$50.00 
1/22/2025,1517,1,4,2,3,1,Emergency,$319.00 ,$196.00 ,,10,Physician Referral,Yes,Paid,1/26/2025,1/22/2025,General Ward,$367.50 ,$10.00 
1/22/2025,549,1,2,2,5,2,Outpatient,$552.00 ,$118.00 ,,1,Physician Referral,Yes,Pending,1/30/2025,1/22/2025,General Ward,$476.00 ,$10.00 
1/22/2025,2359,1,3,2,3,1,Inpatient,$536.00 ,$87.00 ,2/18/2025,9,Self-Referral,No,Paid,,,N/A,$436.10 , $-   
1/22/2025,833,1,2,2,5,2,Outpatient,$611.00 ,$37.00 ,,9,Physician Referral,Yes,Pending,1/29/2025,1/22/2025,Semi-Private Room,$474.60 ,$30.00 
1/23/2025,3869,1,1,2,2,1,Inpatient,$684.00 ,$171.00 ,,6,Emergency,Yes,Paid,1/28/2025,1/23/2025,Private Room,$633.50 ,$50.00 
1/23/2025,4254,1,5,2,2,1,Inpatient,$619.00 ,$174.00 ,,10,Physician Referral,Yes,Pending,1/29/2025,1/23/2025,General Ward,$562.10 ,$10.00 
1/23/2025,50,1,2,2,5,3,Inpatient,$627.00 ,$52.00 ,,6,Emergency,Yes,Pending,1/26/2025,1/23/2025,General Ward,$482.30 ,$10.00 
1/23/2025,2056,1,3,2,2,3,Emergency,$445.00 ,$144.00 ,,6,Emergency,Yes,Paid,1/29/2025,1/23/2025,Private Room,$447.30 ,$50.00 
1/23/2025,3878,1,5,2,1,1,Inpatient,$638.00 ,$83.00 ,,4,Self-Referral,No,Pending,1/31/2025,1/23/2025,Semi-Private Room,$525.70 ,$30.00 
1/23/2025,3662,1,5,2,3,2,Inpatient,$804.00 ,$172.00 ,2/17/2025,1,Physician Referral,Yes,Pending,,,N/A,$683.20 , $-   
1/23/2025,933,1,5,2,5,3,Inpatient,$108.00 ,$88.00 ,2/21/2025,1,Physician Referral,Yes,Pending,,,N/A,$137.20 , $-   
1/23/2025,1123,1,5,2,1,3,Emergency,$663.00 ,$165.00 ,2/12/2025,1,Emergency,No,Pending,,,N/A,$579.60 , $-   
1/23/2025,867,1,5,2,4,3,Outpatient,$484.00 ,$64.00 ,,5,Physician Referral,Yes,Pending,2/1/2025,1/23/2025,Private Room,$418.60 ,$50.00 
1/23/2025,4230,1,3,2,1,1,Emergency,$498.00 ,$129.00 ,2/4/2025,7,Physician Referral,Yes,Paid,,,N/A,$438.90 , $-   
1/24/2025,2078,1,1,2,5,2,Emergency,$283.00 ,$39.00 ,,1,Physician Referral,Yes,Paid,1/27/2025,1/24/2025,General Ward,$232.40 ,$10.00 
1/24/2025,153,1,4,2,1,2,Outpatient,$101.00 ,$54.00 ,,1,Emergency,No,Pending,2/1/2025,1/24/2025,Private Room,$143.50 ,$50.00 
1/24/2025,739,1,1,2,3,1,Outpatient,$711.00 ,$153.00 ,,6,Physician Referral,No,Pending,1/27/2025,1/24/2025,General Ward,$611.80 ,$10.00 
1/24/2025,4002,1,4,2,2,2,Inpatient,$862.00 ,$110.00 ,,2,Emergency,No,Paid,1/26/2025,1/24/2025,Semi-Private Room,$701.40 ,$30.00 
1/24/2025,4420,1,2,2,5,3,Inpatient,$242.00 ,$28.00 ,,2,Emergency,Yes,Paid,1/29/2025,1/24/2025,General Ward,$196.00 ,$10.00 
1/24/2025,170,1,5,2,1,2,Outpatient,$808.00 ,$199.00 ,2/17/2025,7,Physician Referral,Yes,Pending,,,N/A,$704.90 , $-   
1/24/2025,4236,1,2,2,5,3,Outpatient,$182.00 ,$175.00 ,2/7/2025,9,Self-Referral,No,Paid,,,N/A,$249.90 , $-   
1/24/2025,3401,1,2,2,5,3,Emergency,$293.00 ,$38.00 ,2/4/2025,8,Emergency,No,Pending,,,N/A,$231.70 , $-   
1/24/2025,2246,1,4,2,3,1,Emergency,$136.00 ,$122.00 ,,2,Physician Referral,No,Pending,1/28/2025,1/24/2025,General Ward,$187.60 ,$10.00 
1/24/2025,19,1,3,2,5,3,Emergency,$963.00 ,$104.00 ,2/21/2025,7,Self-Referral,No,Pending,,,N/A,$746.90 , $-   
1/25/2025,4937,1,5,2,4,2,Outpatient,$70.00 ,$82.00 ,,5,Emergency,No,Pending,1/30/2025,1/25/2025,Semi-Private Room,$127.40 ,$30.00 
1/25/2025,3756,1,2,2,5,2,Inpatient,$494.00 ,$114.00 ,2/8/2025,10,Self-Referral,Yes,Paid,,,N/A,$425.60 , $-   
1/25/2025,2032,1,1,2,3,2,Emergency,$227.00 ,$154.00 ,2/6/2025,4,Physician Referral,Yes,Paid,,,N/A,$266.70 , $-   
1/25/2025,4932,1,5,2,3,2,Emergency,$515.00 ,$56.00 ,2/10/2025,10,Self-Referral,Yes,Paid,,,N/A,$399.70 , $-   
1/25/2025,3844,1,3,2,2,2,Outpatient,$956.00 ,$108.00 ,2/3/2025,4,Self-Referral,Yes,Pending,,,N/A,$744.80 , $-   
1/25/2025,4874,1,5,2,2,3,Emergency,$731.00 ,$111.00 ,2/13/2025,4,Emergency,Yes,Paid,,,N/A,$589.40 , $-   
1/25/2025,2278,1,2,2,5,1,Outpatient,$214.00 ,$55.00 ,2/7/2025,9,Emergency,Yes,Pending,,,N/A,$188.30 , $-   
1/25/2025,1185,1,1,2,4,1,Inpatient,$810.00 ,$36.00 ,,7,Physician Referral,Yes,Pending,1/31/2025,1/25/2025,General Ward,$599.20 ,$10.00 
1/25/2025,4058,1,2,2,5,2,Emergency,$178.00 ,$109.00 ,,7,Emergency,Yes,Paid,1/28/2025,1/25/2025,Private Room,$235.90 ,$50.00 
1/25/2025,3168,1,3,2,2,3,Emergency,$549.00 ,$111.00 ,,4,Self-Referral,Yes,Pending,1/26/2025,1/25/2025,General Ward,$469.00 ,$10.00 
1/26/2025,513,1,3,2,1,1,Emergency,$886.00 ,$184.00 ,,9,Self-Referral,No,Pending,1/30/2025,1/26/2025,Semi-Private Room,$770.00 ,$30.00 
1/26/2025,4953,1,3,2,4,2,Outpatient,$959.00 ,$68.00 ,,8,Physician Referral,Yes,Pending,2/1/2025,1/26/2025,Semi-Private Room,$739.90 ,$30.00 
1/26/2025,1050,1,3,2,4,3,Outpatient,$703.00 ,$100.00 ,2/5/2025,10,Emergency,Yes,Paid,,,N/A,$562.10 , $-   
1/26/2025,690,1,3,2,3,1,Inpatient,$999.00 ,$53.00 ,,4,Emergency,Yes,Pending,1/28/2025,1/26/2025,Private Room,$771.40 ,$50.00 
1/26/2025,1352,1,3,2,1,3,Outpatient,$123.00 ,$177.00 ,,6,Physician Referral,No,Paid,1/28/2025,1/26/2025,General Ward,$217.00 ,$10.00 
1/26/2025,132,1,3,2,1,2,Emergency,$382.00 ,$174.00 ,,4,Emergency,No,Pending,1/27/2025,1/26/2025,General Ward,$396.20 ,$10.00 
1/26/2025,1948,1,3,2,3,3,Emergency,$326.00 ,$198.00 ,,1,Self-Referral,Yes,Paid,2/4/2025,1/26/2025,Private Room,$401.80 ,$50.00 
1/26/2025,3162,1,3,2,5,1,Outpatient,$939.00 ,$156.00 ,,5,Physician Referral,Yes,Pending,1/29/2025,1/26/2025,Semi-Private Room,$787.50 ,$30.00 
1/26/2025,1521,1,3,2,2,1,Inpatient,$163.00 ,$39.00 ,,10,Emergency,Yes,Paid,1/28/2025,1/26/2025,Semi-Private Room,$162.40 ,$30.00 
1/26/2025,4454,1,3,2,3,3,Outpatient,$900.00 ,$194.00 ,,3,Self-Referral,Yes,Paid,1/30/2025,1/26/2025,Private Room,$800.80 ,$50.00 
1/27/2025,266,1,3,2,2,1,Outpatient,$79.00 ,$166.00 ,,1,Physician Referral,No,Pending,2/2/2025,1/27/2025,Private Room,$206.50 ,$50.00 
1/27/2025,3723,1,3,2,1,3,Emergency,$679.00 ,$87.00 ,,2,Self-Referral,No,Pending,1/28/2025,1/27/2025,Semi-Private Room,$557.20 ,$30.00 
1/27/2025,2427,1,3,2,3,3,Emergency,$754.00 ,$96.00 ,2/15/2025,2,Self-Referral,Yes,Pending,,,N/A,$595.00 , $-   
1/27/2025,2412,1,3,2,5,2,Emergency,$66.00 ,$121.00 ,,8,Emergency,No,Pending,2/5/2025,1/27/2025,General Ward,$137.90 ,$10.00 
1/27/2025,4043,1,3,2,2,2,Outpatient,$207.00 ,$159.00 ,,4,Self-Referral,No,Paid,2/5/2025,1/27/2025,Semi-Private Room,$277.20 ,$30.00 
1/27/2025,2767,1,3,2,2,3,Outpatient,$89.00 ,$144.00 ,2/8/2025,3,Emergency,No,Pending,,,N/A,$163.10 , $-   
1/27/2025,675,1,3,2,2,1,Inpatient,$468.00 ,$92.00 ,2/18/2025,4,Self-Referral,No,Paid,,,N/A,$392.00 , $-   
1/27/2025,1402,1,3,2,1,2,Emergency,$350.00 ,$98.00 ,,10,Emergency,Yes,Pending,2/4/2025,1/27/2025,Private Room,$348.60 ,$50.00 
1/27/2025,2100,1,3,2,2,1,Inpatient,$552.00 ,$132.00 ,,1,Emergency,No,Paid,2/2/2025,1/27/2025,General Ward,$485.80 ,$10.00 
1/27/2025,1535,1,3,2,4,3,Emergency,$410.00 ,$152.00 ,,1,Physician Referral,No,Paid,1/31/2025,1/27/2025,General Ward,$400.40 ,$10.00 
1/28/2025,1433,1,3,2,2,1,Inpatient,$756.00 ,$44.00 ,2/25/2025,5,Emergency,Yes,Paid,,,N/A,$560.00 , $-   
1/28/2025,2911,1,3,2,1,1,Emergency,$223.00 ,$120.00 ,,7,Self-Referral,Yes,Pending,1/30/2025,1/28/2025,Private Room,$275.10 ,$50.00 
1/28/2025,3670,1,3,2,3,3,Outpatient,$303.00 ,$50.00 ,2/24/2025,9,Physician Referral,Yes,Pending,,,N/A,$247.10 , $-   
1/28/2025,2581,1,3,2,2,2,Emergency,$474.00 ,$193.00 ,2/4/2025,7,Physician Referral,Yes,Paid,,,N/A,$466.90 , $-   
1/28/2025,981,1,3,2,2,2,Inpatient,$895.00 ,$53.00 ,2/16/2025,5,Self-Referral,No,Paid,,,N/A,$663.60 , $-   
1/28/2025,2672,1,3,2,3,1,Inpatient,$848.00 ,$188.00 ,2/5/2025,3,Self-Referral,Yes,Paid,,,N/A,$725.20 , $-   
1/28/2025,34,1,3,2,4,3,Emergency,$858.00 ,$87.00 ,2/23/2025,8,Physician Referral,No,Paid,,,N/A,$661.50 , $-   
1/28/2025,3015,1,3,2,1,3,Outpatient,$158.00 ,$141.00 ,,7,Physician Referral,Yes,Paid,2/5/2025,1/28/2025,Private Room,$244.30 ,$50.00 
1/28/2025,4475,1,3,2,3,2,Emergency,$873.00 ,$185.00 ,,4,Emergency,No,Pending,2/4/2025,1/28/2025,Private Room,$775.60 ,$50.00 
1/28/2025,1139,1,3,2,1,3,Outpatient,$715.00 ,$65.00 ,2/22/2025,1,Physician Referral,Yes,Paid,,,N/A,$546.00 , $-   
1/29/2025,4120,1,3,2,3,3,Emergency,$938.00 ,$88.00 ,2/10/2025,3,Self-Referral,Yes,Pending,,,N/A,$718.20 , $-   
1/29/2025,705,1,3,2,5,1,Outpatient,$404.00 ,$46.00 ,2/15/2025,8,Physician Referral,No,Pending,,,N/A,$315.00 , $-   
1/29/2025,4761,1,3,2,4,1,Emergency,$976.00 ,$190.00 ,2/21/2025,2,Self-Referral,Yes,Pending,,,N/A,$816.20 , $-   
1/29/2025,4434,1,3,2,5,2,Emergency,$412.00 ,$64.00 ,,9,Self-Referral,Yes,Paid,2/2/2025,1/29/2025,Private Room,$368.20 ,$50.00 
1/29/2025,4101,1,3,2,3,2,Outpatient,$817.00 ,$37.00 ,2/13/2025,4,Emergency,Yes,Paid,,,N/A,$597.80 , $-   
1/29/2025,475,1,3,2,3,1,Outpatient,$984.00 ,$51.00 ,2/9/2025,7,Emergency,Yes,Paid,,,N/A,$724.50 , $-   
1/29/2025,2684,1,3,2,1,3,Emergency,$563.00 ,$21.00 ,,10,Emergency,Yes,Paid,2/1/2025,1/29/2025,General Ward,$415.80 ,$10.00 
1/29/2025,4883,1,3,2,3,3,Inpatient,$885.00 ,$188.00 ,,7,Self-Referral,Yes,Pending,2/4/2025,1/29/2025,Semi-Private Room,$772.10 ,$30.00 
1/29/2025,772,1,3,2,1,1,Outpatient,$414.00 ,$39.00 ,,8,Self-Referral,Yes,Pending,1/30/2025,1/29/2025,Private Room,$352.10 ,$50.00 
1/29/2025,4200,1,3,2,1,1,Inpatient,$885.00 ,$57.00 ,,7,Self-Referral,Yes,Pending,1/31/2025,1/29/2025,Private Room,$694.40 ,$50.00 
1/30/2025,375,1,3,2,3,1,Inpatient,$625.00 ,$20.00 ,2/10/2025,4,Emergency,Yes,Paid,,,N/A,$451.50 , $-   
1/30/2025,4931,1,3,2,1,1,Inpatient,$707.00 ,$161.00 ,2/21/2025,7,Physician Referral,Yes,Paid,,,N/A,$607.60 , $-   
1/30/2025,3618,1,3,2,4,3,Inpatient,$953.00 ,$172.00 ,2/9/2025,5,Physician Referral,No,Paid,,,N/A,$787.50 , $-   
1/30/2025,3498,1,3,2,5,3,Emergency,$711.00 ,$156.00 ,2/25/2025,10,Emergency,No,Paid,,,N/A,$606.90 , $-   
1/30/2025,858,1,3,2,3,2,Outpatient,$369.00 ,$199.00 ,2/18/2025,7,Emergency,No,Paid,,,N/A,$397.60 , $-   
1/30/2025,3268,1,3,2,1,1,Emergency,$791.00 ,$155.00 ,2/22/2025,3,Self-Referral,No,Paid,,,N/A,$662.20 , $-   
1/30/2025,326,1,3,2,1,2,Emergency,$476.00 ,$35.00 ,2/14/2025,10,Self-Referral,Yes,Pending,,,N/A,$357.70 , $-   
1/30/2025,2156,1,3,2,1,3,Emergency,$75.00 ,$133.00 ,2/18/2025,7,Self-Referral,No,Pending,,,N/A,$145.60 , $-   
1/30/2025,2527,1,3,2,1,2,Emergency,$885.00 ,$27.00 ,2/21/2025,7,Physician Referral,Yes,Paid,,,N/A,$638.40 , $-   
1/30/2025,3306,1,3,2,4,3,Emergency,$355.00 ,$42.00 ,,2,Physician Referral,Yes,Pending,2/6/2025,1/30/2025,Private Room,$312.90 ,$50.00 
1/31/2025,4586,1,3,2,3,3,Outpatient,$356.00 ,$92.00 ,2/26/2025,8,Emergency,No,Pending,,,N/A,$313.60 , $-   
1/31/2025,1165,1,2,2,3,2,Emergency,$740.00 ,$53.00 ,,7,Emergency,Yes,Pending,2/3/2025,1/31/2025,General Ward,$562.10 ,$10.00 
1/31/2025,3719,1,3,2,4,2,Emergency,$808.00 ,$37.00 ,,9,Self-Referral,No,Pending,2/1/2025,1/31/2025,Private Room,$626.50 ,$50.00 
1/31/2025,3049,1,3,2,4,1,Emergency,$288.00 ,$128.00 ,,4,Physician Referral,No,Paid,2/2/2025,1/31/2025,Semi-Private Room,$312.20 ,$30.00 
1/31/2025,880,1,1,2,4,3,Inpatient,$917.00 ,$63.00 ,,9,Physician Referral,No,Pending,2/9/2025,1/31/2025,General Ward,$693.00 ,$10.00 
1/31/2025,619,1,2,2,3,1,Emergency,$981.00 ,$162.00 ,2/16/2025,1,Emergency,No,Paid,,,N/A,$800.10 , $-   
1/31/2025,4144,1,1,2,2,1,Outpatient,$669.00 ,$34.00 ,,5,Physician Referral,Yes,Paid,2/7/2025,1/31/2025,Semi-Private Room,$513.10 ,$30.00 
1/31/2025,2219,1,1,2,5,3,Outpatient,$682.00 ,$112.00 ,,10,Self-Referral,No,Pending,2/7/2025,1/31/2025,General Ward,$562.80 ,$10.00 
1/31/2025,1436,1,1,2,4,2,Outpatient,$107.00 ,$146.00 ,2/16/2025,7,Physician Referral,No,Paid,,,N/A,$177.10 , $-   
1/31/2025,1889,1,5,2,4,1,Inpatient,$204.00 ,$140.00 ,,4,Self-Referral,Yes,Pending,2/8/2025,1/31/2025,Semi-Private Room,$261.80 ,$30.00 
2/1/2025,1401,1,4,2,3,1,Outpatient,$861.00 ,$42.00 ,2/27/2025,7,Self-Referral,No,Paid,,,N/A,$632.10 , $-   
2/1/2025,1396,1,4,2,3,3,Inpatient,$231.00 ,$90.00 ,2/23/2025,9,Self-Referral,Yes,Paid,,,N/A,$224.70 , $-   
2/1/2025,3585,1,5,2,5,2,Outpatient,$354.00 ,$128.00 ,3/2/2025,5,Self-Referral,No,Pending,,,N/A,$337.40 , $-   
2/1/2025,3231,1,3,2,1,2,Inpatient,$245.00 ,$51.00 ,2/27/2025,5,Physician Referral,No,Pending,,,N/A,$207.20 , $-   
2/1/2025,406,1,2,2,3,1,Outpatient,$308.00 ,$133.00 ,,2,Physician Referral,Yes,Paid,2/9/2025,2/1/2025,Semi-Private Room,$329.70 ,$30.00 
2/1/2025,565,1,2,2,5,3,Emergency,$72.00 ,$179.00 ,2/8/2025,5,Self-Referral,Yes,Pending,,,N/A,$175.70 , $-   
2/1/2025,2394,1,2,2,3,1,Outpatient,$822.00 ,$52.00 ,,8,Emergency,Yes,Paid,2/10/2025,2/1/2025,General Ward,$618.80 ,$10.00 
2/1/2025,1659,1,1,2,3,2,Outpatient,$69.00 ,$190.00 ,,4,Emergency,No,Pending,2/3/2025,2/1/2025,Semi-Private Room,$202.30 ,$30.00 
2/1/2025,3400,1,2,2,3,1,Outpatient,$654.00 ,$32.00 ,2/18/2025,2,Self-Referral,No,Paid,,,N/A,$480.20 , $-   
2/1/2025,700,1,2,2,2,3,Emergency,$555.00 ,$135.00 ,,8,Self-Referral,No,Paid,2/9/2025,2/1/2025,Semi-Private Room,$504.00 ,$30.00 
2/2/2025,2172,1,2,2,2,1,Inpatient,$866.00 ,$156.00 ,2/21/2025,4,Emergency,Yes,Paid,,,N/A,$715.40 , $-   
2/2/2025,4490,1,4,2,4,2,Inpatient,$579.00 ,$195.00 ,,5,Physician Referral,Yes,Paid,2/10/2025,2/2/2025,General Ward,$548.80 ,$10.00 
2/2/2025,2422,1,5,2,2,3,Emergency,$639.00 ,$190.00 ,,7,Physician Referral,No,Paid,2/7/2025,2/2/2025,Semi-Private Room,$601.30 ,$30.00 
2/2/2025,388,1,3,2,5,3,Emergency,$592.00 ,$86.00 ,,5,Emergency,Yes,Pending,2/7/2025,2/2/2025,Semi-Private Room,$495.60 ,$30.00 
2/2/2025,1208,1,5,2,3,3,Inpatient,$604.00 ,$51.00 ,,10,Self-Referral,No,Paid,2/6/2025,2/2/2025,Private Room,$493.50 ,$50.00 
2/2/2025,2094,1,2,2,2,3,Inpatient,$973.00 ,$92.00 ,2/26/2025,4,Self-Referral,No,Pending,,,N/A,$745.50 , $-   
2/2/2025,1784,1,3,2,3,3,Inpatient,$367.00 ,$124.00 ,2/13/2025,7,Physician Referral,Yes,Pending,,,N/A,$343.70 , $-   
2/2/2025,2991,1,3,2,1,1,Inpatient,$827.00 ,$148.00 ,,4,Physician Referral,Yes,Paid,2/7/2025,2/2/2025,Semi-Private Room,$703.50 ,$30.00 
2/2/2025,4474,1,5,2,4,3,Inpatient,$419.00 ,$132.00 ,,10,Self-Referral,No,Paid,2/4/2025,2/2/2025,Semi-Private Room,$406.70 ,$30.00 
2/2/2025,4728,1,5,2,2,2,Emergency,$778.00 ,$125.00 ,,4,Physician Referral,Yes,Pending,2/4/2025,2/2/2025,Private Room,$667.10 ,$50.00 
2/3/2025,191,1,5,2,3,3,Inpatient,$395.00 ,$88.00 ,,2,Emergency,No,Paid,2/8/2025,2/3/2025,Private Room,$373.10 ,$50.00 
2/3/2025,1603,1,5,2,1,2,Inpatient,$183.00 ,$88.00 ,2/13/2025,5,Emergency,Yes,Paid,,,N/A,$189.70 , $-   
2/3/2025,345,1,1,2,4,2,Outpatient,$135.00 ,$80.00 ,,8,Physician Referral,Yes,Pending,2/6/2025,2/3/2025,Private Room,$185.50 ,$50.00 
2/3/2025,3233,1,4,2,4,2,Emergency,$559.00 ,$27.00 ,,4,Self-Referral,Yes,Pending,2/4/2025,2/3/2025,Semi-Private Room,$431.20 ,$30.00 
2/3/2025,4464,1,4,2,1,2,Emergency,$56.00 ,$26.00 ,,2,Emergency,No,Pending,2/12/2025,2/3/2025,Semi-Private Room,$78.40 ,$30.00 
2/3/2025,3339,1,2,2,2,2,Inpatient,$373.00 ,$184.00 ,2/15/2025,9,Physician Referral,No,Pending,,,N/A,$389.90 , $-   
2/3/2025,921,1,1,2,2,1,Outpatient,$664.00 ,$189.00 ,,6,Physician Referral,No,Pending,2/5/2025,2/3/2025,Semi-Private Room,$618.10 ,$30.00 
2/3/2025,1595,1,3,2,3,2,Outpatient,$455.00 ,$179.00 ,2/24/2025,3,Self-Referral,No,Pending,,,N/A,$443.80 , $-   
2/3/2025,1964,1,5,2,5,2,Inpatient,$701.00 ,$164.00 ,3/4/2025,10,Physician Referral,Yes,Paid,,,N/A,$605.50 , $-   
2/3/2025,597,1,2,2,3,2,Outpatient,$581.00 ,$175.00 ,,5,Emergency,Yes,Pending,2/5/2025,2/3/2025,Semi-Private Room,$550.20 ,$30.00 
2/4/2025,3631,1,3,2,3,1,Inpatient,$454.00 ,$89.00 ,,6,Physician Referral,No,Pending,2/8/2025,2/4/2025,Private Room,$415.10 ,$50.00 
2/4/2025,4673,1,4,2,3,3,Emergency,$73.00 ,$195.00 ,,9,Self-Referral,No,Paid,2/6/2025,2/4/2025,Semi-Private Room,$208.60 ,$30.00 
2/4/2025,3123,1,3,2,1,2,Outpatient,$453.00 ,$73.00 ,2/12/2025,5,Physician Referral,No,Paid,,,N/A,$368.20 , $-   
2/4/2025,3118,1,5,2,4,1,Inpatient,$331.00 ,$189.00 ,2/14/2025,9,Emergency,Yes,Paid,,,N/A,$364.00 , $-   
2/4/2025,2064,1,5,2,4,1,Inpatient,$211.00 ,$55.00 ,,1,Emergency,Yes,Paid,2/11/2025,2/4/2025,Private Room,$221.20 ,$50.00 
2/4/2025,4917,1,4,2,5,1,Inpatient,$890.00 ,$85.00 ,2/24/2025,10,Physician Referral,Yes,Paid,,,N/A,$682.50 , $-   
2/4/2025,1788,1,5,2,2,3,Emergency,$683.00 ,$178.00 ,,4,Self-Referral,No,Paid,2/5/2025,2/4/2025,Semi-Private Room,$623.70 ,$30.00 
2/4/2025,1078,1,1,2,3,1,Outpatient,$692.00 ,$22.00 ,,1,Emergency,No,Pending,2/6/2025,2/4/2025,Private Room,$534.80 ,$50.00 
2/4/2025,301,1,2,2,1,2,Emergency,$521.00 ,$32.00 ,,2,Self-Referral,Yes,Paid,2/9/2025,2/4/2025,Private Room,$422.10 ,$50.00 
2/4/2025,392,1,4,2,1,2,Emergency,$128.00 ,$178.00 ,,2,Self-Referral,No,Paid,2/6/2025,2/4/2025,General Ward, $-   ,$10.00 
2/5/2025,3041,1,4,2,3,2,Outpatient,$362.00 ,$48.00 ,,10,Emergency,No,Paid,2/14/2025,2/5/2025,Semi-Private Room,$308.00 ,$30.00 
2/5/2025,2802,1,3,2,1,3,Emergency,$661.00 ,$76.00 ,,5,Physician Referral,Yes,Paid,2/9/2025,2/5/2025,Private Room,$550.90 ,$50.00 
2/5/2025,3444,1,4,2,1,1,Inpatient,$409.00 ,$180.00 ,2/15/2025,1,Self-Referral,No,Pending,,,N/A,$412.30 , $-   
2/5/2025,2522,1,2,2,3,2,Outpatient,$143.00 ,$29.00 ,3/1/2025,10,Physician Referral,Yes,Paid,,,N/A, $-   , $-   
2/5/2025,4939,1,1,2,5,2,Emergency,$140.00 ,$82.00 ,3/3/2025,3,Self-Referral,No,Paid,,,N/A, $-   , $-   
2/5/2025,2978,1,3,2,1,2,Outpatient,$623.00 ,$92.00 ,,6,Emergency,No,Pending,2/14/2025,2/5/2025,General Ward, $-   ,$10.00 
2/5/2025,3044,1,2,2,4,3,Emergency,$230.00 ,$127.00 ,,1,Self-Referral,No,Pending,2/6/2025,2/5/2025,Semi-Private Room,$270.90 ,$30.00 
2/5/2025,2411,1,4,2,4,2,Inpatient,$540.00 ,$120.00 ,,1,Physician Referral,Yes,Pending,2/6/2025,2/5/2025,Semi-Private Room,$483.00 ,$30.00 
2/5/2025,2033,1,5,2,4,1,Emergency,$201.00 ,$115.00 ,2/27/2025,3,Physician Referral,Yes,Paid,,,N/A,$221.20 , $-   
2/5/2025,4929,1,5,2,3,1,Outpatient,$82.00 ,$116.00 ,,9,Self-Referral,No,Pending,2/6/2025,2/5/2025,Private Room, $-   ,$50.00 
2/6/2025,40,1,2,2,4,3,Emergency,$460.00 ,$21.00 ,2/21/2025,2,Self-Referral,No,Pending,,,N/A,$336.70 , $-   
2/6/2025,3034,1,1,2,2,3,Inpatient,$531.00 ,$129.00 ,,6,Self-Referral,Yes,Pending,2/10/2025,2/6/2025,Private Room,$497.00 ,$50.00 
2/6/2025,2926,1,5,2,1,3,Inpatient,$335.00 ,$149.00 ,2/20/2025,3,Emergency,No,Paid,,,N/A,$338.80 , $-   
2/6/2025,4187,1,2,2,5,1,Inpatient,$421.00 ,$142.00 ,,6,Physician Referral,No,Paid,2/15/2025,2/6/2025,General Ward,$401.10 ,$10.00 
2/6/2025,1513,1,3,2,4,3,Emergency,$887.00 ,$135.00 ,,7,Self-Referral,Yes,Pending,2/14/2025,2/6/2025,Semi-Private Room, $-   ,$30.00 
2/6/2025,4357,1,4,2,3,3,Outpatient,$291.00 ,$56.00 ,2/23/2025,7,Physician Referral,No,Paid,,,N/A,$242.90 , $-   
2/6/2025,2688,1,1,2,5,1,Emergency,$979.00 ,$149.00 ,2/26/2025,2,Physician Referral,No,Paid,,,N/A,$789.60 , $-   
2/6/2025,879,1,1,2,3,2,Emergency,$329.00 ,$80.00 ,3/1/2025,3,Physician Referral,No,Paid,,,N/A,$286.30 , $-   
2/6/2025,2951,1,3,2,5,3,Emergency,$183.00 ,$59.00 ,,4,Physician Referral,No,Paid,2/13/2025,2/6/2025,General Ward, $-   ,$10.00 
2/6/2025,205,3,1,2,5,2,Outpatient,$332.00 ,$44.00 ,2/25/2025,8,Self-Referral,Yes,Paid,,,N/A,$263.20 , $-   
2/7/2025,3672,2,2,2,1,2,Inpatient,$738.00 ,$142.00 ,2/21/2025,5,Physician Referral,Yes,Pending,,,N/A,$616.00 , $-   
2/7/2025,807,3,1,2,5,2,Inpatient,$726.00 ,$185.00 ,,1,Physician Referral,Yes,Pending,2/8/2025,2/7/2025,Semi-Private Room, $-   ,$30.00 
2/7/2025,4894,3,1,2,2,2,Inpatient,$789.00 ,$56.00 ,,9,Emergency,No,Pending,2/10/2025,2/7/2025,Semi-Private Room,$612.50 ,$30.00 
2/7/2025,846,3,1,2,2,3,Outpatient,$417.00 ,$46.00 ,2/27/2025,1,Self-Referral,Yes,Pending,,,N/A,$324.10 , $-   
2/7/2025,4604,5,2,2,2,3,Emergency,$156.00 ,$103.00 ,,2,Physician Referral,No,Paid,2/16/2025,2/7/2025,Private Room,$216.30 ,$50.00 
2/7/2025,2930,4,4,2,3,3,Emergency,$723.00 ,$197.00 ,2/24/2025,7,Physician Referral,No,Pending,,,N/A, $-   , $-   
2/7/2025,4453,1,5,2,1,1,Emergency,$447.00 ,$181.00 ,2/22/2025,3,Self-Referral,No,Pending,,,N/A,$439.60 , $-   
2/7/2025,620,1,1,2,3,1,Outpatient,$514.00 ,$63.00 ,2/21/2025,6,Self-Referral,Yes,Paid,,,N/A, $-   , $-   
2/7/2025,3,5,3,2,4,2,Emergency,$301.00 ,$91.00 ,,8,Physician Referral,No,Paid,2/16/2025,2/7/2025,Semi-Private Room,$295.40 ,$30.00 
2/7/2025,1463,2,3,2,2,1,Outpatient,$554.00 ,$151.00 ,2/27/2025,5,Emergency,No,Paid,,,N/A,$493.50 , $-   
2/8/2025,1299,4,2,2,1,2,Inpatient,$140.00 ,$199.00 ,3/1/2025,1,Emergency,No,Paid,,,N/A,$237.30 , $-   
2/8/2025,3873,4,4,2,2,2,Inpatient,$880.00 ,$74.00 ,,10,Self-Referral,Yes,Pending,2/13/2025,2/8/2025,Private Room,$702.80 ,$50.00 
2/8/2025,2954,4,1,2,1,3,Outpatient,$226.00 ,$92.00 ,2/15/2025,3,Self-Referral,No,Paid,,,N/A,$222.60 , $-   
2/8/2025,3921,4,2,2,3,3,Inpatient,$294.00 ,$31.00 ,2/26/2025,2,Emergency,Yes,Paid,,,N/A,$227.50 , $-   
2/8/2025,195,5,5,2,3,1,Outpatient,$364.00 ,$161.00 ,2/19/2025,6,Emergency,Yes,Paid,,,N/A,$367.50 , $-   
2/8/2025,261,1,4,2,2,3,Emergency,$355.00 ,$182.00 ,,5,Emergency,No,Paid,2/14/2025,2/8/2025,General Ward,$382.90 ,$10.00 
2/8/2025,4927,2,4,2,5,1,Inpatient,$646.00 ,$25.00 ,2/28/2025,7,Emergency,No,Paid,,,N/A,$469.70 , $-   
2/8/2025,734,2,2,2,1,3,Inpatient,$339.00 ,$66.00 ,,2,Emergency,Yes,Paid,2/14/2025,2/8/2025,General Ward,$290.50 ,$10.00 
2/8/2025,1376,2,3,2,4,3,Emergency,$219.00 ,$170.00 ,,6,Self-Referral,Yes,Pending,2/12/2025,2/8/2025,Private Room,$307.30 ,$50.00 
2/8/2025,3182,5,4,2,5,1,Emergency,$795.00 ,$134.00 ,3/8/2025,5,Self-Referral,Yes,Pending,,,N/A,$650.30 , $-   
2/9/2025,2876,5,3,2,3,2,Outpatient,$238.00 ,$87.00 ,3/3/2025,6,Self-Referral,Yes,Pending,,,N/A,$227.50 , $-   
2/9/2025,474,3,4,2,1,1,Inpatient,$170.00 ,$78.00 ,,5,Self-Referral,No,Paid,2/10/2025,2/9/2025,General Ward,$180.60 ,$10.00 
2/9/2025,4811,5,4,2,5,3,Emergency,$981.00 ,$156.00 ,3/6/2025,7,Physician Referral,No,Paid,,,N/A,$795.90 , $-   
2/9/2025,785,4,4,2,4,2,Inpatient,$766.00 ,$138.00 ,3/3/2025,5,Emergency,Yes,Pending,,,N/A,$632.80 , $-   
2/9/2025,642,1,5,2,5,3,Inpatient,$434.00 ,$67.00 ,,7,Emergency,Yes,Pending,2/14/2025,2/9/2025,Semi-Private Room,$371.70 ,$30.00 
2/9/2025,3234,2,3,2,4,3,Inpatient,$163.00 ,$28.00 ,2/22/2025,1,Self-Referral,Yes,Pending,,,N/A,$133.70 , $-   
2/9/2025,1593,5,5,2,3,3,Inpatient,$795.00 ,$191.00 ,2/18/2025,9,Emergency,No,Pending,,,N/A,$690.20 , $-   
2/9/2025,4706,1,3,2,1,2,Outpatient,$343.00 ,$65.00 ,,6,Physician Referral,Yes,Paid,2/10/2025,2/9/2025,General Ward,$292.60 ,$10.00 
2/9/2025,2540,4,5,2,3,3,Emergency,$84.00 ,$162.00 ,3/10/2025,9,Physician Referral,Yes,Pending,,,N/A,$172.20 , $-   
2/9/2025,3704,5,5,2,1,1,Inpatient,$679.00 ,$195.00 ,,1,Physician Referral,Yes,Paid,2/10/2025,2/9/2025,General Ward,$618.80 ,$10.00 
2/10/2025,652,5,5,2,5,1,Emergency,$872.00 ,$91.00 ,,2,Self-Referral,Yes,Paid,2/15/2025,2/10/2025,General Ward,$681.10 ,$10.00 
2/10/2025,1740,1,2,2,3,1,Emergency,$792.00 ,$147.00 ,2/24/2025,7,Emergency,Yes,Paid,,,N/A,$657.30 , $-   
2/10/2025,2282,4,5,2,1,2,Outpatient,$846.00 ,$189.00 ,,4,Physician Referral,Yes,Pending,2/15/2025,2/10/2025,Private Room,$759.50 ,$50.00 
2/10/2025,3057,5,4,2,4,1,Outpatient,$996.00 ,$129.00 ,3/9/2025,10,Physician Referral,Yes,Pending,,,N/A,$787.50 , $-   
2/10/2025,3764,1,1,2,1,3,Inpatient,$938.00 ,$164.00 ,3/9/2025,1,Emergency,Yes,Pending,,,N/A,$771.40 , $-   
2/10/2025,3755,4,5,2,3,2,Inpatient,$331.00 ,$54.00 ,,5,Emergency,No,Paid,2/17/2025,2/10/2025,Private Room,$304.50 ,$50.00 
2/10/2025,4553,5,1,2,3,3,Outpatient,$311.00 ,$178.00 ,,4,Physician Referral,No,Paid,2/12/2025,2/10/2025,Private Room,$377.30 ,$50.00 
2/10/2025,4753,5,1,2,5,3,Emergency,$876.00 ,$151.00 ,,6,Physician Referral,No,Pending,2/16/2025,2/10/2025,Semi-Private Room,$739.90 ,$30.00 
2/10/2025,4483,2,4,2,4,3,Emergency,$557.00 ,$67.00 ,,7,Emergency,Yes,Paid,2/12/2025,2/10/2025,General Ward,$443.80 ,$10.00 
2/10/2025,1907,3,1,2,1,1,Outpatient,$989.00 ,$161.00 ,,3,Self-Referral,No,Pending,2/15/2025,2/10/2025,Semi-Private Room,$826.00 ,$30.00 
2/11/2025,18,4,1,2,3,1,Inpatient,$613.00 ,$172.00 ,,6,Emergency,Yes,Paid,2/15/2025,2/11/2025,Private Room,$584.50 ,$50.00 
2/11/2025,2853,1,1,2,1,2,Inpatient,$256.00 ,$65.00 ,3/3/2025,2,Self-Referral,No,Paid,,,N/A,$224.70 , $-   
2/11/2025,4361,2,3,2,2,2,Inpatient,$373.00 ,$67.00 ,3/9/2025,10,Physician Referral,Yes,Paid,,,N/A,$308.00 , $-   
2/11/2025,3648,5,5,2,4,1,Outpatient,$382.00 ,$187.00 ,,4,Self-Referral,No,Paid,2/16/2025,2/11/2025,General Ward,$405.30 ,$10.00 
2/11/2025,2596,1,5,2,4,1,Outpatient,$355.00 ,$197.00 ,2/20/2025,10,Self-Referral,No,Paid,,,N/A,$386.40 , $-   
2/11/2025,2842,2,1,2,2,3,Emergency,$933.00 ,$26.00 ,,9,Physician Referral,Yes,Paid,2/13/2025,2/11/2025,Private Room,$706.30 ,$50.00 
2/11/2025,4875,2,4,2,4,1,Outpatient,$285.00 ,$114.00 ,,7,Physician Referral,No,Paid,2/19/2025,2/11/2025,Semi-Private Room,$300.30 ,$30.00 
2/11/2025,327,3,3,2,2,3,Inpatient,$131.00 ,$79.00 ,2/28/2025,2,Self-Referral,No,Pending,,,N/A,$147.00 , $-   
2/11/2025,1330,2,4,2,1,1,Emergency,$741.00 ,$54.00 ,3/11/2025,6,Emergency,No,Paid,,,N/A,$556.50 , $-   
2/11/2025,3424,4,4,2,2,3,Inpatient,$918.00 ,$167.00 ,,4,Emergency,No,Paid,2/19/2025,2/11/2025,General Ward,$766.50 ,$10.00 
2/12/2025,2524,3,1,2,5,1,Inpatient,$334.00 ,$163.00 ,,8,Physician Referral,Yes,Pending,2/18/2025,2/12/2025,Semi-Private Room,$368.90 ,$30.00 
2/12/2025,2653,3,2,2,2,1,Emergency,$530.00 ,$169.00 ,,8,Physician Referral,Yes,Pending,2/15/2025,2/12/2025,Semi-Private Room,$510.30 ,$30.00 
2/12/2025,253,5,1,2,1,2,Inpatient,$738.00 ,$183.00 ,3/4/2025,1,Emergency,Yes,Pending,,,N/A,$644.70 , $-   
2/12/2025,14,5,2,5,4,2,Emergency,$840.00 ,$38.00 ,,8,Emergency,Yes,Pending,2/16/2025,2/12/2025,Private Room,$649.60 ,$50.00 
2/12/2025,1126,4,3,2,5,3,Inpatient,$554.00 ,$149.00 ,,10,Physician Referral,Yes,Paid,2/13/2025,2/12/2025,Private Room,$527.10 ,$50.00 
2/12/2025,1448,1,2,1,2,2,Inpatient,$62.00 ,$87.00 ,3/12/2025,7,Emergency,No,Paid,,,N/A,$104.30 , $-   
2/12/2025,4935,4,1,5,1,2,Emergency,$937.00 ,$117.00 ,2/20/2025,1,Self-Referral,Yes,Pending,,,N/A,$737.80 , $-   
2/12/2025,6,3,1,2,5,1,Inpatient,$314.00 ,$26.00 ,2/22/2025,3,Physician Referral,Yes,Paid,,,N/A,$238.00 , $-   
2/12/2025,2104,5,4,3,5,3,Inpatient,$785.00 ,$66.00 ,,5,Self-Referral,Yes,Pending,2/21/2025,2/12/2025,Private Room,$630.70 ,$50.00 
2/12/2025,4950,4,1,4,5,2,Emergency,$972.00 ,$196.00 ,,3,Self-Referral,Yes,Paid,2/17/2025,2/12/2025,Private Room,$852.60 ,$50.00 
2/13/2025,3902,5,1,2,2,2,Emergency,$78.00 ,$62.00 ,3/12/2025,3,Self-Referral,Yes,Paid,,,N/A,$98.00 , $-   
2/13/2025,2711,4,5,4,1,1,Emergency,$566.00 ,$51.00 ,,1,Self-Referral,Yes,Paid,2/21/2025,2/13/2025,Semi-Private Room,$452.90 ,$30.00 
2/13/2025,4021,4,5,5,1,1,Outpatient,$737.00 ,$164.00 ,,8,Emergency,No,Paid,2/16/2025,2/13/2025,Semi-Private Room,$651.70 ,$30.00 
2/13/2025,4910,2,4,5,1,1,Inpatient,$823.00 ,$147.00 ,2/24/2025,9,Physician Referral,No,Paid,,,N/A,$679.00 , $-   
2/13/2025,4263,4,2,1,3,3,Emergency,$601.00 ,$138.00 ,3/10/2025,5,Emergency,Yes,Pending,,,N/A,$517.30 , $-   
2/13/2025,4600,5,2,4,4,1,Inpatient,$163.00 ,$33.00 ,,1,Self-Referral,Yes,Paid,2/17/2025,2/13/2025,General Ward,$144.20 ,$10.00 
2/13/2025,3373,4,5,3,1,3,Emergency,$155.00 ,$100.00 ,3/1/2025,1,Self-Referral,Yes,Paid,,,N/A,$178.50 , $-   
2/13/2025,1462,1,3,3,3,1,Inpatient,$898.00 ,$179.00 ,3/12/2025,9,Self-Referral,No,Paid,,,N/A,$753.90 , $-   
2/13/2025,2946,2,5,2,3,2,Inpatient,$367.00 ,$71.00 ,,1,Self-Referral,Yes,Paid,2/17/2025,2/13/2025,Private Room,$341.60 ,$50.00 
2/13/2025,2451,4,3,3,5,3,Emergency,$486.00 ,$23.00 ,,9,Physician Referral,No,Paid,2/21/2025,2/13/2025,Semi-Private Room,$377.30 ,$30.00 
2/14/2025,2622,1,2,4,4,1,Emergency,$266.00 ,$52.00 ,,3,Physician Referral,No,Pending,2/23/2025,2/14/2025,General Ward,$229.60 ,$10.00 
2/14/2025,4432,5,5,5,5,1,Outpatient,$465.00 ,$125.00 ,,3,Physician Referral,Yes,Paid,2/17/2025,2/14/2025,Semi-Private Room,$434.00 ,$30.00 
2/14/2025,587,1,1,4,4,2,Emergency,$732.00 ,$148.00 ,,4,Self-Referral,No,Pending,2/21/2025,2/14/2025,General Ward,$623.00 ,$10.00 
2/14/2025,3080,2,3,4,5,2,Emergency,$917.00 ,$116.00 ,,5,Self-Referral,No,Paid,2/23/2025,2/14/2025,Semi-Private Room,$744.10 ,$30.00 
2/14/2025,2637,5,3,5,2,2,Emergency,$102.00 ,$83.00 ,3/13/2025,6,Physician Referral,Yes,Paid,,,N/A,$129.50 , $-   
2/14/2025,3607,4,3,4,4,1,Outpatient,$826.00 ,$147.00 ,2/22/2025,6,Physician Referral,No,Pending,,,N/A,$681.10 , $-   
2/14/2025,3142,4,2,3,3,2,Inpatient,$763.00 ,$56.00 ,3/13/2025,10,Physician Referral,No,Paid,,,N/A,$573.30 , $-   
2/14/2025,2964,1,4,2,3,2,Outpatient,$697.00 ,$145.00 ,,9,Emergency,Yes,Paid,2/16/2025,2/14/2025,Private Room,$624.40 ,$50.00 
2/14/2025,2867,4,1,2,4,3,Inpatient,$797.00 ,$89.00 ,,1,Self-Referral,Yes,Pending,2/18/2025,2/14/2025,Semi-Private Room,$641.20 ,$30.00 
2/14/2025,3164,5,5,4,5,3,Emergency,$886.00 ,$154.00 ,,9,Physician Referral,No,Paid,2/17/2025,2/14/2025,Private Room,$763.00 ,$50.00 
2/15/2025,4782,5,3,5,2,3,Emergency,$718.00 ,$123.00 ,,4,Physician Referral,Yes,Pending,2/23/2025,2/15/2025,Semi-Private Room,$609.70 ,$30.00 
2/15/2025,141,4,2,1,2,1,Emergency,$954.00 ,$171.00 ,,7,Self-Referral,Yes,Pending,2/19/2025,2/15/2025,Semi-Private Room,$808.50 ,$30.00 
2/15/2025,4733,1,3,4,1,3,Outpatient,$63.00 ,$133.00 ,2/24/2025,6,Emergency,Yes,Pending,,,N/A,$137.20 , $-   
2/15/2025,3282,4,5,4,4,1,Outpatient,$398.00 ,$74.00 ,,9,Self-Referral,Yes,Paid,2/24/2025,2/15/2025,Private Room,$365.40 ,$50.00 
2/15/2025,4566,3,1,1,2,2,Emergency,$294.00 ,$140.00 ,3/8/2025,2,Physician Referral,No,Paid,,,N/A,$303.80 , $-   
2/15/2025,2155,4,3,2,5,1,Outpatient,$644.00 ,$142.00 ,,2,Physician Referral,Yes,Pending,2/16/2025,2/15/2025,General Ward,$557.20 ,$10.00 
2/15/2025,3712,2,2,2,5,1,Emergency,$740.00 ,$22.00 ,3/12/2025,7,Emergency,Yes,Paid,,,N/A,$533.40 , $-   
2/15/2025,509,4,2,1,3,2,Outpatient,$968.00 ,$111.00 ,3/14/2025,9,Emergency,Yes,Pending,,,N/A,$755.30 , $-   
2/15/2025,2476,3,4,5,2,3,Emergency,$784.00 ,$170.00 ,2/23/2025,5,Self-Referral,Yes,Paid,,,N/A,$667.80 , $-   
2/15/2025,2028,2,2,4,2,3,Outpatient,$932.00 ,$183.00 ,2/24/2025,7,Physician Referral,No,Pending,,,N/A,$780.50 , $-   
2/16/2025,4445,1,4,3,5,3,Inpatient,$599.00 ,$138.00 ,3/6/2025,8,Emergency,No,Paid,,,N/A,$515.90 , $-   
2/16/2025,1136,2,1,2,3,2,Emergency,$706.00 ,$195.00 ,3/17/2025,8,Physician Referral,No,Pending,,,N/A,$630.70 , $-   
2/16/2025,3611,5,5,2,2,1,Outpatient,$234.00 ,$160.00 ,3/8/2025,4,Emergency,No,Paid,,,N/A,$275.80 , $-   
2/16/2025,3557,3,4,2,5,2,Outpatient,$954.00 ,$80.00 ,,10,Emergency,No,Pending,2/17/2025,2/16/2025,General Ward,$730.80 ,$10.00 
2/16/2025,698,5,3,5,3,2,Emergency,$89.00 ,$171.00 ,,7,Physician Referral,Yes,Paid,2/20/2025,2/16/2025,General Ward,$189.00 ,$10.00 
2/16/2025,130,5,3,1,3,2,Outpatient,$489.00 ,$190.00 ,3/11/2025,1,Physician Referral,No,Pending,,,N/A,$475.30 , $-   
2/16/2025,4897,2,5,5,5,2,Inpatient,$137.00 ,$120.00 ,,4,Self-Referral,Yes,Paid,2/19/2025,2/16/2025,Semi-Private Room,$200.90 ,$30.00 
2/16/2025,4286,2,2,2,3,1,Inpatient,$556.00 ,$135.00 ,,5,Self-Referral,No,Paid,2/19/2025,2/16/2025,General Ward,$490.70 ,$10.00 
2/16/2025,1093,5,3,4,3,3,Outpatient,$486.00 ,$52.00 ,3/10/2025,10,Self-Referral,Yes,Pending,,,N/A,$376.60 , $-   
2/16/2025,4779,1,4,2,1,3,Emergency,$592.00 ,$97.00 ,,7,Physician Referral,No,Paid,2/18/2025,2/16/2025,Private Room,$517.30 ,$50.00 
2/17/2025,1328,4,5,4,3,2,Outpatient,$510.00 ,$43.00 ,3/12/2025,6,Emergency,Yes,Paid,,,N/A,$387.10 , $-   
2/17/2025,3112,4,3,4,2,1,Outpatient,$617.00 ,$169.00 ,,4,Self-Referral,No,Paid,2/19/2025,2/17/2025,Semi-Private Room,$571.20 ,$30.00 
2/17/2025,4895,3,2,2,3,2,Inpatient,$112.00 ,$71.00 ,3/4/2025,3,Physician Referral,Yes,Paid,,,N/A,$128.10 , $-   
2/17/2025,3817,2,2,2,2,1,Outpatient,$971.00 ,$120.00 ,,6,Self-Referral,No,Pending,2/25/2025,2/17/2025,General Ward,$770.70 ,$10.00 
2/17/2025,2209,4,3,4,5,2,Emergency,$376.00 ,$135.00 ,2/26/2025,10,Self-Referral,Yes,Paid,,,N/A,$357.70 , $-   
2/17/2025,3527,1,5,5,3,3,Inpatient,$879.00 ,$142.00 ,,5,Self-Referral,No,Paid,2/18/2025,2/17/2025,Private Room,$749.70 ,$50.00 
2/17/2025,2698,3,1,5,5,3,Outpatient,$188.00 ,$25.00 ,,3,Emergency,Yes,Pending,2/25/2025,2/17/2025,Semi-Private Room,$170.10 ,$30.00 
2/17/2025,633,2,3,5,4,2,Emergency,$134.00 ,$166.00 ,,4,Physician Referral,Yes,Paid,2/20/2025,2/17/2025,General Ward,$217.00 ,$10.00 
2/17/2025,3052,4,2,3,3,3,Inpatient,$615.00 ,$95.00 ,3/17/2025,2,Emergency,No,Pending,,,N/A,$497.00 , $-   
2/17/2025,1371,5,1,4,5,2,Emergency,$174.00 ,$109.00 ,3/9/2025,9,Self-Referral,Yes,Paid,,,N/A,$198.10 , $-   
2/18/2025,4143,1,5,3,4,1,Emergency,$726.00 ,$176.00 ,,7,Self-Referral,No,Pending,2/20/2025,2/18/2025,Private Room,$666.40 ,$50.00 
2/18/2025,3187,1,2,3,2,1,Emergency,$310.00 ,$142.00 ,,10,Emergency,Yes,Paid,2/27/2025,2/18/2025,Private Room,$351.40 ,$50.00 
2/18/2025,621,2,5,4,2,1,Outpatient,$881.00 ,$83.00 ,2/27/2025,3,Self-Referral,Yes,Pending,,,N/A,$674.80 , $-   
2/18/2025,1694,1,3,3,2,1,Inpatient,$781.00 ,$161.00 ,,8,Self-Referral,No,Pending,2/23/2025,2/18/2025,General Ward,$666.40 ,$10.00 
2/18/2025,515,2,5,4,2,2,Outpatient,$626.00 ,$100.00 ,,8,Emergency,Yes,Pending,2/23/2025,2/18/2025,Semi-Private Room,$529.20 ,$30.00 
2/18/2025,4667,1,2,1,2,3,Inpatient,$436.00 ,$177.00 ,3/2/2025,1,Physician Referral,Yes,Paid,,,N/A,$429.10 , $-   
2/18/2025,3939,4,3,1,1,1,Emergency,$317.00 ,$90.00 ,3/19/2025,5,Self-Referral,Yes,Pending,,,N/A,$284.90 , $-   
2/18/2025,3598,2,2,4,5,3,Emergency,$983.00 ,$168.00 ,,5,Self-Referral,No,Paid,2/24/2025,2/18/2025,General Ward,$812.70 ,$10.00 
2/18/2025,2818,1,2,4,4,2,Outpatient,$83.00 ,$84.00 ,3/17/2025,3,Physician Referral,No,Pending,,,N/A,$116.90 , $-   
2/18/2025,1465,4,1,4,4,3,Emergency,$862.00 ,$132.00 ,,2,Emergency,Yes,Pending,2/22/2025,2/18/2025,Semi-Private Room,$716.80 ,$30.00 
2/19/2025,3107,4,4,5,3,3,Emergency,$950.00 ,$121.00 ,,1,Emergency,No,Pending,2/26/2025,2/19/2025,Private Room,$784.70 ,$50.00 
2/19/2025,201,4,5,4,5,3,Emergency,$636.00 ,$23.00 ,3/16/2025,4,Self-Referral,No,Paid,,,N/A,$461.30 , $-   
2/19/2025,4573,2,5,2,1,2,Inpatient,$692.00 ,$193.00 ,,10,Self-Referral,No,Paid,2/26/2025,2/19/2025,General Ward,$626.50 ,$10.00 
2/19/2025,3818,2,1,1,1,2,Inpatient,$213.00 ,$155.00 ,3/10/2025,2,Emergency,Yes,Pending,,,N/A,$257.60 , $-   
2/19/2025,1728,1,5,1,5,2,Outpatient,$437.00 ,$165.00 ,3/2/2025,5,Self-Referral,No,Pending,,,N/A,$421.40 , $-   
2/19/2025,4207,5,1,4,2,3,Inpatient,$618.00 ,$79.00 ,,10,Emergency,Yes,Pending,2/28/2025,2/19/2025,Semi-Private Room,$508.90 ,$30.00 
2/19/2025,720,5,5,1,2,1,Emergency,$941.00 ,$64.00 ,2/26/2025,2,Emergency,No,Pending,,,N/A,$703.50 , $-   
2/19/2025,746,3,5,4,5,1,Emergency,$508.00 ,$91.00 ,,1,Emergency,Yes,Pending,2/25/2025,2/19/2025,Private Room,$454.30 ,$50.00 
2/19/2025,3822,5,2,4,4,3,Emergency,$697.00 ,$114.00 ,3/9/2025,10,Self-Referral,Yes,Pending,,,N/A,$567.70 , $-   
2/19/2025,3005,5,1,1,2,1,Outpatient,$148.00 ,$50.00 ,,10,Emergency,Yes,Pending,2/20/2025,2/19/2025,Private Room,$173.60 ,$50.00 
2/20/2025,4691,1,5,1,3,1,Emergency,$692.00 ,$175.00 ,3/13/2025,10,Physician Referral,Yes,Pending,,,N/A,$606.90 , $-   
2/20/2025,4298,2,4,2,1,3,Emergency,$473.00 ,$139.00 ,,10,Physician Referral,No,Paid,3/1/2025,2/20/2025,Private Room,$463.40 ,$50.00 
2/20/2025,4165,5,1,3,2,2,Outpatient,$378.00 ,$83.00 ,,9,Emergency,No,Pending,3/1/2025,2/20/2025,Private Room,$357.70 ,$50.00 
2/20/2025,2645,3,1,2,4,1,Inpatient,$709.00 ,$184.00 ,3/17/2025,2,Physician Referral,No,Paid,,,N/A,$625.10 , $-   
2/20/2025,4514,1,1,2,2,2,Inpatient,$929.00 ,$86.00 ,,10,Emergency,No,Pending,2/25/2025,2/20/2025,Private Room,$745.50 ,$50.00 
2/20/2025,4117,4,2,1,2,1,Inpatient,$956.00 ,$128.00 ,,4,Self-Referral,No,Paid,2/27/2025,2/20/2025,General Ward,$765.80 ,$10.00 
2/20/2025,4787,4,1,2,1,3,Outpatient,$533.00 ,$87.00 ,,3,Self-Referral,Yes,Paid,2/21/2025,2/20/2025,General Ward,$441.00 ,$10.00 
2/20/2025,1611,3,2,1,3,3,Outpatient,$798.00 ,$54.00 ,,1,Self-Referral,Yes,Pending,2/24/2025,2/20/2025,Semi-Private Room,$617.40 ,$30.00 
2/20/2025,4221,2,4,5,3,2,Emergency,$685.00 ,$117.00 ,,8,Emergency,No,Paid,2/24/2025,2/20/2025,Private Room,$596.40 ,$50.00 
2/20/2025,4624,4,3,4,4,2,Emergency,$479.00 ,$55.00 ,,2,Emergency,No,Paid,2/25/2025,2/20/2025,Semi-Private Room,$394.80 ,$30.00 
2/21/2025,296,2,2,3,5,2,Outpatient,$375.00 ,$151.00 ,3/1/2025,8,Physician Referral,No,Pending,,,N/A,$368.20 , $-   
2/21/2025,1974,5,5,5,5,2,Outpatient,$543.00 ,$68.00 ,3/2/2025,1,Physician Referral,Yes,Pending,,,N/A,$427.70 , $-   
2/21/2025,423,5,1,4,5,3,Emergency,$498.00 ,$186.00 ,3/6/2025,6,Self-Referral,Yes,Pending,,,N/A,$478.80 , $-   
2/21/2025,1306,5,3,4,4,3,Emergency,$707.00 ,$37.00 ,3/10/2025,4,Emergency,Yes,Paid,,,N/A,$520.80 , $-   
2/21/2025,2089,4,2,3,2,3,Emergency,$291.00 ,$79.00 ,,3,Physician Referral,No,Pending,2/27/2025,2/21/2025,Private Room,$294.00 ,$50.00 
2/21/2025,3865,4,5,2,3,2,Inpatient,$796.00 ,$105.00 ,,1,Self-Referral,Yes,Paid,2/25/2025,2/21/2025,General Ward,$637.70 ,$10.00 
2/21/2025,4962,2,3,4,3,3,Inpatient,$986.00 ,$157.00 ,3/9/2025,10,Emergency,No,Pending,,,N/A,$800.10 , $-   
2/21/2025,3859,2,4,3,2,3,Emergency,$121.00 ,$132.00 ,,1,Physician Referral,No,Pending,2/27/2025,2/21/2025,Semi-Private Room,$198.10 ,$30.00 
2/21/2025,4468,3,2,1,3,1,Outpatient,$345.00 ,$42.00 ,3/7/2025,7,Physician Referral,Yes,Paid,,,N/A,$270.90 , $-   
2/21/2025,4543,5,2,4,3,1,Inpatient,$172.00 ,$87.00 ,,6,Physician Referral,No,Paid,2/28/2025,2/21/2025,General Ward,$188.30 ,$10.00 
2/22/2025,2670,1,4,4,5,1,Emergency,$226.00 ,$78.00 ,,3,Physician Referral,No,Paid,2/25/2025,2/22/2025,Private Room,$247.80 ,$50.00 
2/22/2025,63,1,2,2,5,2,Inpatient,$151.00 ,$109.00 ,3/2/2025,2,Self-Referral,Yes,Pending,,,N/A,$182.00 , $-   
2/22/2025,4696,5,1,2,1,2,Outpatient,$758.00 ,$26.00 ,,10,Self-Referral,Yes,Pending,3/3/2025,2/22/2025,Semi-Private Room,$569.80 ,$30.00 
2/22/2025,1274,3,2,1,1,3,Outpatient,$538.00 ,$32.00 ,3/14/2025,3,Physician Referral,No,Pending,,,N/A,$399.00 , $-   
2/22/2025,2471,2,1,4,3,3,Outpatient,$594.00 ,$150.00 ,3/13/2025,8,Emergency,No,Paid,,,N/A,$520.80 , $-   
2/22/2025,4309,4,2,2,5,2,Emergency,$155.00 ,$187.00 ,3/7/2025,7,Emergency,No,Paid,,,N/A,$239.40 , $-   
2/22/2025,2727,3,5,3,1,1,Emergency,$690.00 ,$30.00 ,,7,Emergency,No,Paid,3/2/2025,2/22/2025,Private Room,$539.00 ,$50.00 
2/22/2025,4241,3,5,4,1,3,Inpatient,$905.00 ,$70.00 ,,5,Self-Referral,No,Paid,2/23/2025,2/22/2025,Private Room,$717.50 ,$50.00 
2/22/2025,2159,5,3,3,5,1,Emergency,$643.00 ,$170.00 ,3/21/2025,10,Emergency,No,Pending,,,N/A,$569.10 , $-   
2/22/2025,900,2,5,5,1,3,Emergency,$683.00 ,$51.00 ,,3,Emergency,No,Paid,2/24/2025,2/22/2025,Private Room,$548.80 ,$50.00 
2/23/2025,613,1,4,1,2,1,Emergency,$749.00 ,$188.00 ,3/10/2025,1,Emergency,No,Paid,,,N/A,$655.90 , $-   
2/23/2025,3852,1,3,2,2,3,Inpatient,$388.00 ,$61.00 ,3/8/2025,1,Emergency,No,Pending,,,N/A,$314.30 , $-   
2/23/2025,728,1,5,5,5,1,Emergency,$901.00 ,$185.00 ,,6,Self-Referral,Yes,Pending,2/25/2025,2/23/2025,Private Room,$795.20 ,$50.00 
2/23/2025,3432,3,1,2,5,1,Outpatient,$438.00 ,$121.00 ,3/2/2025,4,Emergency,No,Paid,,,N/A,$391.30 , $-   
2/23/2025,2662,4,2,5,1,2,Emergency,$881.00 ,$140.00 ,,7,Physician Referral,Yes,Paid,3/4/2025,2/23/2025,Private Room,$749.70 ,$50.00 
2/23/2025,4081,2,5,2,3,3,Emergency,$712.00 ,$97.00 ,,10,Self-Referral,No,Paid,3/4/2025,2/23/2025,Semi-Private Room,$587.30 ,$30.00 
2/23/2025,3488,4,1,1,4,1,Outpatient,$110.00 ,$91.00 ,,10,Emergency,Yes,Paid,3/4/2025,2/23/2025,General Ward,$147.70 ,$10.00 
2/23/2025,1840,1,3,4,2,2,Inpatient,$610.00 ,$125.00 ,3/2/2025,10,Physician Referral,Yes,Paid,,,N/A,$514.50 , $-   
2/23/2025,2819,4,2,3,2,3,Emergency,$493.00 ,$138.00 ,3/7/2025,1,Self-Referral,No,Paid,,,N/A,$441.70 , $-   
2/23/2025,3155,3,5,5,5,2,Emergency,$427.00 ,$189.00 ,,6,Physician Referral,Yes,Pending,2/24/2025,2/23/2025,Semi-Private Room,$452.20 ,$30.00 
2/24/2025,1148,5,3,3,3,1,Emergency,$823.00 ,$190.00 ,,7,Emergency,Yes,Pending,3/3/2025,2/24/2025,Private Room,$744.10 ,$50.00 
2/24/2025,3076,4,5,3,5,3,Emergency,$619.00 ,$52.00 ,3/3/2025,1,Emergency,Yes,Pending,,,N/A,$469.70 , $-   
2/24/2025,1166,4,3,2,1,1,Outpatient,$662.00 ,$98.00 ,,2,Emergency,Yes,Pending,2/27/2025,2/24/2025,Semi-Private Room,$553.00 ,$30.00 
2/24/2025,1246,4,5,4,3,1,Emergency,$50.00 ,$184.00 ,,9,Physician Referral,No,Paid,3/5/2025,2/24/2025,Semi-Private Room,$184.80 ,$30.00 
2/24/2025,121,1,1,2,1,2,Inpatient,$651.00 ,$97.00 ,3/18/2025,9,Self-Referral,Yes,Paid,,,N/A,$523.60 , $-   
2/24/2025,1019,4,4,3,2,1,Outpatient,$862.00 ,$138.00 ,3/5/2025,6,Physician Referral,No,Paid,,,N/A,$700.00 , $-   
2/24/2025,59,2,1,1,5,3,Outpatient,$765.00 ,$76.00 ,3/15/2025,4,Physician Referral,Yes,Paid,,,N/A,$588.70 , $-   
2/24/2025,2761,3,2,4,5,2,Inpatient,$389.00 ,$71.00 ,,7,Physician Referral,Yes,Pending,3/4/2025,2/24/2025,Private Room,$357.00 ,$50.00 
2/24/2025,2459,2,5,4,4,1,Emergency,$298.00 ,$91.00 ,3/23/2025,5,Emergency,No,Paid,,,N/A,$272.30 , $-   
2/24/2025,4806,2,4,3,3,1,Emergency,$900.00 ,$87.00 ,3/6/2025,3,Physician Referral,Yes,Paid,,,N/A,$690.90 , $-   
2/25/2025,4836,1,4,2,2,1,Emergency,$873.00 ,$119.00 ,3/20/2025,4,Physician Referral,No,Paid,,,N/A,$694.40 , $-   
2/25/2025,3448,4,2,1,4,2,Inpatient,$801.00 ,$101.00 ,3/13/2025,2,Physician Referral,No,Paid,,,N/A,$631.40 , $-   
2/25/2025,1412,3,2,5,4,3,Outpatient,$234.00 ,$174.00 ,3/7/2025,6,Self-Referral,No,Pending,,,N/A,$285.60 , $-   
2/25/2025,2840,3,4,2,5,2,Emergency,$896.00 ,$78.00 ,3/23/2025,3,Physician Referral,Yes,Paid,,,N/A,$681.80 , $-   
2/25/2025,2766,3,2,4,3,1,Inpatient,$234.00 ,$38.00 ,3/15/2025,7,Physician Referral,Yes,Pending,,,N/A,$190.40 , $-   
2/25/2025,4226,4,2,2,5,2,Inpatient,$859.00 ,$22.00 ,,4,Emergency,No,Paid,2/28/2025,2/25/2025,General Ward,$623.70 ,$10.00 
2/25/2025,3978,3,5,5,3,1,Emergency,$612.00 ,$58.00 ,3/16/2025,8,Physician Referral,No,Paid,,,N/A,$469.00 , $-   
2/25/2025,984,3,1,1,4,2,Inpatient,$162.00 ,$85.00 ,,1,Physician Referral,Yes,Paid,2/26/2025,2/25/2025,Semi-Private Room,$193.90 ,$30.00 
2/25/2025,248,5,3,1,1,1,Emergency,$226.00 ,$92.00 ,,9,Emergency,Yes,Pending,3/6/2025,2/25/2025,Semi-Private Room,$243.60 ,$30.00 
2/25/2025,4722,5,4,5,2,2,Emergency,$877.00 ,$153.00 ,3/7/2025,3,Physician Referral,No,Paid,,,N/A,$721.00 , $-   
2/26/2025,3374,3,3,5,4,1,Emergency,$404.00 ,$47.00 ,,3,Physician Referral,Yes,Paid,2/27/2025,2/26/2025,Private Room,$350.70 ,$50.00 
2/26/2025,3855,2,4,3,5,1,Outpatient,$641.00 ,$195.00 ,3/20/2025,5,Self-Referral,No,Paid,,,N/A,$585.20 , $-   
2/26/2025,8,4,4,4,2,2,Inpatient,$256.00 ,$117.00 ,,10,Self-Referral,Yes,Pending,3/1/2025,2/26/2025,Semi-Private Room,$282.10 ,$30.00 
2/26/2025,1449,2,1,3,4,2,Outpatient,$192.00 ,$112.00 ,3/23/2025,1,Physician Referral,No,Pending,,,N/A,$212.80 , $-   
2/26/2025,3517,2,4,2,3,1,Emergency,$335.00 ,$195.00 ,,3,Self-Referral,Yes,Paid,3/4/2025,2/26/2025,Semi-Private Room,$392.00 ,$30.00 
2/26/2025,4379,4,4,5,5,3,Inpatient,$825.00 ,$145.00 ,3/11/2025,4,Physician Referral,Yes,Pending,,,N/A,$679.00 , $-   
2/26/2025,2364,4,1,3,4,1,Emergency,$254.00 ,$35.00 ,3/5/2025,2,Self-Referral,Yes,Paid,,,N/A,$202.30 , $-   
2/26/2025,4154,1,2,4,3,1,Inpatient,$269.00 ,$54.00 ,,6,Physician Referral,Yes,Paid,3/4/2025,2/26/2025,Semi-Private Room,$247.10 ,$30.00 
2/26/2025,1850,1,3,4,3,3,Emergency,$821.00 ,$94.00 ,,10,Self-Referral,No,Pending,3/2/2025,2/26/2025,General Ward,$647.50 ,$10.00 
2/26/2025,2675,1,4,5,3,1,Inpatient,$270.00 ,$126.00 ,3/20/2025,4,Physician Referral,Yes,Paid,,,N/A,$277.20 , $-   
2/27/2025,4918,3,1,3,2,2,Emergency,$725.00 ,$106.00 ,,1,Emergency,No,Paid,3/1/2025,2/27/2025,Private Room,$616.70 ,$50.00 
2/27/2025,2613,3,4,1,5,2,Emergency,$734.00 ,$177.00 ,3/7/2025,3,Emergency,No,Pending,,,N/A,$637.70 , $-   
2/27/2025,2268,3,1,5,3,3,Outpatient,$293.00 ,$195.00 ,,7,Physician Referral,No,Pending,3/5/2025,2/27/2025,Private Room,$376.60 ,$50.00 
2/27/2025,352,1,3,2,4,1,Outpatient,$464.00 ,$88.00 ,3/6/2025,3,Self-Referral,Yes,Pending,,,N/A,$386.40 , $-   
2/27/2025,4303,4,5,3,3,2,Inpatient,$212.00 ,$135.00 ,,6,Emergency,No,Pending,3/4/2025,2/27/2025,General Ward,$249.90 ,$10.00 
2/27/2025,229,3,2,3,5,1,Inpatient,$308.00 ,$27.00 ,3/19/2025,6,Self-Referral,No,Paid,,,N/A,$234.50 , $-   
2/27/2025,4500,4,5,5,2,3,Outpatient,$71.00 ,$126.00 ,,1,Self-Referral,No,Paid,3/5/2025,2/27/2025,Private Room,$172.90 ,$50.00 
2/27/2025,4017,1,1,3,3,2,Emergency,$184.00 ,$126.00 ,3/25/2025,2,Emergency,No,Paid,,,N/A,$217.00 , $-   
2/27/2025,2776,4,4,3,4,3,Emergency,$638.00 ,$133.00 ,,10,Emergency,No,Paid,3/6/2025,2/27/2025,Private Room,$574.70 ,$50.00 
2/27/2025,3294,3,2,2,5,1,Inpatient,$784.00 ,$198.00 ,3/10/2025,6,Self-Referral,Yes,Paid,,,N/A,$687.40 , $-   
2/28/2025,3478,4,3,2,3,1,Inpatient,$922.00 ,$29.00 ,,2,Physician Referral,Yes,Paid,3/9/2025,2/28/2025,Private Room,$700.70 ,$50.00 
2/28/2025,1835,1,2,1,2,1,Emergency,$186.00 ,$47.00 ,,2,Emergency,Yes,Paid,3/7/2025,2/28/2025,General Ward,$170.10 ,$10.00 
2/28/2025,3469,3,4,2,1,3,Outpatient,$661.00 ,$183.00 ,3/21/2025,4,Physician Referral,Yes,Paid,,,N/A,$590.80 , $-   
2/28/2025,2754,3,5,1,4,2,Inpatient,$577.00 ,$79.00 ,,8,Physician Referral,Yes,Pending,3/4/2025,2/28/2025,General Ward,$466.20 ,$10.00 
2/28/2025,4352,1,1,2,3,3,Emergency,$429.00 ,$29.00 ,,6,Emergency,Yes,Paid,3/5/2025,2/28/2025,Semi-Private Room,$341.60 ,$30.00 
2/28/2025,3153,2,5,1,3,2,Inpatient,$555.00 ,$161.00 ,3/16/2025,8,Physician Referral,No,Paid,,,N/A,$501.20 , $-   
2/28/2025,1130,5,2,2,1,1,Outpatient,$366.00 ,$121.00 ,3/27/2025,4,Physician Referral,No,Paid,,,N/A,$340.90 , $-   
2/28/2025,1197,1,4,2,5,1,Inpatient,$128.00 ,$82.00 ,3/8/2025,3,Physician Referral,No,Paid,,,N/A,$147.00 , $-   
2/28/2025,3616,4,1,5,1,3,Emergency,$818.00 ,$194.00 ,3/17/2025,7,Physician Referral,Yes,Paid,,,N/A,$708.40 , $-   
2/28/2025,1455,2,4,2,5,2,Outpatient,$610.00 ,$75.00 ,,7,Self-Referral,No,Pending,3/6/2025,2/28/2025,Semi-Private Room,$500.50 ,$30.00 
3/1/2025,2386,1,4,1,3,1,Emergency,$836.00 ,$153.00 ,,2,Physician Referral,No,Pending,3/10/2025,3/1/2025,Semi-Private Room,$713.30 ,$30.00 
3/1/2025,3863,5,2,5,1,1,Outpatient,$948.00 ,$166.00 ,,1,Physician Referral,Yes,Pending,3/6/2025,3/1/2025,Semi-Private Room,$800.80 ,$30.00 
3/1/2025,1734,3,5,1,3,3,Emergency,$90.00 ,$199.00 ,3/23/2025,8,Physician Referral,Yes,Paid,,,N/A,$202.30 , $-   
3/1/2025,116,5,4,2,1,3,Inpatient,$591.00 ,$147.00 ,,3,Physician Referral,Yes,Paid,3/6/2025,3/1/2025,Private Room,$551.60 ,$50.00 
3/1/2025,4262,5,4,2,3,2,Outpatient,$939.00 ,$196.00 ,,6,Self-Referral,Yes,Paid,3/8/2025,3/1/2025,Semi-Private Room,$815.50 ,$30.00 
3/1/2025,4008,1,4,1,3,1,Outpatient,$735.00 ,$97.00 ,3/26/2025,7,Self-Referral,Yes,Paid,,,N/A,$582.40 , $-   
3/1/2025,3378,3,1,3,3,2,Outpatient,$423.00 ,$158.00 ,,8,Self-Referral,No,Pending,3/3/2025,3/1/2025,Semi-Private Room,$427.70 ,$30.00 
3/1/2025,1408,3,4,5,2,2,Inpatient,$856.00 ,$65.00 ,,6,Emergency,No,Pending,3/4/2025,3/1/2025,General Ward,$651.70 ,$10.00 
3/1/2025,3082,5,4,5,1,2,Outpatient,$688.00 ,$88.00 ,3/11/2025,7,Emergency,Yes,Paid,,,N/A,$543.20 , $-   
3/1/2025,2910,1,2,2,2,3,Inpatient,$74.00 ,$64.00 ,,5,Self-Referral,Yes,Paid,3/3/2025,3/1/2025,Semi-Private Room,$117.60 ,$30.00 
3/2/2025,825,3,4,5,3,2,Inpatient,$231.00 ,$114.00 ,3/18/2025,3,Emergency,Yes,Pending,,,N/A,$241.50 , $-   
3/2/2025,1199,3,4,1,4,2,Outpatient,$761.00 ,$127.00 ,3/30/2025,2,Self-Referral,Yes,Pending,,,N/A,$621.60 , $-   
3/2/2025,766,4,2,2,5,2,Emergency,$665.00 ,$77.00 ,,7,Physician Referral,Yes,Pending,3/4/2025,3/2/2025,General Ward,$526.40 ,$10.00 
3/2/2025,4845,5,1,5,1,3,Outpatient,$813.00 ,$179.00 ,,8,Self-Referral,No,Pending,3/5/2025,3/2/2025,Private Room,$729.40 ,$50.00 
3/2/2025,2576,2,5,4,1,3,Emergency,$878.00 ,$134.00 ,,8,Self-Referral,No,Pending,3/8/2025,3/2/2025,General Ward,$715.40 ,$10.00 
3/2/2025,2318,5,2,5,5,1,Emergency,$961.00 ,$29.00 ,3/30/2025,3,Emergency,Yes,Pending,,,N/A,$693.00 , $-   
3/2/2025,814,1,1,1,2,3,Outpatient,$84.00 ,$160.00 ,3/20/2025,2,Self-Referral,Yes,Pending,,,N/A,$170.80 , $-   
3/2/2025,2192,3,5,5,5,3,Outpatient,$366.00 ,$130.00 ,,9,Physician Referral,Yes,Paid,3/7/2025,3/2/2025,Private Room,$382.20 ,$50.00 
3/2/2025,1095,3,4,3,4,2,Emergency,$145.00 ,$32.00 ,,6,Self-Referral,Yes,Paid,3/7/2025,3/2/2025,General Ward,$130.90 ,$10.00 
3/2/2025,4881,4,2,3,3,1,Outpatient,$551.00 ,$55.00 ,3/10/2025,10,Self-Referral,No,Pending,,,N/A,$424.20 , $-   
3/3/2025,4948,3,4,2,5,3,Outpatient,$484.00 ,$105.00 ,,3,Self-Referral,Yes,Paid,3/5/2025,3/3/2025,Private Room,$447.30 ,$50.00 
3/3/2025,1381,3,2,3,5,1,Inpatient,$550.00 ,$147.00 ,,5,Self-Referral,Yes,Pending,3/5/2025,3/3/2025,Semi-Private Room,$508.90 ,$30.00 
3/3/2025,1648,2,5,1,3,2,Emergency,$765.00 ,$141.00 ,3/11/2025,1,Emergency,Yes,Paid,,,N/A,$634.20 , $-   
3/3/2025,682,5,1,4,1,3,Inpatient,$862.00 ,$166.00 ,,2,Emergency,No,Pending,3/4/2025,3/3/2025,General Ward,$726.60 ,$10.00 
3/3/2025,2657,3,2,4,4,2,Outpatient,$591.00 ,$137.00 ,,9,Emergency,No,Paid,3/6/2025,3/3/2025,General Ward,$516.60 ,$10.00 
3/3/2025,4528,1,1,2,5,2,Outpatient,$350.00 ,$154.00 ,,10,Self-Referral,Yes,Pending,3/10/2025,3/3/2025,Private Room,$387.80 ,$50.00 
3/3/2025,1061,2,4,2,5,1,Inpatient,$800.00 ,$34.00 ,,10,Physician Referral,Yes,Paid,3/8/2025,3/3/2025,Private Room,$618.80 ,$50.00 
3/3/2025,4647,2,4,3,1,3,Inpatient,$493.00 ,$100.00 ,3/18/2025,3,Emergency,No,Paid,,,N/A,$415.10 , $-   
3/3/2025,4112,4,5,1,4,1,Outpatient,$268.00 ,$65.00 ,3/21/2025,8,Physician Referral,Yes,Pending,,,N/A,$233.10 , $-   
3/3/2025,4943,1,5,3,3,2,Emergency,$335.00 ,$67.00 ,3/11/2025,10,Emergency,No,Pending,,,N/A,$281.40 , $-   
3/4/2025,1805,2,3,1,3,3,Inpatient,$408.00 ,$85.00 ,3/28/2025,8,Physician Referral,Yes,Pending,,,N/A,$345.10 , $-   
3/4/2025,410,5,3,1,2,2,Emergency,$714.00 ,$23.00 ,,5,Self-Referral,No,Paid,3/11/2025,3/4/2025,Private Room,$550.90 ,$50.00 
3/4/2025,3641,1,5,4,4,1,Outpatient,$804.00 ,$22.00 ,,8,Self-Referral,No,Paid,3/13/2025,3/4/2025,Semi-Private Room,$599.20 ,$30.00 
3/4/2025,3235,5,4,1,4,1,Emergency,$842.00 ,$22.00 ,,2,Emergency,Yes,Paid,3/10/2025,3/4/2025,Private Room,$639.80 ,$50.00 
3/4/2025,2292,4,1,5,5,2,Emergency,$276.00 ,$88.00 ,,2,Physician Referral,Yes,Paid,3/6/2025,3/4/2025,General Ward,$261.80 ,$10.00 
3/4/2025,324,4,5,1,2,1,Outpatient,$970.00 ,$112.00 ,3/26/2025,4,Self-Referral,No,Pending,,,N/A,$757.40 , $-   
3/4/2025,2319,3,1,4,3,1,Outpatient,$946.00 ,$47.00 ,,8,Self-Referral,Yes,Pending,3/5/2025,3/4/2025,Semi-Private Room,$716.10 ,$30.00 
3/4/2025,3279,5,3,3,4,2,Outpatient,$880.00 ,$42.00 ,,2,Self-Referral,Yes,Paid,3/5/2025,3/4/2025,Private Room,$680.40 ,$50.00 
3/4/2025,806,5,1,1,4,3,Emergency,$994.00 ,$49.00 ,3/29/2025,4,Emergency,Yes,Pending,,,N/A,$730.10 , $-   
3/4/2025,1245,4,5,5,1,3,Inpatient,$409.00 ,$81.00 ,3/25/2025,8,Physician Referral,Yes,Pending,,,N/A,$343.00 , $-   
3/5/2025,3767,5,4,2,3,3,Outpatient,$553.00 ,$106.00 ,3/27/2025,3,Emergency,No,Pending,,,N/A,$461.30 , $-   
3/5/2025,2898,1,5,3,1,2,Outpatient,$56.00 ,$70.00 ,,8,Physician Referral,No,Pending,3/14/2025,3/5/2025,Semi-Private Room,$109.20 ,$30.00 
3/5/2025,1235,3,2,2,2,2,Inpatient,$878.00 ,$60.00 ,3/17/2025,2,Emergency,No,Paid,,,N/A,$656.60 , $-   
3/5/2025,3701,3,2,5,4,1,Outpatient,$738.00 ,$83.00 ,,1,Self-Referral,Yes,Pending,3/11/2025,3/5/2025,Private Room,$609.70 ,$50.00 
3/5/2025,4968,1,2,4,2,3,Outpatient,$286.00 ,$62.00 ,,6,Physician Referral,Yes,Pending,3/11/2025,3/5/2025,Private Room,$278.60 ,$50.00 
3/5/2025,4708,2,4,4,1,1,Inpatient,$556.00 ,$110.00 ,3/26/2025,8,Emergency,Yes,Pending,,,N/A,$466.20 , $-   
3/5/2025,2498,5,5,3,3,2,Emergency,$625.00 ,$77.00 ,3/23/2025,9,Self-Referral,Yes,Paid,,,N/A,$491.40 , $-   
3/5/2025,4198,2,2,1,4,3,Emergency,$422.00 ,$78.00 ,4/2/2025,10,Self-Referral,No,Pending,,,N/A,$350.00 , $-   
3/5/2025,1097,2,5,1,3,2,Emergency,$267.00 ,$187.00 ,,8,Physician Referral,Yes,Paid,3/9/2025,3/5/2025,Private Room,$352.80 ,$50.00 
3/5/2025,2797,5,3,2,2,1,Outpatient,$324.00 ,$193.00 ,,2,Emergency,No,Paid,3/7/2025,3/5/2025,Semi-Private Room,$382.90 ,$30.00 
3/6/2025,2010,4,2,4,5,1,Inpatient,$562.00 ,$81.00 ,,1,Self-Referral,Yes,Pending,3/9/2025,3/6/2025,General Ward,$457.10 ,$10.00 
3/6/2025,1427,5,2,1,3,2,Emergency,$266.00 ,$196.00 ,3/24/2025,7,Physician Referral,No,Pending,,,N/A,$323.40 , $-   
3/6/2025,3286,4,4,1,3,2,Inpatient,$933.00 ,$135.00 ,,7,Physician Referral,Yes,Paid,3/9/2025,3/6/2025,Private Room,$782.60 ,$50.00 
3/6/2025,4960,1,5,4,3,3,Emergency,$576.00 ,$130.00 ,,3,Self-Referral,No,Paid,3/14/2025,3/6/2025,Private Room,$529.20 ,$50.00 
3/6/2025,4157,4,4,4,4,2,Emergency,$139.00 ,$42.00 ,,6,Emergency,Yes,Paid,3/12/2025,3/6/2025,Private Room,$161.70 ,$50.00 
3/6/2025,3658,2,4,5,2,1,Outpatient,$471.00 ,$191.00 ,,7,Physician Referral,No,Paid,3/13/2025,3/6/2025,General Ward,$470.40 ,$10.00 
3/6/2025,1332,2,5,2,2,1,Emergency,$359.00 ,$191.00 ,3/22/2025,9,Self-Referral,Yes,Pending,,,N/A,$385.00 , $-   
3/6/2025,3754,2,3,4,4,2,Emergency,$872.00 ,$38.00 ,,1,Self-Referral,Yes,Paid,3/15/2025,3/6/2025,Semi-Private Room,$658.00 ,$30.00 
3/6/2025,4805,4,5,5,3,2,Inpatient,$832.00 ,$191.00 ,4/2/2025,3,Self-Referral,Yes,Pending,,,N/A,$716.10 , $-   
3/6/2025,3293,2,3,4,3,3,Outpatient,$517.00 ,$30.00 ,3/27/2025,5,Emergency,Yes,Pending,,,N/A,$382.90 , $-   
3/7/2025,55,3,4,3,5,1,Outpatient,$852.00 ,$79.00 ,,3,Emergency,No,Paid,3/8/2025,3/7/2025,Private Room,$686.70 ,$50.00 
3/7/2025,1115,5,3,3,3,1,Emergency,$457.00 ,$185.00 ,,8,Physician Referral,No,Pending,3/9/2025,3/7/2025,Private Room,$484.40 ,$50.00 
3/7/2025,1873,2,3,3,1,1,Outpatient,$790.00 ,$22.00 ,4/5/2025,10,Physician Referral,No,Paid,,,N/A,$568.40 , $-   
3/7/2025,976,4,3,4,3,2,Inpatient,$709.00 ,$163.00 ,,6,Self-Referral,Yes,Paid,3/16/2025,3/7/2025,General Ward,$617.40 ,$10.00 
3/7/2025,1792,2,2,1,5,1,Outpatient,$927.00 ,$28.00 ,3/17/2025,2,Physician Referral,No,Paid,,,N/A,$668.50 , $-   
3/7/2025,4651,4,2,1,1,2,Emergency,$764.00 ,$60.00 ,,1,Self-Referral,No,Pending,3/12/2025,3/7/2025,Private Room,$611.80 ,$50.00 
3/7/2025,2912,5,4,3,5,3,Outpatient,$491.00 ,$57.00 ,,10,Physician Referral,No,Pending,3/11/2025,3/7/2025,Semi-Private Room,$404.60 ,$30.00 
3/7/2025,1471,4,5,2,5,2,Outpatient,$590.00 ,$88.00 ,3/23/2025,5,Emergency,Yes,Paid,,,N/A,$474.60 , $-   
3/7/2025,3926,5,3,5,2,3,Emergency,$939.00 ,$54.00 ,,9,Emergency,No,Pending,3/8/2025,3/7/2025,General Ward,$702.10 ,$10.00 
3/7/2025,2830,2,2,3,4,3,Outpatient,$982.00 ,$146.00 ,4/1/2025,10,Self-Referral,No,Pending,,,N/A,$789.60 , $-   
3/8/2025,4028,3,5,5,5,2,Outpatient,$862.00 ,$182.00 ,4/6/2025,9,Physician Referral,No,Pending,,,N/A,$730.80 , $-   
3/8/2025,1326,2,3,5,3,3,Emergency,$412.00 ,$67.00 ,,1,Physician Referral,Yes,Pending,3/17/2025,3/8/2025,Private Room,$370.30 ,$50.00 
3/8/2025,1946,5,5,3,2,2,Emergency,$190.00 ,$126.00 ,3/28/2025,3,Physician Referral,No,Pending,,,N/A,$221.20 , $-   
3/8/2025,1754,1,1,1,1,1,Inpatient,$187.00 ,$27.00 ,,6,Self-Referral,No,Paid,3/17/2025,3/8/2025,Private Room,$184.80 ,$50.00 
3/8/2025,2715,1,3,2,4,2,Emergency,$394.00 ,$46.00 ,,5,Physician Referral,No,Pending,3/12/2025,3/8/2025,Private Room,$343.00 ,$50.00 
3/8/2025,2173,1,5,3,2,3,Emergency,$743.00 ,$28.00 ,,4,Emergency,Yes,Pending,3/17/2025,3/8/2025,General Ward,$546.70 ,$10.00 
3/8/2025,2164,2,3,5,5,3,Outpatient,$242.00 ,$177.00 ,3/24/2025,2,Physician Referral,No,Paid,,,N/A,$293.30 , $-   
3/8/2025,3392,4,3,4,2,1,Emergency,$404.00 ,$33.00 ,,4,Emergency,No,Pending,3/9/2025,3/8/2025,Private Room,$340.90 ,$50.00 
3/8/2025,2215,3,1,4,3,2,Outpatient,$290.00 ,$170.00 ,,5,Physician Referral,No,Pending,3/13/2025,3/8/2025,Semi-Private Room,$343.00 ,$30.00 
3/8/2025,1708,3,5,5,3,1,Emergency,$604.00 ,$48.00 ,3/31/2025,2,Self-Referral,Yes,Pending,,,N/A,$456.40 , $-   
3/9/2025,4714,2,4,3,3,3,Inpatient,$200.00 ,$45.00 ,4/6/2025,10,Self-Referral,No,Paid,,,N/A,$171.50 , $-   
3/9/2025,3634,5,2,1,4,2,Inpatient,$156.00 ,$162.00 ,3/26/2025,1,Physician Referral,No,Pending,,,N/A,$222.60 , $-   
3/9/2025,4972,2,3,3,2,3,Outpatient,$554.00 ,$134.00 ,4/2/2025,7,Physician Referral,No,Pending,,,N/A,$481.60 , $-   
3/9/2025,4815,1,3,2,2,2,Outpatient,$974.00 ,$92.00 ,,7,Emergency,Yes,Paid,3/10/2025,3/9/2025,Private Room,$781.20 ,$50.00 
3/9/2025,3725,5,3,4,5,1,Outpatient,$380.00 ,$100.00 ,,8,Self-Referral,No,Paid,3/13/2025,3/9/2025,General Ward,$343.00 ,$10.00 
3/9/2025,2001,3,3,5,1,1,Inpatient,$108.00 ,$86.00 ,,10,Physician Referral,No,Pending,3/14/2025,3/9/2025,Private Room,$170.80 ,$50.00 
3/9/2025,1434,2,2,1,3,3,Inpatient,$975.00 ,$163.00 ,,6,Self-Referral,No,Paid,3/12/2025,3/9/2025,Semi-Private Room,$817.60 ,$30.00 
3/9/2025,2378,4,4,3,1,1,Emergency,$902.00 ,$160.00 ,3/17/2025,1,Self-Referral,Yes,Paid,,,N/A,$743.40 , $-   
3/9/2025,912,4,1,2,1,1,Emergency,$983.00 ,$109.00 ,3/26/2025,8,Physician Referral,No,Paid,,,N/A,$764.40 , $-   
3/9/2025,434,3,4,3,3,3,Outpatient,$976.00 ,$115.00 ,,2,Physician Referral,No,Pending,3/11/2025,3/9/2025,General Ward,$770.70 ,$10.00 
3/10/2025,2884,5,2,2,3,3,Inpatient,$184.00 ,$171.00 ,3/24/2025,3,Physician Referral,No,Pending,,,N/A,$248.50 , $-   
3/10/2025,3915,1,5,3,5,3,Emergency,$287.00 ,$137.00 ,4/4/2025,8,Physician Referral,Yes,Paid,,,N/A,$296.80 , $-   
3/10/2025,4822,4,1,1,4,2,Inpatient,$942.00 ,$81.00 ,4/1/2025,4,Emergency,No,Paid,,,N/A,$716.10 , $-   
3/10/2025,435,4,1,1,3,3,Inpatient,$140.00 ,$55.00 ,3/20/2025,5,Physician Referral,No,Paid,,,N/A,$136.50 , $-   
3/10/2025,2780,2,5,5,1,2,Outpatient,$267.00 ,$143.00 ,3/30/2025,9,Emergency,No,Paid,,,N/A,$287.00 , $-   
3/10/2025,3471,3,3,1,5,3,Inpatient,$545.00 ,$41.00 ,,7,Physician Referral,Yes,Pending,3/16/2025,3/10/2025,General Ward,$417.20 ,$10.00 
3/10/2025,660,4,2,2,2,2,Outpatient,$646.00 ,$124.00 ,,10,Self-Referral,No,Paid,3/13/2025,3/10/2025,General Ward,$546.00 ,$10.00 
3/10/2025,2963,2,5,5,5,3,Emergency,$518.00 ,$133.00 ,4/7/2025,7,Physician Referral,No,Pending,,,N/A,$455.70 , $-   
3/10/2025,4437,5,4,1,3,2,Inpatient,$57.00 ,$129.00 ,4/2/2025,1,Emergency,No,Paid,,,N/A,$130.20 , $-   
3/10/2025,4516,4,4,4,3,1,Outpatient,$962.00 ,$22.00 ,,1,Physician Referral,Yes,Pending,3/11/2025,3/10/2025,Private Room,$723.80 ,$50.00 
3/11/2025,4252,3,5,2,4,3,Inpatient,$674.00 ,$183.00 ,,8,Physician Referral,No,Pending,3/16/2025,3/11/2025,General Ward,$606.90 ,$10.00 
3/11/2025,3141,2,2,5,5,3,Inpatient,$325.00 ,$116.00 ,3/28/2025,10,Self-Referral,No,Paid,,,N/A,$308.70 , $-   
3/11/2025,601,5,1,2,3,2,Emergency,$930.00 ,$55.00 ,3/20/2025,1,Self-Referral,No,Pending,,,N/A,$689.50 , $-   
3/11/2025,1495,2,1,5,1,1,Outpatient,$80.00 ,$29.00 ,3/21/2025,10,Emergency,Yes,Pending,,,N/A,$76.30 , $-   
3/11/2025,3625,1,3,2,1,1,Inpatient,$762.00 ,$119.00 ,,2,Physician Referral,No,Pending,3/13/2025,3/11/2025,General Ward,$623.70 ,$10.00 
3/11/2025,4334,3,2,4,5,2,Inpatient,$492.00 ,$40.00 ,4/7/2025,4,Physician Referral,No,Paid,,,N/A,$372.40 , $-   
3/11/2025,4299,3,4,1,4,3,Emergency,$706.00 ,$196.00 ,3/30/2025,9,Self-Referral,No,Pending,,,N/A,$631.40 , $-   
3/11/2025,3199,4,4,3,5,1,Inpatient,$900.00 ,$123.00 ,4/3/2025,7,Emergency,Yes,Pending,,,N/A,$716.10 , $-   
3/11/2025,3788,2,3,3,4,3,Outpatient,$401.00 ,$134.00 ,4/6/2025,7,Physician Referral,No,Paid,,,N/A,$374.50 , $-   
3/11/2025,4212,5,4,3,1,2,Outpatient,$233.00 ,$156.00 ,4/7/2025,10,Emergency,No,Paid,,,N/A,$272.30 , $-   
3/12/2025,1709,4,3,5,3,3,Outpatient,$457.00 ,$131.00 ,4/7/2025,7,Emergency,No,Pending,,,N/A,$411.60 , $-   
3/12/2025,4064,3,3,1,2,1,Inpatient,$244.00 ,$139.00 ,3/28/2025,5,Emergency,Yes,Pending,,,N/A,$268.10 , $-   
3/12/2025,2646,2,5,5,3,2,Inpatient,$209.00 ,$98.00 ,4/10/2025,1,Self-Referral,No,Paid,,,N/A,$214.90 , $-   
3/12/2025,514,5,1,5,1,1,Outpatient,$788.00 ,$199.00 ,,5,Self-Referral,No,Paid,3/14/2025,3/12/2025,Semi-Private Room,$711.90 ,$30.00 
3/12/2025,3075,3,2,5,1,3,Inpatient,$571.00 ,$115.00 ,,8,Physician Referral,No,Pending,3/16/2025,3/12/2025,Private Room,$515.20 ,$50.00 
3/12/2025,2413,5,2,5,3,3,Emergency,$925.00 ,$195.00 ,,7,Emergency,Yes,Pending,3/16/2025,3/12/2025,Semi-Private Room,$805.00 ,$30.00 
3/12/2025,306,2,1,1,3,2,Outpatient,$282.00 ,$127.00 ,3/30/2025,7,Emergency,No,Paid,,,N/A,$286.30 , $-   
3/12/2025,2806,5,2,3,1,1,Emergency,$831.00 ,$138.00 ,,2,Emergency,No,Paid,3/16/2025,3/12/2025,Private Room,$713.30 ,$50.00 
3/12/2025,3749,4,4,2,3,1,Emergency,$319.00 ,$197.00 ,,1,Physician Referral,No,Pending,3/19/2025,3/12/2025,General Ward,$368.20 ,$10.00 
3/12/2025,2885,4,4,5,2,1,Inpatient,$953.00 ,$186.00 ,,4,Physician Referral,Yes,Pending,3/13/2025,3/12/2025,Private Room,$832.30 ,$50.00 
3/13/2025,4619,2,2,1,2,2,Inpatient,$973.00 ,$163.00 ,,8,Emergency,No,Paid,3/21/2025,3/13/2025,General Ward,$802.20 ,$10.00 
3/13/2025,215,3,5,4,5,3,Outpatient,$327.00 ,$47.00 ,,1,Emergency,No,Pending,3/22/2025,3/13/2025,Private Room,$296.80 ,$50.00 
3/13/2025,2095,1,2,2,2,3,Inpatient,$379.00 ,$25.00 ,3/27/2025,2,Emergency,No,Pending,,,N/A,$282.80 , $-   
3/13/2025,344,1,3,5,1,3,Emergency,$82.00 ,$80.00 ,,7,Physician Referral,Yes,Pending,3/19/2025,3/13/2025,Semi-Private Room,$134.40 ,$30.00 
3/13/2025,830,1,3,5,1,1,Inpatient,$117.00 ,$25.00 ,3/22/2025,5,Emergency,No,Pending,,,N/A,$99.40 , $-   
3/13/2025,2779,3,1,2,5,2,Outpatient,$770.00 ,$141.00 ,4/9/2025,6,Emergency,No,Paid,,,N/A,$637.70 , $-   
3/13/2025,1429,4,4,2,4,1,Inpatient,$709.00 ,$124.00 ,,8,Self-Referral,No,Paid,3/17/2025,3/13/2025,Semi-Private Room,$604.10 ,$30.00 
3/13/2025,2070,4,5,5,5,2,Emergency,$249.00 ,$187.00 ,3/29/2025,9,Emergency,Yes,Pending,,,N/A,$305.20 , $-   
3/13/2025,1303,4,2,1,4,1,Emergency,$652.00 ,$81.00 ,,8,Self-Referral,No,Pending,3/19/2025,3/13/2025,General Ward,$520.10 ,$10.00 
3/13/2025,3771,2,3,4,4,2,Outpatient,$666.00 ,$47.00 ,3/26/2025,1,Emergency,No,Pending,,,N/A,$499.10 , $-   
3/14/2025,2546,4,4,1,3,1,Outpatient,$564.00 ,$99.00 ,3/30/2025,4,Self-Referral,No,Pending,,,N/A,$464.10 , $-   
3/14/2025,1773,4,4,3,2,1,Inpatient,$232.00 ,$194.00 ,,5,Self-Referral,Yes,Paid,3/21/2025,3/14/2025,Private Room,$333.20 ,$50.00 
3/14/2025,3297,4,5,3,4,2,Inpatient,$171.00 ,$28.00 ,3/27/2025,9,Physician Referral,No,Pending,,,N/A,$139.30 , $-   
3/14/2025,3993,1,5,3,3,3,Outpatient,$480.00 ,$199.00 ,4/7/2025,6,Emergency,No,Pending,,,N/A,$475.30 , $-   
3/14/2025,2977,5,5,5,5,3,Emergency,$484.00 ,$34.00 ,4/9/2025,6,Emergency,No,Paid,,,N/A,$362.60 , $-   
3/14/2025,1972,4,5,4,5,2,Inpatient,$58.00 ,$181.00 ,4/3/2025,3,Emergency,Yes,Paid,,,N/A,$167.30 , $-   
3/14/2025,1033,5,3,4,4,2,Outpatient,$939.00 ,$39.00 ,4/1/2025,2,Self-Referral,No,Pending,,,N/A,$684.60 , $-   
3/14/2025,3630,4,5,5,3,3,Outpatient,$414.00 ,$79.00 ,3/28/2025,2,Physician Referral,No,Paid,,,N/A,$345.10 , $-   
3/14/2025,4752,1,4,5,1,1,Emergency,$912.00 ,$94.00 ,3/27/2025,7,Self-Referral,No,Paid,,,N/A,$704.20 , $-   
3/14/2025,605,1,4,5,2,3,Outpatient,$133.00 ,$113.00 ,3/25/2025,5,Self-Referral,Yes,Pending,,,N/A,$172.20 , $-   
3/15/2025,1642,5,2,4,4,2,Inpatient,$521.00 ,$86.00 ,,10,Self-Referral,No,Pending,3/21/2025,3/15/2025,Semi-Private Room,$445.90 ,$30.00 
3/15/2025,1494,1,4,5,1,1,Inpatient,$273.00 ,$21.00 ,3/22/2025,1,Emergency,No,Paid,,,N/A,$205.80 , $-   
3/15/2025,2615,2,4,2,2,2,Outpatient,$692.00 ,$197.00 ,,5,Self-Referral,No,Pending,3/16/2025,3/15/2025,Private Room,$657.30 ,$50.00 
3/15/2025,3602,3,3,2,1,3,Outpatient,$824.00 ,$161.00 ,,1,Self-Referral,Yes,Paid,3/20/2025,3/15/2025,Private Room,$724.50 ,$50.00 
3/15/2025,4825,3,4,2,3,1,Emergency,$679.00 ,$63.00 ,4/5/2025,9,Physician Referral,No,Paid,,,N/A,$519.40 , $-   
3/15/2025,11,4,1,5,4,3,Emergency,$648.00 ,$193.00 ,3/30/2025,8,Emergency,No,Paid,,,N/A,$588.70 , $-   
3/15/2025,4702,1,4,2,1,3,Outpatient,$904.00 ,$153.00 ,,4,Physician Referral,No,Pending,3/23/2025,3/15/2025,General Ward,$746.90 ,$10.00 
3/15/2025,3820,3,2,5,1,3,Inpatient,$207.00 ,$155.00 ,,1,Emergency,Yes,Pending,3/23/2025,3/15/2025,General Ward,$260.40 ,$10.00 
3/15/2025,3056,5,2,2,1,1,Emergency,$860.00 ,$58.00 ,,8,Physician Referral,No,Paid,3/24/2025,3/15/2025,Private Room,$677.60 ,$50.00 
3/15/2025,4532,5,5,5,4,3,Outpatient,$760.00 ,$112.00 ,4/2/2025,5,Emergency,No,Paid,,,N/A,$610.40 , $-   
3/16/2025,2764,5,3,1,3,1,Emergency,$785.00 ,$63.00 ,4/13/2025,1,Emergency,No,Pending,,,N/A,$593.60 , $-   
3/16/2025,4115,4,2,3,3,3,Emergency,$859.00 ,$46.00 ,4/9/2025,2,Self-Referral,Yes,Paid,,,N/A,$633.50 , $-   
3/16/2025,1120,3,1,1,1,3,Emergency,$245.00 ,$35.00 ,,5,Physician Referral,No,Paid,3/20/2025,3/16/2025,Private Room,$231.00 ,$50.00 
3/16/2025,2008,3,1,3,3,2,Emergency,$680.00 ,$58.00 ,4/2/2025,9,Emergency,No,Pending,,,N/A,$516.60 , $-   
3/16/2025,887,3,5,3,2,3,Emergency,$893.00 ,$148.00 ,4/1/2025,10,Self-Referral,No,Pending,,,N/A,$728.70 , $-   
3/16/2025,4253,5,3,2,3,1,Emergency,$338.00 ,$198.00 ,4/1/2025,8,Physician Referral,Yes,Pending,,,N/A,$375.20 , $-   
3/16/2025,2007,5,3,3,1,2,Inpatient,$212.00 ,$52.00 ,4/9/2025,10,Emergency,No,Pending,,,N/A,$184.80 , $-   
3/16/2025,1824,4,4,3,2,1,Emergency,$519.00 ,$69.00 ,,8,Emergency,No,Paid,3/22/2025,3/16/2025,Semi-Private Room,$432.60 ,$30.00 
3/16/2025,289,2,1,1,4,3,Outpatient,$513.00 ,$122.00 ,3/23/2025,9,Emergency,No,Pending,,,N/A,$444.50 , $-   
3/16/2025,2114,3,1,3,5,2,Outpatient,$135.00 ,$46.00 ,4/11/2025,2,Self-Referral,Yes,Pending,,,N/A,$126.70 , $-   
3/17/2025,557,4,1,5,3,2,Emergency,$539.00 ,$143.00 ,,7,Physician Referral,No,Paid,3/24/2025,3/17/2025,Private Room,$512.40 ,$50.00 
3/17/2025,4052,5,1,5,2,2,Emergency,$224.00 ,$105.00 ,4/3/2025,10,Emergency,No,Paid,,,N/A,$230.30 , $-   
3/17/2025,3635,2,2,2,5,1,Outpatient,$585.00 ,$166.00 ,,5,Emergency,No,Paid,3/22/2025,3/17/2025,Semi-Private Room,$546.70 ,$30.00 
3/17/2025,4847,1,3,1,4,2,Emergency,$246.00 ,$47.00 ,,3,Physician Referral,Yes,Pending,3/25/2025,3/17/2025,Semi-Private Room,$226.10 ,$30.00 
3/17/2025,4342,2,4,4,5,2,Outpatient,$311.00 ,$170.00 ,3/25/2025,10,Physician Referral,No,Paid,,,N/A,$336.70 , $-   
3/17/2025,1503,4,2,1,4,1,Outpatient,$510.00 ,$83.00 ,,8,Physician Referral,No,Pending,3/20/2025,3/17/2025,General Ward,$422.10 ,$10.00 
3/17/2025,2463,2,3,4,1,1,Inpatient,$637.00 ,$186.00 ,4/3/2025,2,Physician Referral,No,Paid,,,N/A,$576.10 , $-   
3/17/2025,1350,5,5,3,1,1,Inpatient,$997.00 ,$68.00 ,,4,Emergency,Yes,Pending,3/25/2025,3/17/2025,Private Room,$780.50 ,$50.00 
3/17/2025,414,2,1,4,4,3,Outpatient,$944.00 ,$167.00 ,,5,Self-Referral,No,Paid,3/22/2025,3/17/2025,Semi-Private Room,$798.70 ,$30.00 
3/17/2025,2430,5,4,3,5,1,Emergency,$595.00 ,$130.00 ,3/25/2025,5,Physician Referral,No,Pending,,,N/A,$507.50 , $-   
3/18/2025,1488,2,3,1,3,1,Outpatient,$374.00 ,$147.00 ,,4,Self-Referral,No,Pending,3/19/2025,3/18/2025,Semi-Private Room,$385.70 ,$30.00 
3/18/2025,3714,4,5,1,5,2,Outpatient,$516.00 ,$28.00 ,4/2/2025,3,Self-Referral,Yes,Paid,,,N/A,$380.80 , $-   
3/18/2025,1921,1,1,2,5,3,Emergency,$246.00 ,$42.00 ,3/25/2025,3,Self-Referral,No,Paid,,,N/A,$201.60 , $-   
3/18/2025,3412,3,5,2,3,2,Inpatient,$371.00 ,$154.00 ,4/16/2025,5,Physician Referral,No,Pending,,,N/A,$367.50 , $-   
3/18/2025,131,2,5,3,5,1,Outpatient,$319.00 ,$178.00 ,3/30/2025,10,Self-Referral,No,Paid,,,N/A,$347.90 , $-   
3/18/2025,4526,1,2,3,5,1,Inpatient,$493.00 ,$79.00 ,,6,Self-Referral,Yes,Pending,3/24/2025,3/18/2025,Private Room,$435.40 ,$50.00 
3/18/2025,3995,2,5,5,2,2,Emergency,$987.00 ,$80.00 ,4/15/2025,1,Emergency,No,Pending,,,N/A,$746.90 , $-   
3/18/2025,647,1,2,5,4,3,Inpatient,$216.00 ,$94.00 ,,4,Physician Referral,No,Pending,3/20/2025,3/18/2025,Semi-Private Room,$238.00 ,$30.00 
3/18/2025,2084,5,2,5,1,3,Emergency,$871.00 ,$173.00 ,3/26/2025,10,Physician Referral,No,Paid,,,N/A,$730.80 , $-   
3/18/2025,2166,1,5,1,4,2,Emergency,$333.00 ,$119.00 ,,10,Physician Referral,Yes,Pending,3/25/2025,3/18/2025,Private Room,$351.40 ,$50.00 
3/19/2025,2955,3,3,4,5,1,Inpatient,$646.00 ,$73.00 ,,6,Physician Referral,No,Pending,3/28/2025,3/19/2025,General Ward,$510.30 ,$10.00 
3/19/2025,1697,1,5,3,3,3,Outpatient,$342.00 ,$50.00 ,,2,Physician Referral,No,Pending,3/22/2025,3/19/2025,General Ward,$281.40 ,$10.00 
3/19/2025,3515,3,5,2,3,3,Outpatient,$499.00 ,$188.00 ,,10,Emergency,No,Pending,3/23/2025,3/19/2025,General Ward,$487.90 ,$10.00 
3/19/2025,4899,3,3,3,1,2,Emergency,$223.00 ,$47.00 ,4/9/2025,5,Self-Referral,Yes,Paid,,,N/A,$189.00 , $-   
3/19/2025,2961,1,1,4,1,3,Inpatient,$516.00 ,$109.00 ,3/26/2025,9,Emergency,No,Paid,,,N/A,$437.50 , $-   
3/19/2025,1415,3,4,3,1,1,Inpatient,$978.00 ,$25.00 ,,3,Self-Referral,No,Pending,3/23/2025,3/19/2025,Semi-Private Room,$723.10 ,$30.00 
3/19/2025,2346,3,1,2,3,2,Inpatient,$493.00 ,$53.00 ,,3,Physician Referral,No,Paid,3/23/2025,3/19/2025,Semi-Private Room,$403.20 ,$30.00 
3/19/2025,3894,5,5,2,5,3,Inpatient,$481.00 ,$111.00 ,4/12/2025,9,Emergency,Yes,Paid,,,N/A,$414.40 , $-   
3/19/2025,273,4,1,4,1,1,Emergency,$251.00 ,$127.00 ,,3,Physician Referral,No,Pending,3/22/2025,3/19/2025,Private Room,$299.60 ,$50.00 
3/19/2025,571,5,4,2,1,1,Inpatient,$59.00 ,$28.00 ,,4,Physician Referral,No,Paid,3/24/2025,3/19/2025,Semi-Private Room,$81.90 ,$30.00 
3/20/2025,1193,4,1,1,3,2,Inpatient,$925.00 ,$112.00 ,3/30/2025,9,Self-Referral,No,Paid,,,N/A,$725.90 , $-   
3/20/2025,1302,4,4,2,5,2,Outpatient,$305.00 ,$117.00 ,,4,Self-Referral,Yes,Paid,3/29/2025,3/20/2025,Semi-Private Room,$316.40 ,$30.00 
3/20/2025,920,5,1,4,1,1,Emergency,$684.00 ,$31.00 ,,5,Self-Referral,No,Paid,3/28/2025,3/20/2025,Semi-Private Room,$521.50 ,$30.00 
3/20/2025,4959,3,2,4,5,1,Inpatient,$255.00 ,$35.00 ,4/8/2025,2,Emergency,No,Paid,,,N/A,$203.00 , $-   
3/20/2025,1077,5,5,3,2,3,Inpatient,$492.00 ,$90.00 ,,8,Self-Referral,No,Paid,3/22/2025,3/20/2025,Semi-Private Room,$428.40 ,$30.00 
3/20/2025,1599,3,4,2,1,3,Emergency,$794.00 ,$178.00 ,3/30/2025,9,Physician Referral,Yes,Pending,,,N/A,$680.40 , $-   
3/20/2025,242,5,5,2,1,3,Emergency,$269.00 ,$180.00 ,4/10/2025,10,Self-Referral,No,Paid,,,N/A,$314.30 , $-   
3/20/2025,1994,5,2,4,3,3,Outpatient,$395.00 ,$154.00 ,3/28/2025,4,Self-Referral,No,Pending,,,N/A,$384.30 , $-   
3/20/2025,4179,2,1,3,2,3,Emergency,$234.00 ,$22.00 ,4/4/2025,3,Self-Referral,No,Pending,,,N/A,$179.20 , $-   
3/20/2025,217,1,5,3,2,2,Inpatient,$346.00 ,$167.00 ,,4,Self-Referral,Yes,Pending,3/29/2025,3/20/2025,General Ward,$366.10 ,$10.00 
3/21/2025,2600,5,1,1,2,3,Outpatient,$601.00 ,$24.00 ,4/8/2025,7,Physician Referral,No,Paid,,,N/A,$437.50 , $-   
3/21/2025,752,1,1,1,4,3,Inpatient,$185.00 ,$57.00 ,4/10/2025,1,Self-Referral,No,Paid,,,N/A,$169.40 , $-   
3/21/2025,1112,3,5,4,3,3,Emergency,$160.00 ,$98.00 ,,2,Physician Referral,No,Pending,3/23/2025,3/21/2025,Semi-Private Room,$201.60 ,$30.00 
3/21/2025,456,2,4,3,3,1,Emergency,$560.00 ,$118.00 ,4/16/2025,10,Emergency,Yes,Pending,,,N/A,$474.60 , $-   
3/21/2025,2324,2,4,3,1,3,Emergency,$249.00 ,$170.00 ,,5,Emergency,No,Pending,3/28/2025,3/21/2025,General Ward,$300.30 ,$10.00 
3/21/2025,4596,4,5,1,3,2,Outpatient,$523.00 ,$21.00 ,3/31/2025,9,Physician Referral,No,Paid,,,N/A,$380.80 , $-   
3/21/2025,1985,1,4,1,1,1,Inpatient,$482.00 ,$119.00 ,4/11/2025,6,Emergency,No,Paid,,,N/A,$420.70 , $-   
3/21/2025,1147,2,3,4,1,1,Inpatient,$147.00 ,$168.00 ,3/31/2025,3,Self-Referral,Yes,Paid,,,N/A,$220.50 , $-   
3/21/2025,4158,3,1,3,4,3,Outpatient,$579.00 ,$161.00 ,4/1/2025,3,Self-Referral,No,Pending,,,N/A,$518.00 , $-   
3/21/2025,4250,4,5,3,3,1,Emergency,$365.00 ,$158.00 ,,7,Self-Referral,No,Paid,3/26/2025,3/21/2025,Semi-Private Room,$387.10 ,$30.00 
3/22/2025,1555,2,2,3,3,3,Inpatient,$706.00 ,$151.00 ,,3,Emergency,No,Paid,3/29/2025,3/22/2025,Private Room,$634.90 ,$50.00 
3/22/2025,4044,3,5,3,4,3,Emergency,$670.00 ,$66.00 ,,10,Physician Referral,Yes,Pending,3/27/2025,3/22/2025,Semi-Private Room,$536.20 ,$30.00 
3/22/2025,1817,1,5,3,4,3,Emergency,$967.00 ,$135.00 ,4/7/2025,3,Emergency,No,Paid,,,N/A,$771.40 , $-   
3/22/2025,2957,3,1,3,3,2,Inpatient,$903.00 ,$113.00 ,4/9/2025,10,Emergency,No,Pending,,,N/A,$711.20 , $-   
3/22/2025,4161,3,2,3,3,1,Emergency,$936.00 ,$119.00 ,4/9/2025,7,Physician Referral,No,Paid,,,N/A,$738.50 , $-   
3/22/2025,4584,3,1,3,1,1,Inpatient,$120.00 ,$39.00 ,,9,Physician Referral,Yes,Pending,3/28/2025,3/22/2025,Private Room,$146.30 ,$50.00 
3/22/2025,379,5,4,3,5,1,Inpatient,$515.00 ,$199.00 ,4/5/2025,9,Emergency,No,Paid,,,N/A,$499.80 , $-   
3/22/2025,1772,2,5,3,1,1,Outpatient,$171.00 ,$35.00 ,,3,Emergency,No,Pending,3/30/2025,3/22/2025,Private Room,$179.20 ,$50.00 
3/22/2025,653,3,1,3,2,1,Inpatient,$341.00 ,$192.00 ,,8,Physician Referral,No,Paid,3/23/2025,3/22/2025,Private Room,$408.10 ,$50.00 
3/22/2025,2556,4,3,3,2,3,Outpatient,$888.00 ,$155.00 ,,1,Physician Referral,Yes,Pending,3/23/2025,3/22/2025,General Ward,$737.10 ,$10.00 
3/23/2025,1395,5,5,3,5,3,Emergency,$941.00 ,$168.00 ,4/2/2025,8,Emergency,No,Pending,,,N/A,$776.30 , $-   
3/23/2025,4944,3,4,3,4,3,Outpatient,$650.00 ,$83.00 ,4/1/2025,2,Self-Referral,No,Paid,,,N/A,$513.10 , $-   
3/23/2025,3633,3,1,3,2,2,Emergency,$305.00 ,$123.00 ,3/30/2025,4,Self-Referral,No,Paid,,,N/A,$299.60 , $-   
3/23/2025,3837,2,1,3,4,2,Outpatient,$678.00 ,$177.00 ,4/16/2025,7,Self-Referral,Yes,Pending,,,N/A,$598.50 , $-   
3/23/2025,4762,5,3,3,4,2,Emergency,$427.00 ,$183.00 ,,6,Physician Referral,No,Paid,3/28/2025,3/23/2025,General Ward,$434.00 ,$10.00 
3/23/2025,1372,3,4,3,1,2,Inpatient,$86.00 ,$152.00 ,,9,Self-Referral,No,Pending,3/24/2025,3/23/2025,Private Room,$201.60 ,$50.00 
3/23/2025,4442,3,3,3,4,1,Outpatient,$894.00 ,$57.00 ,4/18/2025,8,Self-Referral,No,Pending,,,N/A,$665.70 , $-   
3/23/2025,115,1,5,3,5,2,Inpatient,$656.00 ,$38.00 ,4/12/2025,2,Physician Referral,Yes,Paid,,,N/A,$485.80 , $-   
3/23/2025,3342,4,2,3,1,1,Inpatient,$210.00 ,$93.00 ,4/15/2025,4,Physician Referral,No,Paid,,,N/A,$212.10 , $-   
3/23/2025,2027,4,1,3,5,1,Emergency,$389.00 ,$174.00 ,,1,Physician Referral,No,Paid,3/26/2025,3/23/2025,General Ward,$401.10 ,$10.00 
3/24/2025,4293,2,3,3,4,1,Emergency,$124.00 ,$160.00 ,4/5/2025,7,Self-Referral,No,Pending,,,N/A,$198.80 , $-   
3/24/2025,2583,5,1,3,2,3,Emergency,$959.00 ,$156.00 ,,4,Self-Referral,Yes,Pending,4/2/2025,3/24/2025,General Ward,$787.50 ,$10.00 
3/24/2025,4235,3,1,3,4,3,Emergency,$179.00 ,$36.00 ,,8,Self-Referral,No,Paid,3/31/2025,3/24/2025,Semi-Private Room,$171.50 ,$30.00 
3/24/2025,267,5,3,3,5,1,Outpatient,$636.00 ,$114.00 ,,2,Self-Referral,No,Pending,3/30/2025,3/24/2025,General Ward,$532.00 ,$10.00 
3/24/2025,2965,2,1,3,3,2,Inpatient,$891.00 ,$191.00 ,,8,Physician Referral,No,Pending,4/1/2025,3/24/2025,Private Room,$792.40 ,$50.00 
3/24/2025,787,1,4,3,3,1,Emergency,$138.00 ,$64.00 ,,2,Self-Referral,Yes,Paid,4/1/2025,3/24/2025,Semi-Private Room,$162.40 ,$30.00 
3/24/2025,3550,2,4,3,2,3,Inpatient,$303.00 ,$107.00 ,,8,Physician Referral,No,Pending,3/30/2025,3/24/2025,General Ward,$294.00 ,$10.00 
3/24/2025,3969,4,2,3,5,2,Outpatient,$130.00 ,$61.00 ,,1,Emergency,Yes,Pending,3/28/2025,3/24/2025,Semi-Private Room,$154.70 ,$30.00 
3/24/2025,3357,1,4,3,2,3,Emergency,$307.00 ,$70.00 ,4/5/2025,2,Emergency,Yes,Pending,,,N/A,$263.90 , $-   
3/24/2025,336,3,3,3,1,2,Outpatient,$341.00 ,$132.00 ,4/9/2025,5,Emergency,Yes,Paid,,,N/A,$331.10 , $-   
3/25/2025,1929,2,4,3,4,3,Outpatient,$783.00 ,$177.00 ,4/19/2025,1,Self-Referral,Yes,Paid,,,N/A,$672.00 , $-   
3/25/2025,1065,5,2,3,1,1,Inpatient,$148.00 ,$152.00 ,,5,Physician Referral,Yes,Pending,3/29/2025,3/25/2025,Private Room,$245.00 ,$50.00 
3/25/2025,955,5,5,3,3,3,Inpatient,$473.00 ,$27.00 ,,5,Emergency,Yes,Paid,3/29/2025,3/25/2025,General Ward,$357.00 ,$10.00 
3/25/2025,4878,4,5,3,4,2,Outpatient,$924.00 ,$56.00 ,4/10/2025,7,Physician Referral,Yes,Pending,,,N/A,$686.00 , $-   
3/25/2025,4351,4,3,3,1,3,Outpatient,$927.00 ,$66.00 ,,2,Self-Referral,No,Paid,3/31/2025,3/25/2025,Semi-Private Room,$716.10 ,$30.00 
3/25/2025,1219,4,2,3,3,2,Emergency,$240.00 ,$119.00 ,,2,Self-Referral,Yes,Pending,3/26/2025,3/25/2025,General Ward,$258.30 ,$10.00 
3/25/2025,4721,4,4,3,1,3,Inpatient,$971.00 ,$108.00 ,,6,Emergency,No,Pending,3/27/2025,3/25/2025,Semi-Private Room,$776.30 ,$30.00 
3/25/2025,119,3,2,3,4,3,Outpatient,$618.00 ,$192.00 ,,10,Emergency,Yes,Pending,3/31/2025,3/25/2025,Private Room,$602.00 ,$50.00 
3/25/2025,3239,1,1,3,1,1,Outpatient,$629.00 ,$152.00 ,,3,Emergency,Yes,Pending,3/26/2025,3/25/2025,General Ward,$553.70 ,$10.00 
3/25/2025,2136,4,2,3,4,2,Inpatient,$975.00 ,$105.00 ,,8,Self-Referral,No,Paid,4/3/2025,3/25/2025,General Ward,$763.00 ,$10.00 
3/26/2025,3968,2,4,3,1,2,Outpatient,$375.00 ,$194.00 ,,3,Self-Referral,No,Pending,4/1/2025,3/26/2025,Private Room,$433.30 ,$50.00 
3/26/2025,3384,3,3,3,2,1,Emergency,$278.00 ,$44.00 ,,10,Emergency,No,Pending,4/2/2025,3/26/2025,Private Room,$260.40 ,$50.00 
3/26/2025,3773,1,1,3,1,3,Outpatient,$834.00 ,$145.00 ,,4,Self-Referral,No,Paid,3/27/2025,3/26/2025,Semi-Private Room,$706.30 ,$30.00 
3/26/2025,2573,3,2,3,1,2,Outpatient,$861.00 ,$197.00 ,,7,Self-Referral,No,Paid,4/3/2025,3/26/2025,Private Room,$775.60 ,$50.00 
3/26/2025,2850,5,5,3,2,2,Inpatient,$803.00 ,$192.00 ,,1,Emergency,No,Pending,3/31/2025,3/26/2025,General Ward,$703.50 ,$10.00 
3/26/2025,2432,3,4,3,3,2,Inpatient,$217.00 ,$135.00 ,,1,Self-Referral,No,Pending,3/31/2025,3/26/2025,Semi-Private Room,$267.40 ,$30.00 
3/26/2025,1286,3,3,3,4,1,Emergency,$864.00 ,$139.00 ,4/4/2025,9,Self-Referral,Yes,Paid,,,N/A,$702.10 , $-   
3/26/2025,2107,5,4,3,5,1,Outpatient,$816.00 ,$49.00 ,,6,Physician Referral,No,Pending,4/1/2025,3/26/2025,General Ward,$612.50 ,$10.00 
3/26/2025,4589,5,2,3,3,2,Emergency,$899.00 ,$67.00 ,,5,Physician Referral,No,Pending,4/2/2025,3/26/2025,General Ward,$683.20 ,$10.00 
3/26/2025,3140,5,3,3,4,3,Outpatient,$768.00 ,$198.00 ,4/2/2025,2,Physician Referral,No,Pending,,,N/A,$676.20 , $-   
3/27/2025,3542,3,5,3,1,3,Outpatient,$684.00 ,$113.00 ,4/20/2025,2,Self-Referral,No,Pending,,,N/A,$557.90 , $-   
3/27/2025,421,5,1,3,3,1,Inpatient,$576.00 ,$74.00 ,4/17/2025,7,Self-Referral,Yes,Pending,,,N/A,$455.00 , $-   
3/27/2025,176,4,2,3,1,3,Emergency,$228.00 ,$65.00 ,,6,Physician Referral,No,Pending,4/3/2025,3/27/2025,Private Room,$240.10 ,$50.00 
3/27/2025,4430,2,3,3,3,1,Outpatient,$672.00 ,$50.00 ,,8,Physician Referral,No,Pending,4/1/2025,3/27/2025,Semi-Private Room,$526.40 ,$30.00 
3/27/2025,1735,2,1,3,3,2,Outpatient,$782.00 ,$181.00 ,4/22/2025,3,Physician Referral,No,Pending,,,N/A,$674.10 , $-   
3/27/2025,4390,5,3,3,5,2,Inpatient,$820.00 ,$111.00 ,4/6/2025,3,Emergency,No,Pending,,,N/A,$651.70 , $-   
3/27/2025,3094,1,2,3,2,2,Inpatient,$412.00 ,$93.00 ,4/20/2025,5,Physician Referral,No,Paid,,,N/A,$353.50 , $-   
3/27/2025,3097,3,3,3,3,1,Inpatient,$895.00 ,$180.00 ,,10,Physician Referral,Yes,Paid,3/28/2025,3/27/2025,Semi-Private Room,$773.50 ,$30.00 
3/27/2025,42,2,5,3,1,3,Emergency,$149.00 ,$75.00 ,,4,Physician Referral,Yes,Paid,4/5/2025,3/27/2025,Private Room,$191.80 ,$50.00 
3/27/2025,1666,4,3,3,5,2,Emergency,$372.00 ,$141.00 ,4/12/2025,8,Emergency,Yes,Pending,,,N/A,$359.10 , $-   
3/28/2025,596,1,2,3,3,3,Outpatient,$777.00 ,$76.00 ,,6,Emergency,No,Pending,4/3/2025,3/28/2025,Private Room,$632.10 ,$50.00 
3/28/2025,2322,1,3,3,2,3,Emergency,$517.00 ,$36.00 ,,8,Self-Referral,No,Pending,4/6/2025,3/28/2025,Semi-Private Room,$408.10 ,$30.00 
3/28/2025,4639,4,1,3,1,1,Inpatient,$865.00 ,$158.00 ,4/25/2025,7,Physician Referral,Yes,Paid,,,N/A,$716.10 , $-   
3/28/2025,2415,3,1,3,5,1,Inpatient,$836.00 ,$36.00 ,4/25/2025,2,Physician Referral,Yes,Paid,,,N/A,$610.40 , $-   
3/28/2025,4076,3,4,3,4,3,Emergency,$884.00 ,$124.00 ,4/22/2025,9,Self-Referral,Yes,Pending,,,N/A,$705.60 , $-   
3/28/2025,384,5,4,3,2,3,Outpatient,$330.00 ,$157.00 ,,6,Physician Referral,Yes,Paid,4/1/2025,3/28/2025,General Ward,$347.90 ,$10.00 
3/28/2025,57,4,5,3,4,2,Outpatient,$115.00 ,$173.00 ,,6,Self-Referral,Yes,Paid,3/30/2025,3/28/2025,Semi-Private Room,$222.60 ,$30.00 
3/28/2025,2342,4,1,3,4,2,Outpatient,$150.00 ,$153.00 ,,2,Physician Referral,Yes,Pending,3/31/2025,3/28/2025,Semi-Private Room,$233.10 ,$30.00 
3/28/2025,1637,4,4,3,5,2,Outpatient,$669.00 ,$100.00 ,,9,Physician Referral,Yes,Pending,4/1/2025,3/28/2025,General Ward,$545.30 ,$10.00 
3/28/2025,4640,5,3,3,5,3,Inpatient,$164.00 ,$35.00 ,,1,Physician Referral,Yes,Paid,4/5/2025,3/28/2025,Private Room,$174.30 ,$50.00 
3/29/2025,1639,2,5,3,5,1,Emergency,$328.00 ,$122.00 ,4/21/2025,6,Self-Referral,Yes,Pending,,,N/A,$315.00 , $-   
3/29/2025,1492,3,2,3,4,3,Inpatient,$982.00 ,$109.00 ,,8,Self-Referral,Yes,Paid,4/1/2025,3/29/2025,Private Room,$798.70 ,$50.00 
3/29/2025,4940,5,4,3,1,2,Outpatient,$137.00 ,$23.00 ,,2,Self-Referral,Yes,Paid,4/6/2025,3/29/2025,Private Room,$147.00 ,$50.00 
3/29/2025,1043,5,4,3,5,2,Outpatient,$461.00 ,$81.00 ,4/14/2025,3,Self-Referral,No,Paid,,,N/A,$379.40 , $-   
3/29/2025,2125,5,1,3,2,1,Inpatient,$882.00 ,$75.00 ,4/8/2025,10,Self-Referral,Yes,Pending,,,N/A,$669.90 , $-   
3/29/2025,2420,4,5,3,5,3,Outpatient,$799.00 ,$170.00 ,4/9/2025,10,Emergency,No,Paid,,,N/A,$678.30 , $-   
3/29/2025,4433,5,1,3,5,2,Inpatient,$493.00 ,$52.00 ,4/11/2025,7,Self-Referral,No,Paid,,,N/A,$381.50 , $-   
3/29/2025,3463,2,1,3,5,1,Inpatient,$799.00 ,$50.00 ,,1,Physician Referral,No,Pending,4/4/2025,3/29/2025,General Ward,$601.30 ,$10.00 
3/29/2025,2541,1,5,3,4,2,Inpatient,$159.00 ,$154.00 ,,5,Emergency,No,Pending,4/2/2025,3/29/2025,General Ward,$226.10 ,$10.00 
3/29/2025,1323,5,3,3,1,1,Inpatient,$831.00 ,$152.00 ,4/23/2025,6,Emergency,No,Paid,,,N/A,$688.10 , $-   
3/30/2025,4310,2,4,3,5,3,Outpatient,$486.00 ,$184.00 ,,10,Emergency,Yes,Pending,4/6/2025,3/30/2025,Private Room,$504.00 ,$50.00 
3/30/2025,2785,4,1,3,4,1,Outpatient,$928.00 ,$20.00 ,4/24/2025,7,Emergency,No,Pending,,,N/A,$663.60 , $-   
3/30/2025,4808,1,4,3,2,3,Outpatient,$205.00 ,$64.00 ,,10,Self-Referral,Yes,Paid,4/4/2025,3/30/2025,General Ward,$195.30 ,$10.00 
3/30/2025,2351,3,5,3,1,3,Emergency,$730.00 ,$66.00 ,,10,Physician Referral,Yes,Pending,4/4/2025,3/30/2025,General Ward,$564.20 ,$10.00 
3/30/2025,3524,3,3,3,4,2,Inpatient,$118.00 ,$49.00 ,,7,Self-Referral,Yes,Paid,4/8/2025,3/30/2025,Semi-Private Room,$137.90 ,$30.00 
3/30/2025,3059,4,2,3,3,3,Emergency,$651.00 ,$100.00 ,4/13/2025,3,Self-Referral,Yes,Pending,,,N/A,$525.70 , $-   
3/30/2025,1180,4,3,3,2,2,Inpatient,$303.00 ,$43.00 ,4/6/2025,7,Emergency,No,Pending,,,N/A,$242.20 , $-   
3/30/2025,655,3,5,3,2,2,Inpatient,$718.00 ,$50.00 ,,1,Self-Referral,No,Paid,4/2/2025,3/30/2025,General Ward,$544.60 ,$10.00 
3/30/2025,3132,4,3,3,3,3,Outpatient,$288.00 ,$47.00 ,,4,Emergency,No,Paid,4/3/2025,3/30/2025,Semi-Private Room,$255.50 ,$30.00 
3/30/2025,4186,3,2,3,4,1,Inpatient,$882.00 ,$192.00 ,4/13/2025,7,Self-Referral,Yes,Pending,,,N/A,$751.80 , $-   
3/31/2025,3551,4,1,3,4,3,Emergency,$297.00 ,$151.00 ,4/25/2025,7,Emergency,No,Pending,,,N/A,$313.60 , $-   
3/31/2025,2306,3,3,3,2,3,Outpatient,$520.00 ,$58.00 ,,4,Emergency,Yes,Pending,4/5/2025,3/31/2025,General Ward,$411.60 ,$10.00 
3/31/2025,3024,2,5,3,4,1,Outpatient,$399.00 ,$102.00 ,,1,Emergency,No,Paid,4/1/2025,3/31/2025,Semi-Private Room,$371.70 ,$30.00 
3/31/2025,3030,4,3,3,3,2,Inpatient,$626.00 ,$171.00 ,4/23/2025,8,Emergency,Yes,Pending,,,N/A,$557.90 , $-   
3/31/2025,4367,3,2,3,4,2,Outpatient,$955.00 ,$90.00 ,,4,Self-Referral,Yes,Paid,4/7/2025,3/31/2025,Private Room,$766.50 ,$50.00 
3/31/2025,3780,4,5,3,2,3,Emergency,$90.00 ,$193.00 ,4/15/2025,2,Self-Referral,No,Pending,,,N/A,$198.10 , $-   
3/31/2025,3243,3,3,3,4,1,Inpatient,$623.00 ,$195.00 ,4/26/2025,4,Physician Referral,No,Pending,,,N/A,$572.60 , $-   
3/31/2025,4087,3,5,3,1,1,Emergency,$440.00 ,$28.00 ,,8,Physician Referral,No,Pending,4/8/2025,3/31/2025,General Ward,$334.60 ,$10.00 
3/31/2025,2034,1,2,3,3,1,Outpatient,$566.00 ,$41.00 ,,8,Emergency,No,Pending,4/6/2025,3/31/2025,General Ward,$431.90 ,$10.00 
3/31/2025,3890,4,1,3,3,1,Emergency,$249.00 ,$146.00 ,,5,Physician Referral,No,Pending,4/9/2025,3/31/2025,General Ward,$283.50 ,$10.00 
4/1/2025,431,2,2,3,5,3,Emergency,$409.00 ,$21.00 ,4/30/2025,2,Physician Referral,No,Paid,,,N/A,$301.00 , $-   
4/1/2025,1343,5,1,3,4,3,Outpatient,$709.00 ,$110.00 ,4/23/2025,7,Emergency,No,Paid,,,N/A,$573.30 , $-   
4/1/2025,3580,5,4,3,3,2,Inpatient,$275.00 ,$35.00 ,4/16/2025,3,Emergency,No,Paid,,,N/A,$217.00 , $-   
4/1/2025,389,4,2,3,4,1,Inpatient,$626.00 ,$24.00 ,,6,Emergency,No,Pending,4/4/2025,4/1/2025,Private Room,$490.00 ,$50.00 
4/1/2025,2435,3,1,3,1,3,Outpatient,$900.00 ,$159.00 ,,9,Physician Referral,No,Paid,4/3/2025,4/1/2025,Private Room,$776.30 ,$50.00 
4/1/2025,1316,3,4,3,2,3,Inpatient,$711.00 ,$199.00 ,4/26/2025,5,Emergency,No,Paid,,,N/A,$637.00 , $-   
4/1/2025,3131,2,4,3,2,1,Emergency,$555.00 ,$173.00 ,4/23/2025,9,Physician Referral,No,Pending,,,N/A,$509.60 , $-   
4/1/2025,51,4,4,3,5,1,Outpatient,$638.00 ,$34.00 ,,4,Emergency,No,Pending,4/6/2025,4/1/2025,General Ward,$477.40 ,$10.00 
4/1/2025,708,5,5,3,5,2,Outpatient,$793.00 ,$86.00 ,4/28/2025,9,Emergency,No,Paid,,,N/A,$615.30 , $-   
4/1/2025,4717,2,2,3,3,1,Inpatient,$97.00 ,$92.00 ,,1,Self-Referral,No,Paid,4/10/2025,4/1/2025,Private Room,$167.30 ,$50.00 
4/2/2025,911,4,2,3,3,2,Inpatient,$879.00 ,$111.00 ,,4,Self-Referral,No,Paid,4/3/2025,4/2/2025,Semi-Private Room,$714.00 ,$30.00 
4/2/2025,1516,4,2,3,3,2,Outpatient,$606.00 ,$186.00 ,4/21/2025,1,Emergency,No,Paid,,,N/A,$554.40 , $-   
4/2/2025,4027,4,2,3,1,1,Outpatient,$577.00 ,$82.00 ,4/27/2025,9,Self-Referral,No,Paid,,,N/A,$461.30 , $-   
4/2/2025,1698,1,5,3,5,1,Outpatient,$325.00 ,$119.00 ,4/13/2025,8,Self-Referral,No,Paid,,,N/A,$310.80 , $-   
4/2/2025,2660,2,2,3,5,3,Outpatient,$194.00 ,$44.00 ,4/10/2025,8,Self-Referral,No,Paid,,,N/A,$166.60 , $-   
4/2/2025,1400,4,1,3,2,1,Emergency,$815.00 ,$60.00 ,4/12/2025,7,Self-Referral,No,Pending,,,N/A,$612.50 , $-   
4/2/2025,378,2,4,3,5,1,Emergency,$207.00 ,$47.00 ,,9,Physician Referral,No,Paid,4/3/2025,4/2/2025,Private Room,$212.80 ,$50.00 
4/2/2025,1012,5,5,3,5,2,Outpatient,$252.00 ,$130.00 ,4/20/2025,3,Self-Referral,No,Pending,,,N/A,$267.40 , $-   
4/2/2025,1169,4,5,3,1,1,Outpatient,$65.00 ,$40.00 ,,7,Emergency,No,Pending,4/5/2025,4/2/2025,Private Room,$108.50 ,$50.00 
4/2/2025,1404,3,2,3,3,3,Outpatient,$551.00 ,$80.00 ,4/26/2025,6,Self-Referral,No,Pending,,,N/A,$441.70 , $-   
4/3/2025,2171,4,4,3,1,3,Emergency,$981.00 ,$122.00 ,4/12/2025,5,Emergency,No,Paid,,,N/A,$772.10 , $-   
4/3/2025,4195,4,1,2,4,1,Inpatient,$622.00 ,$158.00 ,4/30/2025,9,Physician Referral,No,Paid,,,N/A,$546.00 , $-   
4/3/2025,4686,2,4,1,2,1,Emergency,$770.00 ,$166.00 ,4/28/2025,4,Emergency,No,Pending,,,N/A,$655.20 , $-   
4/3/2025,2784,2,3,1,2,2,Outpatient,$328.00 ,$94.00 ,5/1/2025,3,Emergency,No,Paid,,,N/A,$295.40 , $-   
4/3/2025,1967,1,4,1,2,1,Outpatient,$429.00 ,$20.00 ,4/13/2025,3,Self-Referral,No,Paid,,,N/A,$314.30 , $-   
4/3/2025,1638,4,1,1,3,2,Outpatient,$98.00 ,$179.00 ,,2,Emergency,No,Pending,4/6/2025,4/3/2025,Private Room,$228.90 ,$50.00 
4/3/2025,4755,5,1,1,3,1,Outpatient,$101.00 ,$128.00 ,4/13/2025,1,Emergency,No,Paid,,,N/A,$160.30 , $-   
4/3/2025,1336,2,1,1,3,2,Emergency,$573.00 ,$96.00 ,4/25/2025,3,Physician Referral,No,Pending,,,N/A,$468.30 , $-   
4/3/2025,2488,1,5,1,2,3,Inpatient,$902.00 ,$181.00 ,4/20/2025,8,Physician Referral,No,Pending,,,N/A,$758.10 , $-   
4/3/2025,3459,3,5,2,2,1,Outpatient,$59.00 ,$36.00 ,4/22/2025,6,Self-Referral,No,Pending,,,N/A,$66.50 , $-   
4/4/2025,2810,3,3,1,2,1,Outpatient,$360.00 ,$130.00 ,,2,Physician Referral,No,Pending,4/9/2025,4/4/2025,General Ward,$350.00 ,$10.00 
4/4/2025,2203,1,4,1,4,2,Outpatient,$258.00 ,$38.00 ,,8,Physician Referral,No,Paid,4/8/2025,4/4/2025,Semi-Private Room,$228.20 ,$30.00 
4/4/2025,419,3,2,3,4,2,Inpatient,$775.00 ,$93.00 ,,5,Emergency,No,Pending,4/10/2025,4/4/2025,General Ward,$614.60 ,$10.00 
4/4/2025,2035,4,3,2,2,1,Emergency,$709.00 ,$189.00 ,,4,Self-Referral,No,Paid,4/12/2025,4/4/2025,General Ward,$635.60 ,$10.00 
4/4/2025,4155,2,2,3,3,2,Inpatient,$685.00 ,$78.00 ,,1,Self-Referral,No,Paid,4/12/2025,4/4/2025,Semi-Private Room,$555.10 ,$30.00 
4/4/2025,2220,5,2,5,3,1,Emergency,$249.00 ,$134.00 ,,1,Emergency,No,Paid,4/8/2025,4/4/2025,Semi-Private Room,$289.10 ,$30.00 
4/4/2025,4105,3,3,1,4,3,Outpatient,$879.00 ,$57.00 ,5/1/2025,4,Physician Referral,No,Paid,,,N/A,$655.20 , $-   
4/4/2025,4582,4,4,4,4,2,Inpatient,$56.00 ,$50.00 ,4/21/2025,9,Physician Referral,No,Pending,,,N/A,$74.20 , $-   
4/4/2025,2720,2,2,1,2,1,Inpatient,$213.00 ,$125.00 ,,10,Physician Referral,No,Pending,4/5/2025,4/4/2025,Private Room,$271.60 ,$50.00 
4/4/2025,3577,4,5,1,2,3,Outpatient,$725.00 ,$130.00 ,4/17/2025,10,Self-Referral,No,Pending,,,N/A,$598.50 , $-   
4/5/2025,4016,4,5,3,3,1,Inpatient,$382.00 ,$69.00 ,4/25/2025,6,Emergency,No,Pending,,,N/A,$315.70 , $-   
4/5/2025,570,2,3,5,5,1,Outpatient,$682.00 ,$145.00 ,4/15/2025,1,Emergency,No,Pending,,,N/A,$578.90 , $-   
4/5/2025,2962,3,2,3,3,3,Outpatient,$224.00 ,$177.00 ,4/19/2025,8,Physician Referral,No,Paid,,,N/A,$280.70 , $-   
4/5/2025,3110,3,3,2,3,2,Emergency,$813.00 ,$122.00 ,4/23/2025,9,Self-Referral,No,Pending,,,N/A,$654.50 , $-   
4/5/2025,769,4,5,5,2,3,Emergency,$673.00 ,$182.00 ,,2,Emergency,No,Paid,4/12/2025,4/5/2025,General Ward,$605.50 ,$10.00 
4/5/2025,1557,1,3,5,5,1,Outpatient,$988.00 ,$78.00 ,,6,Physician Referral,No,Paid,4/11/2025,4/5/2025,Private Room,$781.20 ,$50.00 
4/5/2025,4409,3,2,5,5,3,Outpatient,$221.00 ,$140.00 ,,7,Physician Referral,No,Pending,4/10/2025,4/5/2025,Private Room,$287.70 ,$50.00 
4/5/2025,2161,4,2,3,2,1,Inpatient,$271.00 ,$164.00 ,,1,Emergency,No,Paid,4/9/2025,4/5/2025,Private Room,$339.50 ,$50.00 
4/5/2025,3609,5,5,1,1,3,Outpatient,$903.00 ,$114.00 ,,5,Emergency,No,Paid,4/11/2025,4/5/2025,Private Room,$746.90 ,$50.00 
4/5/2025,2878,5,1,1,2,2,Outpatient,$427.00 ,$168.00 ,,5,Emergency,No,Pending,4/13/2025,4/5/2025,General Ward,$423.50 ,$10.00 
4/6/2025,3354,1,1,1,4,3,Inpatient,$523.00 ,$113.00 ,4/25/2025,3,Self-Referral,No,Pending,,,N/A,$445.20 , $-   
4/6/2025,307,4,4,1,5,3,Outpatient,$978.00 ,$71.00 ,,2,Physician Referral,No,Pending,4/12/2025,4/6/2025,Private Room,$769.30 ,$50.00 
4/6/2025,4270,5,5,1,2,2,Outpatient,$531.00 ,$161.00 ,4/21/2025,1,Emergency,No,Paid,,,N/A,$484.40 , $-   
4/6/2025,9,3,4,2,3,1,Emergency,$577.00 ,$35.00 ,4/21/2025,6,Self-Referral,No,Pending,,,N/A,$428.40 , $-   
4/6/2025,3008,4,5,4,3,3,Outpatient,$986.00 ,$74.00 ,,7,Self-Referral,No,Pending,4/9/2025,4/6/2025,General Ward,$749.00 ,$10.00 
4/6/2025,4531,1,2,5,3,1,Outpatient,$341.00 ,$156.00 ,,2,Emergency,No,Paid,4/15/2025,4/6/2025,Private Room,$382.90 ,$50.00 
4/6/2025,1891,1,5,4,2,3,Inpatient,$828.00 ,$155.00 ,,2,Emergency,No,Pending,4/9/2025,4/6/2025,Private Room,$723.10 ,$50.00 
4/6/2025,3564,3,3,2,1,2,Emergency,$72.00 ,$181.00 ,4/14/2025,5,Emergency,No,Paid,,,N/A,$177.10 , $-   
4/6/2025,585,5,4,1,4,3,Emergency,$120.00 ,$128.00 ,,5,Emergency,No,Paid,4/10/2025,4/6/2025,Private Room,$208.60 ,$50.00 
4/6/2025,1142,5,5,2,3,1,Outpatient,$497.00 ,$180.00 ,,3,Self-Referral,No,Pending,4/11/2025,4/6/2025,Private Room,$508.90 ,$50.00 
4/7/2025,2586,1,4,2,2,1,Emergency,$117.00 ,$113.00 ,,3,Emergency,No,Paid,4/9/2025,4/7/2025,General Ward,$168.00 ,$10.00 
4/7/2025,1714,2,5,4,1,2,Emergency,$691.00 ,$26.00 ,4/16/2025,1,Physician Referral,No,Paid,,,N/A,$501.90 , $-   
4/7/2025,2143,1,1,5,5,1,Emergency,$800.00 ,$168.00 ,,3,Physician Referral,No,Pending,4/9/2025,4/7/2025,General Ward,$684.60 ,$10.00 
4/7/2025,4393,1,4,3,5,2,Inpatient,$432.00 ,$152.00 ,,9,Emergency,No,Pending,4/13/2025,4/7/2025,General Ward,$415.80 ,$10.00 
4/7/2025,1566,4,2,3,4,2,Inpatient,$550.00 ,$159.00 ,5/4/2025,2,Emergency,No,Pending,,,N/A,$496.30 , $-   
4/7/2025,4456,3,2,5,2,1,Emergency,$605.00 ,$100.00 ,4/25/2025,1,Self-Referral,No,Paid,,,N/A,$493.50 , $-   
4/7/2025,4965,4,5,1,2,1,Emergency,$382.00 ,$107.00 ,4/30/2025,9,Physician Referral,No,Paid,,,N/A,$342.30 , $-   
4/7/2025,2022,1,2,2,3,2,Outpatient,$448.00 ,$184.00 ,,5,Physician Referral,No,Pending,4/9/2025,4/7/2025,General Ward,$449.40 ,$10.00 
4/7/2025,1276,4,2,1,1,1,Emergency,$763.00 ,$127.00 ,,8,Self-Referral,No,Pending,4/8/2025,4/7/2025,Semi-Private Room,$644.00 ,$30.00 
4/7/2025,2509,5,4,2,4,2,Inpatient,$817.00 ,$102.00 ,4/17/2025,4,Emergency,No,Pending,,,N/A,$643.30 , $-   
4/8/2025,305,1,5,3,1,3,Outpatient,$932.00 ,$64.00 ,,8,Self-Referral,No,Paid,4/16/2025,4/8/2025,Private Room,$732.20 ,$50.00 
4/8/2025,420,5,4,5,4,1,Inpatient,$928.00 ,$99.00 ,4/28/2025,5,Self-Referral,No,Pending,,,N/A,$718.90 , $-   
4/8/2025,4411,5,5,4,2,1,Inpatient,$51.00 ,$44.00 ,5/5/2025,6,Physician Referral,No,Paid,,,N/A,$66.50 , $-   
4/8/2025,819,3,2,4,2,2,Inpatient,$838.00 ,$46.00 ,4/23/2025,6,Self-Referral,No,Pending,,,N/A,$618.80 , $-   
4/8/2025,1910,5,5,5,4,3,Inpatient,$882.00 ,$70.00 ,4/22/2025,6,Physician Referral,No,Paid,,,N/A,$666.40 , $-   
4/8/2025,1865,4,5,3,1,3,Inpatient,$105.00 ,$138.00 ,4/15/2025,2,Physician Referral,No,Paid,,,N/A,$170.10 , $-   
4/8/2025,3477,4,3,2,5,1,Outpatient,$151.00 ,$189.00 ,,10,Self-Referral,No,Pending,4/9/2025,4/8/2025,General Ward,$245.00 ,$10.00 
4/8/2025,3696,2,5,4,5,2,Inpatient,$148.00 ,$127.00 ,,10,Self-Referral,No,Paid,4/14/2025,4/8/2025,Private Room,$227.50 ,$50.00 
4/8/2025,3528,3,3,3,3,2,Emergency,$270.00 ,$189.00 ,,9,Emergency,No,Paid,4/9/2025,4/8/2025,Private Room,$356.30 ,$50.00 
4/8/2025,67,2,4,5,3,1,Outpatient,$232.00 ,$79.00 ,,7,Physician Referral,No,Pending,4/16/2025,4/8/2025,Private Room,$252.70 ,$50.00 
4/9/2025,3791,5,3,1,1,3,Emergency,$556.00 ,$91.00 ,4/28/2025,3,Self-Referral,No,Pending,,,N/A,$452.90 , $-   
4/9/2025,1,1,4,3,2,2,Outpatient,$127.00 ,$99.00 ,,2,Physician Referral,No,Paid,4/14/2025,4/9/2025,Semi-Private Room,$179.20 ,$30.00 
4/9/2025,2757,4,5,3,1,2,Emergency,$991.00 ,$91.00 ,4/18/2025,4,Self-Referral,No,Paid,,,N/A,$757.40 , $-   
4/9/2025,1780,1,4,1,4,1,Inpatient,$880.00 ,$115.00 ,4/29/2025,8,Self-Referral,No,Paid,,,N/A,$696.50 , $-   
4/9/2025,4880,2,2,3,5,1,Emergency,$391.00 ,$145.00 ,,9,Emergency,No,Pending,4/12/2025,4/9/2025,General Ward,$382.20 ,$10.00 
4/9/2025,1854,2,5,4,3,3,Inpatient,$956.00 ,$169.00 ,,10,Emergency,No,Paid,4/14/2025,4/9/2025,General Ward,$794.50 ,$10.00 
4/9/2025,3323,4,3,4,1,3,Outpatient,$872.00 ,$115.00 ,5/4/2025,2,Emergency,No,Paid,,,N/A,$690.90 , $-   
4/9/2025,770,2,1,4,1,2,Inpatient,$518.00 ,$158.00 ,,6,Self-Referral,No,Pending,4/10/2025,4/9/2025,General Ward,$480.20 ,$10.00 
4/9/2025,3799,1,5,3,4,1,Emergency,$290.00 ,$128.00 ,,8,Emergency,No,Pending,4/10/2025,4/9/2025,General Ward,$299.60 ,$10.00 
4/9/2025,279,2,2,3,2,1,Inpatient,$358.00 ,$25.00 ,,3,Physician Referral,No,Pending,4/13/2025,4/9/2025,Private Room,$303.10 ,$50.00 
4/10/2025,4772,1,4,3,2,1,Inpatient,$809.00 ,$41.00 ,,9,Physician Referral,No,Pending,4/19/2025,4/10/2025,General Ward,$602.00 ,$10.00 
4/10/2025,4280,5,3,5,5,3,Outpatient,$163.00 ,$122.00 ,4/22/2025,4,Self-Referral,No,Pending,,,N/A,$199.50 , $-   
4/10/2025,2129,3,3,1,3,3,Inpatient,$363.00 ,$31.00 ,4/20/2025,5,Emergency,No,Paid,,,N/A,$275.80 , $-   
4/10/2025,4941,4,2,3,2,2,Outpatient,$134.00 ,$46.00 ,,7,Self-Referral,No,Paid,4/19/2025,4/10/2025,General Ward,$133.00 ,$10.00 
4/10/2025,2338,2,2,1,2,1,Emergency,$912.00 ,$148.00 ,5/6/2025,5,Self-Referral,No,Paid,,,N/A,$742.00 , $-   
4/10/2025,803,4,5,2,2,3,Outpatient,$122.00 ,$99.00 ,4/17/2025,4,Physician Referral,No,Pending,,,N/A,$154.70 , $-   
4/10/2025,1695,2,1,4,1,1,Emergency,$445.00 ,$186.00 ,,4,Emergency,No,Pending,4/11/2025,4/10/2025,General Ward,$448.70 ,$10.00 
4/10/2025,4350,5,1,5,2,3,Emergency,$436.00 ,$79.00 ,,5,Physician Referral,No,Pending,4/13/2025,4/10/2025,Semi-Private Room,$381.50 ,$30.00 
4/10/2025,347,1,4,1,4,1,Inpatient,$449.00 ,$135.00 ,4/26/2025,3,Emergency,No,Paid,,,N/A,$408.80 , $-   
4/10/2025,3227,4,3,4,5,2,Outpatient,$423.00 ,$89.00 ,4/29/2025,9,Emergency,No,Pending,,,N/A,$358.40 , $-   
4/11/2025,1174,5,5,5,2,3,Emergency,$813.00 ,$172.00 ,4/29/2025,2,Self-Referral,No,Pending,,,N/A,$689.50 , $-   
4/11/2025,3534,5,3,4,3,3,Inpatient,$320.00 ,$167.00 ,,7,Emergency,No,Pending,4/15/2025,4/11/2025,General Ward,$347.90 ,$10.00 
4/11/2025,1223,3,5,3,1,2,Inpatient,$357.00 ,$55.00 ,4/28/2025,4,Emergency,No,Paid,,,N/A,$288.40 , $-   
4/11/2025,2455,5,2,3,4,2,Emergency,$740.00 ,$170.00 ,4/21/2025,8,Self-Referral,No,Pending,,,N/A,$637.00 , $-   
4/11/2025,1785,3,4,4,5,1,Inpatient,$536.00 ,$148.00 ,,7,Physician Referral,No,Pending,4/13/2025,4/11/2025,Private Room,$513.80 ,$50.00 
4/11/2025,3785,5,2,5,1,3,Outpatient,$629.00 ,$174.00 ,5/4/2025,8,Physician Referral,No,Paid,,,N/A,$562.10 , $-   
4/11/2025,2612,1,3,4,4,1,Emergency,$240.00 ,$71.00 ,,4,Physician Referral,No,Paid,4/18/2025,4/11/2025,Semi-Private Room,$238.70 ,$30.00 
4/11/2025,145,5,4,2,1,1,Emergency,$751.00 ,$149.00 ,,2,Emergency,No,Paid,4/14/2025,4/11/2025,General Ward,$637.00 ,$10.00 
4/11/2025,578,1,5,5,5,1,Inpatient,$75.00 ,$168.00 ,5/2/2025,7,Emergency,No,Paid,,,N/A,$170.10 , $-   
4/11/2025,1104,2,5,5,5,3,Emergency,$587.00 ,$156.00 ,,9,Self-Referral,No,Paid,4/12/2025,4/11/2025,Semi-Private Room,$541.10 ,$30.00 
4/12/2025,3614,5,4,4,2,2,Emergency,$752.00 ,$130.00 ,,6,Self-Referral,No,Paid,4/13/2025,4/12/2025,Private Room,$652.40 ,$50.00 
4/12/2025,3394,5,2,1,3,1,Emergency,$989.00 ,$107.00 ,5/9/2025,7,Self-Referral,No,Paid,,,N/A,$767.20 , $-   
4/12/2025,3651,2,4,4,2,3,Outpatient,$223.00 ,$67.00 ,,6,Physician Referral,No,Paid,4/15/2025,4/12/2025,Private Room,$238.00 ,$50.00 
4/12/2025,1655,3,2,1,1,1,Outpatient,$901.00 ,$124.00 ,4/21/2025,2,Emergency,No,Paid,,,N/A,$717.50 , $-   
4/12/2025,225,1,4,5,2,2,Outpatient,$651.00 ,$186.00 ,,9,Self-Referral,No,Paid,4/18/2025,4/12/2025,Private Room,$620.90 ,$50.00 
4/12/2025,3689,2,2,3,5,2,Outpatient,$75.00 ,$61.00 ,,5,Emergency,No,Paid,4/16/2025,4/12/2025,General Ward,$102.20 ,$10.00 
4/12/2025,56,2,1,3,5,3,Inpatient,$95.00 ,$113.00 ,4/28/2025,3,Self-Referral,No,Paid,,,N/A,$145.60 , $-   
4/12/2025,1432,4,4,4,5,3,Emergency,$493.00 ,$64.00 ,5/9/2025,4,Self-Referral,No,Paid,,,N/A,$389.90 , $-   
4/12/2025,1508,2,2,1,2,2,Outpatient,$775.00 ,$149.00 ,5/2/2025,4,Physician Referral,No,Paid,,,N/A,$646.80 , $-   
4/12/2025,2508,3,3,4,4,3,Inpatient,$969.00 ,$190.00 ,,9,Physician Referral,No,Paid,4/13/2025,4/12/2025,Semi-Private Room,$832.30 ,$30.00 
4/13/2025,255,3,3,2,2,2,Outpatient,$593.00 ,$123.00 ,5/8/2025,5,Emergency,No,Paid,,,N/A,$501.20 , $-   
4/13/2025,2774,3,4,4,2,1,Inpatient,$454.00 ,$126.00 ,,2,Emergency,No,Paid,4/20/2025,4/13/2025,Semi-Private Room,$427.00 ,$30.00 
4/13/2025,4938,1,4,4,2,2,Outpatient,$244.00 ,$165.00 ,5/10/2025,6,Self-Referral,No,Paid,,,N/A,$286.30 , $-   
4/13/2025,3954,1,5,4,2,1,Outpatient,$124.00 ,$58.00 ,,7,Physician Referral,No,Paid,4/15/2025,4/13/2025,Private Room,$162.40 ,$50.00 
4/13/2025,429,5,2,4,5,3,Emergency,$908.00 ,$153.00 ,4/23/2025,8,Emergency,No,Paid,,,N/A,$742.70 , $-   
4/13/2025,175,2,4,1,3,1,Outpatient,$805.00 ,$189.00 ,,5,Physician Referral,No,Paid,4/18/2025,4/13/2025,Private Room,$730.80 ,$50.00 
4/13/2025,1409,3,3,1,2,2,Outpatient,$380.00 ,$199.00 ,5/3/2025,8,Emergency,No,Paid,,,N/A,$405.30 , $-   
4/13/2025,1681,2,3,1,2,3,Inpatient,$604.00 ,$46.00 ,,8,Emergency,No,Paid,4/21/2025,4/13/2025,Semi-Private Room,$476.00 ,$30.00 
4/13/2025,4162,5,3,2,3,3,Emergency,$92.00 ,$162.00 ,,4,Physician Referral,No,Paid,4/20/2025,4/13/2025,General Ward,$184.80 ,$10.00 
4/13/2025,4770,5,2,2,2,2,Emergency,$160.00 ,$38.00 ,,7,Emergency,No,Paid,4/21/2025,4/13/2025,Semi-Private Room,$159.60 ,$30.00 
4/14/2025,953,3,1,4,3,3,Inpatient,$393.00 ,$83.00 ,,9,Emergency,No,Paid,4/20/2025,4/14/2025,Semi-Private Room,$354.20 ,$30.00 
4/14/2025,1422,2,4,1,5,2,Outpatient,$179.00 ,$70.00 ,4/26/2025,10,Physician Referral,No,Paid,,,N/A,$174.30 , $-   
4/14/2025,226,5,1,2,4,1,Inpatient,$296.00 ,$194.00 ,,4,Physician Referral,No,Paid,4/21/2025,4/14/2025,General Ward,$350.00 ,$10.00 
4/14/2025,3694,4,2,3,2,1,Outpatient,$827.00 ,$76.00 ,5/2/2025,9,Emergency,No,Paid,,,N/A,$632.10 , $-   
4/14/2025,114,1,4,4,4,3,Outpatient,$534.00 ,$39.00 ,,4,Emergency,No,Paid,4/23/2025,4/14/2025,Private Room,$436.10 ,$50.00 
4/14/2025,4066,2,5,5,2,2,Emergency,$308.00 ,$39.00 ,4/22/2025,1,Physician Referral,No,Paid,,,N/A,$242.90 , $-   
4/14/2025,3287,3,4,1,1,2,Outpatient,$508.00 ,$101.00 ,,4,Emergency,No,Paid,4/20/2025,4/14/2025,Private Room,$461.30 ,$50.00 
4/14/2025,4051,5,4,4,1,1,Emergency,$78.00 ,$120.00 ,,2,Emergency,No,Paid,4/23/2025,4/14/2025,Private Room,$173.60 ,$50.00 
4/14/2025,4777,5,4,4,5,1,Emergency,$564.00 ,$57.00 ,5/7/2025,6,Emergency,No,Paid,,,N/A,$434.70 , $-   
4/14/2025,4030,5,4,5,4,3,Inpatient,$774.00 ,$57.00 ,4/21/2025,8,Self-Referral,No,Paid,,,N/A,$581.70 , $-   
4/15/2025,65,1,4,3,4,2,Outpatient,$418.00 ,$84.00 ,,6,Physician Referral,No,Paid,4/17/2025,4/15/2025,Private Room,$386.40 ,$50.00 
4/15/2025,1687,2,2,2,3,3,Inpatient,$563.00 ,$95.00 ,5/8/2025,9,Self-Referral,No,Paid,,,N/A,$460.60 , $-   
4/15/2025,3519,5,4,2,3,3,Inpatient,$460.00 ,$152.00 ,4/26/2025,6,Self-Referral,No,Paid,,,N/A,$428.40 , $-   
4/15/2025,4795,1,2,5,2,3,Inpatient,$287.00 ,$142.00 ,5/7/2025,7,Self-Referral,No,Paid,,,N/A,$300.30 , $-   
4/15/2025,2845,4,4,5,3,2,Inpatient,$296.00 ,$144.00 ,,5,Self-Referral,No,Paid,4/17/2025,4/15/2025,Private Room,$343.00 ,$50.00 
4/15/2025,4709,2,4,2,3,1,Emergency,$606.00 ,$46.00 ,5/5/2025,8,Emergency,No,Paid,,,N/A,$456.40 , $-   
4/15/2025,3758,3,2,3,4,2,Emergency,$354.00 ,$122.00 ,,2,Self-Referral,No,Paid,4/17/2025,4/15/2025,Private Room,$368.20 ,$50.00 
4/15/2025,1390,2,4,3,1,2,Emergency,$316.00 ,$39.00 ,5/11/2025,2,Self-Referral,No,Paid,,,N/A,$248.50 , $-   
4/15/2025,3434,5,3,4,4,2,Emergency,$240.00 ,$79.00 ,5/1/2025,8,Physician Referral,No,Paid,,,N/A,$223.30 , $-   
4/15/2025,1830,3,4,5,3,3,Outpatient,$334.00 ,$187.00 ,,6,Emergency,No,Paid,4/21/2025,4/15/2025,General Ward,$371.70 ,$10.00 
4/16/2025,1826,2,5,5,2,3,Emergency,$89.00 ,$102.00 ,5/13/2025,2,Emergency,No,Paid,,,N/A,$133.70 , $-   
4/16/2025,542,3,2,5,1,2,Outpatient,$752.00 ,$25.00 ,4/25/2025,6,Physician Referral,No,Paid,,,N/A,$543.90 , $-   
4/16/2025,4459,2,4,2,3,3,Inpatient,$866.00 ,$183.00 ,4/25/2025,8,Emergency,No,Paid,,,N/A,$734.30 , $-   
4/16/2025,3408,4,4,2,3,3,Outpatient,$891.00 ,$131.00 ,5/10/2025,6,Emergency,No,Paid,,,N/A,$715.40 , $-   
4/16/2025,3361,4,2,2,2,1,Emergency,$446.00 ,$158.00 ,5/15/2025,9,Physician Referral,No,Paid,,,N/A,$422.80 , $-   
4/16/2025,1515,4,1,3,2,2,Emergency,$270.00 ,$196.00 ,5/10/2025,6,Emergency,No,Paid,,,N/A,$326.20 , $-   
4/16/2025,2305,2,3,2,3,2,Emergency,$732.00 ,$133.00 ,4/26/2025,3,Self-Referral,No,Paid,,,N/A,$605.50 , $-   
4/16/2025,982,3,3,4,3,3,Inpatient,$660.00 ,$103.00 ,,9,Self-Referral,No,Paid,4/18/2025,4/16/2025,General Ward,$541.10 ,$10.00 
4/16/2025,4942,4,4,2,4,2,Inpatient,$496.00 ,$175.00 ,,10,Self-Referral,No,Paid,4/19/2025,4/16/2025,Private Room,$504.70 ,$50.00 
4/16/2025,245,1,2,3,5,2,Emergency,$331.00 ,$41.00 ,,5,Physician Referral,No,Paid,4/24/2025,4/16/2025,Private Room,$295.40 ,$50.00 
4/17/2025,2862,1,5,5,2,2,Inpatient,$158.00 ,$103.00 ,,6,Emergency,No,Paid,4/25/2025,4/17/2025,Semi-Private Room,$203.70 ,$30.00 
4/17/2025,277,4,4,4,2,2,Outpatient,$567.00 ,$66.00 ,,4,Emergency,No,Paid,4/21/2025,4/17/2025,Private Room,$478.10 ,$50.00 
4/17/2025,4168,4,3,3,4,3,Outpatient,$640.00 ,$121.00 ,4/30/2025,3,Emergency,No,Paid,,,N/A,$532.70 , $-   
4/17/2025,302,5,4,1,1,1,Outpatient,$151.00 ,$99.00 ,,10,Emergency,No,Paid,4/26/2025,4/17/2025,Private Room,$210.00 ,$50.00 
4/17/2025,2256,1,2,5,1,3,Outpatient,$404.00 ,$44.00 ,,5,Physician Referral,No,Paid,4/25/2025,4/17/2025,Private Room,$348.60 ,$50.00 
4/17/2025,1732,1,5,2,1,1,Emergency,$640.00 ,$110.00 ,4/24/2025,3,Emergency,No,Paid,,,N/A,$525.00 , $-   
4/17/2025,888,4,1,3,2,2,Emergency,$984.00 ,$86.00 ,,2,Physician Referral,No,Paid,4/18/2025,4/17/2025,Private Room,$784.00 ,$50.00 
4/17/2025,4720,5,5,1,5,2,Outpatient,$77.00 ,$179.00 ,5/9/2025,6,Self-Referral,No,Paid,,,N/A,$179.20 , $-   
4/17/2025,3623,3,4,3,5,2,Outpatient,$626.00 ,$164.00 ,5/10/2025,8,Physician Referral,No,Paid,,,N/A,$553.00 , $-   
4/17/2025,2952,5,3,2,4,2,Emergency,$375.00 ,$59.00 ,,3,Emergency,No,Paid,4/25/2025,4/17/2025,General Ward,$310.80 ,$10.00 
4/18/2025,2258,5,2,3,1,2,Inpatient,$935.00 ,$49.00 ,,6,Physician Referral,No,Paid,4/19/2025,4/18/2025,Semi-Private Room,$709.80 ,$30.00 
4/18/2025,2909,1,4,1,1,2,Outpatient,$510.00 ,$78.00 ,5/2/2025,9,Emergency,No,Paid,,,N/A,$411.60 , $-   
4/18/2025,1273,4,1,3,3,2,Inpatient,$881.00 ,$47.00 ,4/30/2025,1,Physician Referral,No,Paid,,,N/A,$649.60 , $-   
4/18/2025,3221,4,2,4,4,1,Emergency,$143.00 ,$66.00 ,,3,Emergency,No,Paid,4/22/2025,4/18/2025,Semi-Private Room,$167.30 ,$30.00 
4/18/2025,923,4,2,4,4,3,Outpatient,$147.00 ,$136.00 ,4/26/2025,2,Self-Referral,No,Paid,,,N/A,$198.10 , $-   
4/18/2025,2021,5,2,2,2,2,Outpatient,$389.00 ,$170.00 ,,8,Self-Referral,No,Paid,4/24/2025,4/18/2025,General Ward,$398.30 ,$10.00 
4/18/2025,4841,5,4,1,2,2,Inpatient,$424.00 ,$102.00 ,,9,Physician Referral,No,Paid,4/25/2025,4/18/2025,Private Room,$403.20 ,$50.00 
4/18/2025,4886,2,1,1,4,2,Inpatient,$275.00 ,$76.00 ,,10,Self-Referral,No,Paid,4/22/2025,4/18/2025,Semi-Private Room,$266.70 ,$30.00 
4/18/2025,4694,3,4,1,5,1,Inpatient,$679.00 ,$148.00 ,,6,Emergency,No,Paid,4/26/2025,4/18/2025,General Ward,$585.90 ,$10.00 
4/18/2025,4080,2,2,1,4,2,Inpatient,$608.00 ,$48.00 ,5/4/2025,3,Self-Referral,No,Paid,,,N/A,$459.20 , $-   
4/19/2025,2241,3,2,1,5,3,Outpatient,$846.00 ,$197.00 ,5/12/2025,10,Self-Referral,No,Paid,,,N/A,$730.10 , $-   
4/19/2025,2453,2,3,5,2,1,Emergency,$995.00 ,$83.00 ,,8,Self-Referral,No,Paid,4/27/2025,4/19/2025,General Ward,$761.60 ,$10.00 
4/19/2025,1757,2,5,3,4,1,Inpatient,$408.00 ,$118.00 ,,10,Self-Referral,No,Paid,4/28/2025,4/19/2025,General Ward,$375.20 ,$10.00 
4/19/2025,2009,2,4,1,5,2,Inpatient,$475.00 ,$56.00 ,5/14/2025,7,Emergency,No,Paid,,,N/A,$371.70 , $-   
4/19/2025,2735,2,1,4,3,1,Emergency,$545.00 ,$147.00 ,4/29/2025,2,Self-Referral,No,Paid,,,N/A,$484.40 , $-   
4/19/2025,363,5,2,3,3,2,Outpatient,$895.00 ,$154.00 ,5/8/2025,7,Self-Referral,No,Paid,,,N/A,$734.30 , $-   
4/19/2025,4182,3,4,2,4,3,Emergency,$798.00 ,$109.00 ,5/16/2025,1,Physician Referral,No,Paid,,,N/A,$634.90 , $-   
4/19/2025,2090,2,5,2,1,3,Emergency,$333.00 ,$106.00 ,5/14/2025,8,Emergency,No,Paid,,,N/A,$307.30 , $-   
4/19/2025,594,2,4,1,4,1,Inpatient,$516.00 ,$83.00 ,,5,Physician Referral,No,Paid,4/25/2025,4/19/2025,Semi-Private Room,$440.30 ,$30.00 
4/19/2025,1070,4,5,5,2,1,Emergency,$133.00 ,$37.00 ,,9,Physician Referral,No,Paid,4/23/2025,4/19/2025,General Ward,$126.00 ,$10.00 
4/20/2025,1959,5,4,5,2,2,Emergency,$96.00 ,$48.00 ,,3,Physician Referral,No,Paid,4/22/2025,4/20/2025,Semi-Private Room,$121.80 ,$30.00 
4/20/2025,1777,1,3,3,3,1,Outpatient,$682.00 ,$133.00 ,,7,Self-Referral,No,Paid,4/27/2025,4/20/2025,Private Room,$605.50 ,$50.00 
4/20/2025,3964,4,4,5,5,3,Inpatient,$357.00 ,$79.00 ,5/12/2025,8,Self-Referral,No,Paid,,,N/A,$305.20 , $-   
4/20/2025,4413,1,3,2,3,1,Inpatient,$155.00 ,$73.00 ,5/9/2025,1,Physician Referral,No,Paid,,,N/A,$159.60 , $-   
4/20/2025,3269,2,5,1,5,3,Inpatient,$126.00 ,$91.00 ,,6,Emergency,No,Paid,4/23/2025,4/20/2025,General Ward,$158.90 ,$10.00 
4/20/2025,1552,3,2,4,4,2,Outpatient,$850.00 ,$168.00 ,,2,Emergency,No,Paid,4/23/2025,4/20/2025,General Ward,$719.60 ,$10.00 
4/20/2025,123,1,2,2,1,3,Outpatient,$955.00 ,$168.00 ,5/1/2025,8,Physician Referral,No,Paid,,,N/A,$786.10 , $-   
4/20/2025,2439,1,4,2,2,1,Outpatient,$980.00 ,$77.00 ,,6,Emergency,No,Paid,4/23/2025,4/20/2025,General Ward,$746.90 ,$10.00 
4/20/2025,1738,1,1,3,4,3,Outpatient,$511.00 ,$196.00 ,,3,Physician Referral,No,Paid,4/24/2025,4/20/2025,Semi-Private Room,$515.90 ,$30.00 
4/20/2025,876,3,4,5,3,3,Inpatient,$574.00 ,$55.00 ,5/8/2025,4,Self-Referral,No,Paid,,,N/A,$440.30 , $-   
4/21/2025,1634,4,3,4,4,1,Inpatient,$75.00 ,$164.00 ,5/4/2025,7,Self-Referral,No,Paid,,,N/A,$167.30 , $-   
4/21/2025,3559,5,3,4,1,2,Emergency,$583.00 ,$99.00 ,5/6/2025,9,Self-Referral,No,Paid,,,N/A,$477.40 , $-   
4/21/2025,1544,3,5,5,5,3,Outpatient,$188.00 ,$34.00 ,,10,Emergency,No,Paid,4/23/2025,4/21/2025,General Ward,$162.40 ,$10.00 
4/21/2025,1874,4,4,1,1,1,Emergency,$663.00 ,$59.00 ,5/2/2025,2,Physician Referral,No,Paid,,,N/A,$505.40 , $-   
4/21/2025,1837,2,5,5,3,3,Outpatient,$972.00 ,$100.00 ,5/1/2025,9,Emergency,No,Paid,,,N/A,$750.40 , $-   
4/21/2025,1278,4,1,1,1,3,Emergency,$439.00 ,$70.00 ,,6,Emergency,No,Paid,4/26/2025,4/21/2025,Semi-Private Room,$377.30 ,$30.00 
4/21/2025,1671,1,2,4,2,3,Inpatient,$850.00 ,$160.00 ,5/7/2025,2,Self-Referral,No,Paid,,,N/A,$707.00 , $-   
4/21/2025,3943,4,2,3,1,2,Inpatient,$456.00 ,$185.00 ,,8,Emergency,No,Paid,4/24/2025,4/21/2025,General Ward,$455.70 ,$10.00 
4/21/2025,3716,4,4,2,4,3,Outpatient,$870.00 ,$116.00 ,,4,Physician Referral,No,Paid,4/26/2025,4/21/2025,General Ward,$697.20 ,$10.00 
4/21/2025,4789,2,5,4,5,1,Inpatient,$439.00 ,$173.00 ,,8,Emergency,No,Paid,4/28/2025,4/21/2025,General Ward,$435.40 ,$10.00 
4/22/2025,2621,2,5,4,2,1,Outpatient,$431.00 ,$162.00 ,,7,Self-Referral,No,Paid,5/1/2025,4/22/2025,General Ward,$422.10 ,$10.00 
4/22/2025,1721,4,1,4,2,3,Emergency,$792.00 ,$136.00 ,5/14/2025,7,Emergency,No,Paid,,,N/A,$649.60 , $-   
4/22/2025,2353,3,5,2,2,2,Outpatient,$292.00 ,$152.00 ,,7,Physician Referral,No,Paid,4/24/2025,4/22/2025,General Ward,$317.80 ,$10.00 
4/22/2025,3985,2,3,1,3,1,Emergency,$195.00 ,$21.00 ,5/9/2025,2,Emergency,No,Paid,,,N/A,$151.20 , $-   
4/22/2025,3514,1,3,3,3,2,Emergency,$153.00 ,$134.00 ,5/7/2025,8,Physician Referral,No,Paid,,,N/A,$200.90 , $-   
4/22/2025,2206,3,3,3,4,2,Outpatient,$836.00 ,$97.00 ,5/3/2025,2,Physician Referral,No,Paid,,,N/A,$653.10 , $-   
4/22/2025,1324,4,4,3,5,1,Inpatient,$609.00 ,$112.00 ,5/9/2025,3,Self-Referral,No,Paid,,,N/A,$504.70 , $-   
4/22/2025,2085,1,3,1,1,1,Emergency,$728.00 ,$96.00 ,5/7/2025,10,Self-Referral,No,Paid,,,N/A,$576.80 , $-   
4/22/2025,576,1,3,5,4,2,Inpatient,$683.00 ,$79.00 ,,7,Self-Referral,No,Paid,5/1/2025,4/22/2025,Semi-Private Room,$554.40 ,$30.00 
4/22/2025,3479,3,2,5,3,3,Emergency,$183.00 ,$115.00 ,5/15/2025,7,Self-Referral,No,Paid,,,N/A,$208.60 , $-   
4/23/2025,790,4,4,3,4,2,Emergency,$644.00 ,$117.00 ,,7,Self-Referral,No,Paid,4/29/2025,4/23/2025,Semi-Private Room,$553.70 ,$30.00 
4/23/2025,1833,1,3,4,5,1,Emergency,$784.00 ,$75.00 ,,4,Physician Referral,No,Paid,4/29/2025,4/23/2025,Semi-Private Room,$622.30 ,$30.00 
4/23/2025,3600,2,1,4,4,2,Emergency,$364.00 ,$137.00 ,,5,Physician Referral,No,Paid,4/26/2025,4/23/2025,Private Room,$385.70 ,$50.00 
4/23/2025,1213,2,3,2,2,1,Outpatient,$801.00 ,$138.00 ,5/21/2025,7,Physician Referral,No,Paid,,,N/A,$657.30 , $-   
4/23/2025,1020,3,4,2,1,3,Emergency,$171.00 ,$57.00 ,5/10/2025,8,Physician Referral,No,Paid,,,N/A,$159.60 , $-   
4/23/2025,1764,2,5,2,3,3,Inpatient,$414.00 ,$121.00 ,5/20/2025,3,Emergency,No,Paid,,,N/A,$374.50 , $-   
4/23/2025,3474,5,2,2,3,3,Inpatient,$233.00 ,$70.00 ,5/5/2025,6,Physician Referral,No,Paid,,,N/A,$212.10 , $-   
4/23/2025,4583,4,2,2,5,3,Outpatient,$454.00 ,$188.00 ,,9,Self-Referral,No,Paid,5/2/2025,4/23/2025,General Ward,$456.40 ,$10.00 
4/23/2025,1725,1,4,2,5,3,Emergency,$142.00 ,$146.00 ,5/15/2025,10,Physician Referral,No,Paid,,,N/A,$201.60 , $-   
4/23/2025,4385,1,3,2,5,1,Outpatient,$591.00 ,$122.00 ,5/18/2025,5,Emergency,No,Paid,,,N/A,$499.10 , $-   
4/24/2025,4580,3,1,2,3,2,Inpatient,$497.00 ,$199.00 ,,4,Emergency,No,Paid,4/28/2025,4/24/2025,General Ward,$494.20 ,$10.00 
4/24/2025,822,3,3,2,2,3,Emergency,$67.00 ,$148.00 ,,9,Self-Referral,No,Paid,4/29/2025,4/24/2025,General Ward,$157.50 ,$10.00 
4/24/2025,2404,1,3,2,1,1,Inpatient,$351.00 ,$104.00 ,,4,Emergency,No,Paid,4/27/2025,4/24/2025,General Ward,$325.50 ,$10.00 
4/24/2025,2980,2,1,2,5,2,Outpatient,$455.00 ,$122.00 ,,3,Emergency,No,Paid,4/29/2025,4/24/2025,General Ward,$410.90 ,$10.00 
4/24/2025,2248,3,2,2,3,2,Outpatient,$458.00 ,$37.00 ,,7,Self-Referral,No,Paid,5/2/2025,4/24/2025,Semi-Private Room,$367.50 ,$30.00 
4/24/2025,1782,5,3,2,2,3,Inpatient,$292.00 ,$46.00 ,,5,Physician Referral,No,Paid,5/2/2025,4/24/2025,Semi-Private Room,$257.60 ,$30.00 
4/24/2025,4628,3,5,2,5,3,Emergency,$229.00 ,$111.00 ,,1,Emergency,No,Paid,5/2/2025,4/24/2025,Private Room,$273.00 ,$50.00 
4/24/2025,4192,2,5,2,5,2,Emergency,$109.00 ,$91.00 ,5/14/2025,8,Emergency,No,Paid,,,N/A, $-   , $-   
4/24/2025,3038,4,4,2,1,2,Inpatient,$376.00 ,$114.00 ,5/3/2025,1,Physician Referral,No,Paid,,,N/A,$343.00 , $-   
4/24/2025,1905,5,4,2,1,1,Inpatient,$886.00 ,$95.00 ,,9,Self-Referral,No,Paid,4/30/2025,4/24/2025,General Ward,$693.70 ,$10.00 
4/25/2025,4349,3,1,2,4,3,Emergency,$190.00 ,$189.00 ,,1,Emergency,No,Paid,4/26/2025,4/25/2025,Semi-Private Room,$286.30 ,$30.00 
4/25/2025,3083,4,1,2,5,2,Inpatient,$558.00 ,$25.00 ,5/11/2025,4,Emergency,No,Paid,,,N/A,$408.10 , $-   
4/25/2025,3452,4,4,2,4,2,Outpatient,$831.00 ,$109.00 ,,10,Self-Referral,No,Paid,5/1/2025,4/25/2025,General Ward,$665.00 ,$10.00 
4/25/2025,1212,1,3,2,3,3,Emergency,$768.00 ,$99.00 ,,4,Emergency,No,Paid,5/2/2025,4/25/2025,General Ward, $-   ,$10.00 
4/25/2025,1954,2,2,2,1,1,Emergency,$135.00 ,$102.00 ,,9,Physician Referral,No,Paid,5/4/2025,4/25/2025,Private Room, $-   ,$50.00 
4/25/2025,360,1,5,2,2,1,Outpatient,$469.00 ,$101.00 ,,1,Emergency,No,Paid,5/3/2025,4/25/2025,Private Room,$434.00 ,$50.00 
4/25/2025,1029,2,1,2,5,3,Inpatient,$275.00 ,$171.00 ,,10,Emergency,No,Paid,5/3/2025,4/25/2025,General Ward,$319.20 ,$10.00 
4/25/2025,1533,4,4,2,5,1,Emergency,$932.00 ,$64.00 ,5/22/2025,9,Emergency,No,Paid,,,N/A,$697.20 , $-   
4/25/2025,1658,3,5,2,4,1,Emergency,$246.00 ,$90.00 ,,4,Physician Referral,No,Paid,5/2/2025,4/25/2025,Private Room,$270.20 ,$50.00 
4/25/2025,873,2,1,2,1,1,Emergency,$678.00 ,$26.00 ,,7,Physician Referral,No,Paid,4/27/2025,4/25/2025,Private Room, $-   ,$50.00 
4/26/2025,3283,2,1,2,4,2,Inpatient,$990.00 ,$163.00 ,,9,Emergency,No,Paid,4/27/2025,4/26/2025,Semi-Private Room,$828.10 ,$30.00 
4/26/2025,1110,4,3,2,5,2,Emergency,$459.00 ,$145.00 ,5/25/2025,7,Physician Referral,No,Paid,,,N/A,$422.80 , $-   
4/26/2025,3976,5,1,2,1,1,Inpatient,$242.00 ,$77.00 ,5/6/2025,2,Emergency,No,Paid,,,N/A,$223.30 , $-   
4/26/2025,852,4,2,2,5,3,Outpatient,$207.00 ,$76.00 ,,6,Self-Referral,No,Paid,4/28/2025,4/26/2025,Private Room,$233.10 ,$50.00 
4/26/2025,786,4,1,2,1,3,Inpatient,$149.00 ,$189.00 ,,6,Self-Referral,No,Paid,5/2/2025,4/26/2025,General Ward, $-   ,$10.00 
4/26/2025,556,2,2,2,5,3,Inpatient,$877.00 ,$130.00 ,,3,Emergency,No,Paid,4/28/2025,4/26/2025,Semi-Private Room,$725.90 ,$30.00 
4/26/2025,2970,4,3,2,2,1,Outpatient,$759.00 ,$161.00 ,,4,Self-Referral,No,Paid,4/30/2025,4/26/2025,General Ward,$651.00 ,$10.00 
4/26/2025,4300,1,2,2,4,3,Inpatient,$853.00 ,$75.00 ,5/24/2025,6,Physician Referral,No,Paid,,,N/A,$649.60 , $-   
4/26/2025,1537,4,5,2,1,2,Outpatient,$98.00 ,$31.00 ,5/23/2025,6,Emergency,No,Paid,,,N/A,$90.30 , $-   
4/26/2025,4443,3,1,2,4,3,Emergency,$923.00 ,$112.00 ,,1,Emergency,No,Paid,4/29/2025,4/26/2025,General Ward, $-   ,$10.00 
4/27/2025,3461,4,4,2,1,3,Outpatient,$956.00 ,$34.00 ,,10,Emergency,No,Paid,5/3/2025,4/27/2025,Semi-Private Room,$714.00 ,$30.00 
4/27/2025,2895,4,4,2,1,2,Outpatient,$753.00 ,$27.00 ,5/5/2025,8,Emergency,No,Paid,,,N/A,$546.00 , $-   
4/27/2025,1202,3,2,2,1,2,Emergency,$974.00 ,$72.00 ,5/16/2025,9,Emergency,No,Paid,,,N/A, $-   , $-   
4/27/2025,3795,5,3,2,5,1,Emergency,$408.00 ,$156.00 ,,2,Self-Referral,No,Paid,5/5/2025,4/27/2025,General Ward,$401.80 ,$10.00 
4/27/2025,4546,5,2,2,3,1,Inpatient,$579.00 ,$193.00 ,,4,Physician Referral,No,Paid,5/3/2025,4/27/2025,Semi-Private Room,$561.40 ,$30.00 
4/27/2025,449,5,2,2,5,1,Inpatient,$584.00 ,$111.00 ,,6,Self-Referral,No,Paid,4/29/2025,4/27/2025,General Ward,$493.50 ,$10.00 
4/27/2025,1711,1,2,2,3,1,Inpatient,$188.00 ,$26.00 ,5/14/2025,2,Physician Referral,No,Paid,,,N/A,$149.80 , $-   
4/27/2025,1982,3,5,2,5,1,Emergency,$441.00 ,$63.00 ,5/15/2025,7,Physician Referral,No,Paid,,,N/A,$352.80 , $-   
4/27/2025,882,1,5,2,3,2,Emergency,$443.00 ,$33.00 ,5/4/2025,6,Physician Referral,No,Paid,,,N/A,$333.20 , $-   
4/27/2025,3438,1,2,2,1,2,Emergency,$857.00 ,$94.00 ,5/25/2025,8,Physician Referral,No,Paid,,,N/A,$665.70 , $-   
4/28/2025,795,1,3,2,1,2,Inpatient,$811.00 ,$134.00 ,,7,Physician Referral,No,Paid,5/3/2025,4/28/2025,Private Room,$696.50 ,$50.00 
4/28/2025,4737,3,1,2,3,3,Emergency,$225.00 ,$111.00 ,5/25/2025,10,Emergency,No,Paid,,,N/A,$235.20 , $-   
4/28/2025,2333,2,4,2,3,3,Emergency,$291.00 ,$153.00 ,5/13/2025,1,Emergency,No,Pending,,,N/A,$310.80 , $-   
4/28/2025,1231,2,5,2,4,3,Outpatient,$679.00 ,$182.00 ,5/16/2025,10,Emergency,No,Paid,,,N/A,$602.70 , $-   
4/28/2025,2990,5,1,2,1,1,Outpatient,$501.00 ,$171.00 ,,10,Emergency,No,Paid,5/4/2025,4/28/2025,General Ward,$477.40 ,$10.00 
4/28/2025,2605,1,5,2,5,3,Emergency,$540.00 ,$92.00 ,5/11/2025,5,Self-Referral,No,Pending,,,N/A,$442.40 , $-   
4/28/2025,4693,5,5,2,4,1,Inpatient,$753.00 ,$149.00 ,5/21/2025,6,Self-Referral,No,Pending,,,N/A,$631.40 , $-   
4/28/2025,3160,1,5,2,3,1,Outpatient,$941.00 ,$198.00 ,5/14/2025,7,Emergency,No,Paid,,,N/A,$797.30 , $-   
4/28/2025,1423,5,2,4,5,1,Emergency,$347.00 ,$50.00 ,,4,Emergency,No,Pending,5/7/2025,4/28/2025,Semi-Private Room,$298.90 ,$30.00 
4/28/2025,2497,4,2,2,2,1,Outpatient,$436.00 ,$145.00 ,5/10/2025,9,Physician Referral,No,Pending,,,N/A,$406.70 , $-   
4/29/2025,778,3,5,3,2,3,Outpatient,$72.00 ,$138.00 ,,1,Physician Referral,No,Pending,5/5/2025,4/29/2025,Semi-Private Room,$168.00 ,$30.00 
4/29/2025,932,1,5,5,2,2,Inpatient,$866.00 ,$46.00 ,,3,Physician Referral,No,Paid,5/4/2025,4/29/2025,Semi-Private Room,$659.40 ,$30.00 
4/29/2025,4510,1,4,4,5,1,Emergency,$963.00 ,$129.00 ,5/12/2025,10,Emergency,No,Pending,,,N/A,$764.40 , $-   
4/29/2025,4773,1,1,2,3,3,Emergency,$967.00 ,$178.00 ,,2,Emergency,No,Pending,4/30/2025,4/29/2025,General Ward,$808.50 ,$10.00 
4/29/2025,4440,3,1,2,5,1,Inpatient,$661.00 ,$125.00 ,5/24/2025,2,Self-Referral,No,Paid,,,N/A,$550.20 , $-   
4/29/2025,2365,4,3,1,4,1,Inpatient,$731.00 ,$190.00 ,,1,Physician Referral,No,Paid,5/4/2025,4/29/2025,Semi-Private Room,$665.70 ,$30.00 
4/29/2025,1663,2,3,4,4,2,Inpatient,$210.00 ,$139.00 ,,3,Physician Referral,No,Paid,5/4/2025,4/29/2025,Semi-Private Room,$265.30 ,$30.00 
4/29/2025,2294,3,3,4,2,1,Emergency,$74.00 ,$101.00 ,5/19/2025,10,Self-Referral,No,Paid,,,N/A,$122.50 , $-   
4/29/2025,3697,4,2,3,3,2,Outpatient,$367.00 ,$71.00 ,5/16/2025,5,Physician Referral,No,Paid,,,N/A,$306.60 , $-   
4/29/2025,4170,5,2,5,4,3,Emergency,$299.00 ,$33.00 ,,6,Physician Referral,No,Pending,5/5/2025,4/29/2025,General Ward,$239.40 ,$10.00 
4/30/2025,3879,1,4,3,1,1,Emergency,$189.00 ,$39.00 ,,8,Emergency,No,Paid,5/7/2025,4/30/2025,Private Room,$194.60 ,$50.00 
4/30/2025,961,1,2,3,1,2,Inpatient,$580.00 ,$137.00 ,,4,Self-Referral,No,Pending,5/4/2025,4/30/2025,Semi-Private Room,$522.90 ,$30.00 
4/30/2025,3278,2,3,3,2,1,Inpatient,$60.00 ,$71.00 ,,1,Self-Referral,No,Paid,5/7/2025,4/30/2025,General Ward,$98.70 ,$10.00 
4/30/2025,1583,5,5,5,2,1,Inpatient,$940.00 ,$120.00 ,5/8/2025,9,Physician Referral,No,Pending,,,N/A,$742.00 , $-   
4/30/2025,3504,4,3,3,2,1,Emergency,$507.00 ,$59.00 ,,3,Self-Referral,No,Pending,5/5/2025,4/30/2025,General Ward,$403.20 ,$10.00 
4/30/2025,4169,5,4,4,4,2,Inpatient,$351.00 ,$87.00 ,,8,Physician Referral,No,Paid,5/6/2025,4/30/2025,Private Room,$341.60 ,$50.00 
4/30/2025,4238,5,5,5,3,3,Inpatient,$463.00 ,$63.00 ,5/7/2025,4,Physician Referral,No,Paid,,,N/A,$368.20 , $-   
4/30/2025,3574,2,2,2,2,2,Outpatient,$777.00 ,$153.00 ,,3,Emergency,No,Paid,5/4/2025,4/30/2025,General Ward,$658.00 ,$10.00 
4/30/2025,223,4,5,1,5,3,Outpatient,$829.00 ,$106.00 ,5/16/2025,3,Emergency,No,Paid,,,N/A,$654.50 , $-   
4/30/2025,4398,2,4,1,2,2,Inpatient,$674.00 ,$139.00 ,5/18/2025,4,Physician Referral,No,Paid,,,N/A,$569.10 , $-   
5/1/2025,186,4,2,4,4,2,Outpatient,$643.00 ,$76.00 ,5/16/2025,4,Self-Referral,No,Paid,,,N/A,$503.30 , $-   
5/1/2025,2059,3,1,1,3,3,Emergency,$659.00 ,$91.00 ,,7,Self-Referral,No,Pending,5/9/2025,5/1/2025,Private Room,$560.00 ,$50.00 
5/1/2025,2796,3,3,1,2,3,Outpatient,$495.00 ,$177.00 ,5/30/2025,2,Emergency,No,Pending,,,N/A,$470.40 , $-   
5/1/2025,1643,1,3,1,1,3,Inpatient,$767.00 ,$71.00 ,5/18/2025,8,Physician Referral,No,Pending,,,N/A,$586.60 , $-   
5/1/2025,1341,2,4,2,2,2,Emergency,$262.00 ,$30.00 ,5/8/2025,2,Physician Referral,No,Pending,,,N/A,$204.40 , $-   
5/1/2025,875,3,4,1,2,3,Emergency,$675.00 ,$194.00 ,,1,Emergency,No,Pending,5/10/2025,5/1/2025,Semi-Private Room,$629.30 ,$30.00 
5/1/2025,3016,5,3,3,3,1,Outpatient,$572.00 ,$24.00 ,,8,Physician Referral,No,Paid,5/3/2025,5/1/2025,General Ward,$424.20 ,$10.00 
5/1/2025,3709,5,5,4,5,1,Inpatient,$159.00 ,$150.00 ,,4,Emergency,No,Paid,5/5/2025,5/1/2025,Semi-Private Room,$237.30 ,$30.00 
5/1/2025,725,3,1,4,2,1,Inpatient,$801.00 ,$162.00 ,,6,Physician Referral,No,Pending,5/9/2025,5/1/2025,Private Room,$709.10 ,$50.00 
5/1/2025,1542,2,1,4,2,1,Outpatient,$750.00 ,$149.00 ,5/27/2025,1,Self-Referral,No,Pending,,,N/A,$629.30 , $-   
5/2/2025,2624,1,4,2,4,3,Outpatient,$847.00 ,$21.00 ,5/18/2025,3,Emergency,No,Paid,,,N/A,$607.60 , $-   
5/2/2025,4906,5,4,2,3,3,Outpatient,$831.00 ,$193.00 ,5/27/2025,7,Physician Referral,No,Paid,,,N/A,$716.80 , $-   
5/2/2025,3376,1,5,1,4,1,Inpatient,$700.00 ,$113.00 ,,7,Physician Referral,No,Paid,5/10/2025,5/2/2025,General Ward,$576.10 ,$10.00 
5/2/2025,2195,5,4,3,2,3,Outpatient,$662.00 ,$146.00 ,5/31/2025,8,Emergency,No,Paid,,,N/A,$565.60 , $-   
5/2/2025,2734,4,1,1,2,1,Outpatient,$885.00 ,$145.00 ,,2,Physician Referral,No,Pending,5/11/2025,5/2/2025,General Ward,$728.00 ,$10.00 
5/2/2025,2448,3,3,4,1,2,Outpatient,$266.00 ,$60.00 ,,7,Physician Referral,No,Pending,5/5/2025,5/2/2025,Private Room,$263.20 ,$50.00 
5/2/2025,2680,2,1,3,4,3,Inpatient,$815.00 ,$49.00 ,,4,Physician Referral,No,Paid,5/3/2025,5/2/2025,Semi-Private Room,$625.80 ,$30.00 
5/2/2025,4125,5,5,4,3,2,Emergency,$825.00 ,$63.00 ,5/29/2025,6,Emergency,No,Paid,,,N/A,$621.60 , $-   
5/2/2025,922,3,3,3,2,3,Inpatient,$309.00 ,$29.00 ,5/19/2025,4,Self-Referral,No,Pending,,,N/A,$236.60 , $-   
5/2/2025,3900,1,3,5,1,3,Inpatient,$945.00 ,$49.00 ,,9,Physician Referral,No,Pending,5/11/2025,5/2/2025,Semi-Private Room,$716.80 ,$30.00 
5/3/2025,1703,2,1,2,1,3,Emergency,$152.00 ,$94.00 ,5/12/2025,1,Emergency,No,Pending,,,N/A,$172.20 , $-   
5/3/2025,1682,2,3,2,5,2,Inpatient,$376.00 ,$68.00 ,,1,Emergency,No,Paid,5/4/2025,5/3/2025,General Ward,$317.80 ,$10.00 
5/3/2025,4488,3,3,4,3,2,Emergency,$558.00 ,$182.00 ,5/25/2025,5,Physician Referral,No,Pending,,,N/A,$518.00 , $-   
5/3/2025,1068,3,4,4,1,1,Emergency,$455.00 ,$164.00 ,,5,Emergency,No,Paid,5/6/2025,5/3/2025,Semi-Private Room,$454.30 ,$30.00 
5/3/2025,4068,3,3,5,3,2,Emergency,$779.00 ,$178.00 ,,8,Physician Referral,No,Paid,5/6/2025,5/3/2025,General Ward,$676.90 ,$10.00 
5/3/2025,789,4,5,1,2,2,Emergency,$152.00 ,$89.00 ,,7,Emergency,No,Paid,5/12/2025,5/3/2025,General Ward,$175.70 ,$10.00 
5/3/2025,2196,4,3,3,5,1,Inpatient,$411.00 ,$199.00 ,5/31/2025,3,Self-Referral,No,Pending,,,N/A,$427.00 , $-   
5/3/2025,1594,2,4,5,3,2,Emergency,$801.00 ,$45.00 ,5/19/2025,8,Self-Referral,No,Pending,,,N/A,$592.20 , $-   
5/3/2025,1209,3,2,5,5,2,Outpatient,$314.00 ,$119.00 ,5/11/2025,4,Self-Referral,No,Paid,,,N/A,$303.10 , $-   
5/3/2025,2714,4,2,4,3,1,Emergency,$778.00 ,$152.00 ,5/28/2025,3,Self-Referral,No,Pending,,,N/A,$651.00 , $-   
5/4/2025,3589,2,5,4,3,2,Emergency,$716.00 ,$130.00 ,5/14/2025,2,Self-Referral,Yes,Paid,,,N/A,$592.20 , $-   
5/4/2025,1989,5,5,1,4,1,Inpatient,$190.00 ,$33.00 ,,9,Self-Referral,Yes,Pending,5/5/2025,5/4/2025,Semi-Private Room,$177.10 ,$30.00 
5/4/2025,2029,3,3,1,5,3,Outpatient,$831.00 ,$70.00 ,5/26/2025,7,Self-Referral,No,Paid,,,N/A,$630.70 , $-   
5/4/2025,2820,4,3,4,3,3,Emergency,$306.00 ,$34.00 ,,5,Physician Referral,No,Paid,5/11/2025,5/4/2025,Semi-Private Room,$259.00 ,$30.00 
5/4/2025,488,2,2,2,4,2,Outpatient,$274.00 ,$147.00 ,5/16/2025,9,Physician Referral,No,Pending,,,N/A,$294.70 , $-   
5/4/2025,3325,3,2,1,4,3,Emergency,$820.00 ,$159.00 ,5/21/2025,3,Physician Referral,Yes,Pending,,,N/A,$685.30 , $-   
5/4/2025,3496,2,1,5,5,2,Inpatient,$591.00 ,$65.00 ,5/27/2025,6,Emergency,Yes,Paid,,,N/A,$459.20 , $-   
5/4/2025,2116,5,2,4,2,1,Outpatient,$608.00 ,$91.00 ,,8,Emergency,No,Pending,5/6/2025,5/4/2025,Semi-Private Room,$510.30 ,$30.00 
5/4/2025,2321,2,2,3,5,1,Outpatient,$823.00 ,$114.00 ,5/25/2025,9,Self-Referral,No,Paid,,,N/A,$655.90 , $-   
5/4/2025,729,2,5,3,3,1,Inpatient,$509.00 ,$173.00 ,,4,Self-Referral,No,Paid,5/11/2025,5/4/2025,Private Room,$512.40 ,$50.00 
5/5/2025,1464,5,1,2,2,3,Inpatient,$156.00 ,$48.00 ,6/2/2025,1,Emergency,No,Paid,,,N/A,$142.80 , $-   
5/5/2025,425,1,1,4,5,1,Inpatient,$859.00 ,$151.00 ,,8,Self-Referral,Yes,Paid,5/6/2025,5/5/2025,General Ward,$714.00 ,$10.00 
5/5/2025,1545,3,3,5,5,1,Inpatient,$846.00 ,$197.00 ,,10,Emergency,No,Paid,5/13/2025,5/5/2025,General Ward,$737.10 ,$10.00 
5/5/2025,583,5,3,2,5,2,Outpatient,$392.00 ,$44.00 ,,3,Self-Referral,Yes,Paid,5/7/2025,5/5/2025,General Ward,$312.20 ,$10.00 
5/5/2025,2055,5,1,5,5,2,Inpatient,$461.00 ,$187.00 ,,6,Self-Referral,No,Paid,5/8/2025,5/5/2025,Semi-Private Room,$474.60 ,$30.00 
5/5/2025,53,3,1,3,2,2,Outpatient,$147.00 ,$51.00 ,5/15/2025,4,Self-Referral,Yes,Paid,,,N/A,$138.60 , $-   
5/5/2025,1460,2,3,5,3,2,Emergency,$629.00 ,$119.00 ,5/19/2025,6,Emergency,Yes,Pending,,,N/A,$523.60 , $-   
5/5/2025,4852,4,5,3,4,1,Emergency,$979.00 ,$56.00 ,,3,Self-Referral,Yes,Pending,5/13/2025,5/5/2025,Semi-Private Room,$745.50 ,$30.00 
5/5/2025,508,3,5,1,5,2,Inpatient,$981.00 ,$145.00 ,5/29/2025,7,Emergency,No,Paid,,,N/A,$788.20 , $-   
5/5/2025,1392,5,5,3,4,3,Inpatient,$463.00 ,$157.00 ,,2,Self-Referral,No,Paid,5/8/2025,5/5/2025,Private Room,$469.00 ,$50.00 
5/6/2025,3184,2,5,3,4,3,Outpatient,$975.00 ,$185.00 ,5/26/2025,5,Physician Referral,No,Paid,,,N/A,$812.00 , $-   
5/6/2025,1280,1,3,2,4,3,Outpatient,$992.00 ,$119.00 ,5/14/2025,3,Physician Referral,Yes,Pending,,,N/A,$777.70 , $-   
5/6/2025,4328,2,4,2,5,2,Emergency,$118.00 ,$46.00 ,5/28/2025,5,Emergency,No,Paid,,,N/A,$114.80 , $-   
5/6/2025,1124,4,2,4,5,1,Outpatient,$255.00 ,$154.00 ,,3,Physician Referral,No,Paid,5/7/2025,5/6/2025,General Ward,$293.30 ,$10.00 
5/6/2025,3208,2,2,4,5,2,Inpatient,$307.00 ,$118.00 ,6/3/2025,9,Physician Referral,No,Paid,,,N/A,$297.50 , $-   
5/6/2025,774,4,2,3,5,3,Emergency,$479.00 ,$156.00 ,,8,Self-Referral,Yes,Pending,5/15/2025,5/6/2025,Semi-Private Room,$465.50 ,$30.00 
5/6/2025,454,1,2,1,1,2,Emergency,$478.00 ,$55.00 ,5/27/2025,2,Self-Referral,No,Pending,,,N/A,$373.10 , $-   
5/6/2025,1004,1,3,4,3,3,Inpatient,$440.00 ,$137.00 ,,8,Self-Referral,Yes,Pending,5/14/2025,5/6/2025,General Ward,$410.90 ,$10.00 
5/6/2025,1451,2,4,3,1,1,Outpatient,$678.00 ,$177.00 ,6/2/2025,8,Emergency,Yes,Paid,,,N/A,$598.50 , $-   
5/6/2025,2511,3,3,2,2,1,Inpatient,$933.00 ,$38.00 ,,10,Self-Referral,No,Paid,5/10/2025,5/6/2025,Semi-Private Room,$700.70 ,$30.00 
5/7/2025,4724,3,4,4,1,1,Outpatient,$266.00 ,$188.00 ,,3,Self-Referral,No,Pending,5/15/2025,5/7/2025,Private Room,$352.80 ,$50.00 
5/7/2025,4848,3,3,4,1,1,Emergency,$876.00 ,$74.00 ,,10,Emergency,Yes,Paid,5/12/2025,5/7/2025,General Ward,$672.00 ,$10.00 
5/7/2025,3621,1,1,3,1,1,Inpatient,$473.00 ,$103.00 ,5/19/2025,5,Self-Referral,No,Pending,,,N/A,$403.20 , $-   
5/7/2025,4145,4,4,3,3,2,Emergency,$962.00 ,$25.00 ,,2,Physician Referral,Yes,Pending,5/10/2025,5/7/2025,General Ward,$697.90 ,$10.00 
5/7/2025,3262,5,2,5,4,1,Emergency,$88.00 ,$142.00 ,5/22/2025,10,Self-Referral,Yes,Paid,,,N/A,$161.00 , $-   
5/7/2025,3346,2,4,5,2,2,Inpatient,$934.00 ,$126.00 ,,6,Emergency,Yes,Paid,5/8/2025,5/7/2025,General Ward,$749.00 ,$10.00 
5/7/2025,679,4,5,1,2,3,Emergency,$326.00 ,$107.00 ,,2,Emergency,No,Paid,5/12/2025,5/7/2025,General Ward,$310.10 ,$10.00 
5/7/2025,1007,5,4,4,3,3,Outpatient,$262.00 ,$169.00 ,,4,Physician Referral,Yes,Paid,5/13/2025,5/7/2025,General Ward,$308.70 ,$10.00 
5/7/2025,699,1,5,5,1,1,Inpatient,$71.00 ,$171.00 ,5/25/2025,3,Self-Referral,Yes,Pending,,,N/A,$169.40 , $-   
5/7/2025,2480,5,5,3,4,2,Outpatient,$331.00 ,$81.00 ,5/23/2025,1,Physician Referral,No,Pending,,,N/A,$288.40 , $-   
5/8/2025,1481,1,1,4,5,1,Outpatient,$517.00 ,$189.00 ,5/21/2025,8,Self-Referral,Yes,Pending,,,N/A,$494.20 , $-   
5/8/2025,4222,1,4,5,3,3,Outpatient,$610.00 ,$169.00 ,5/19/2025,8,Emergency,Yes,Pending,,,N/A,$545.30 , $-   
5/8/2025,3610,4,1,1,4,2,Inpatient,$261.00 ,$163.00 ,6/6/2025,1,Emergency,No,Pending,,,N/A,$296.80 , $-   
5/8/2025,1975,3,2,1,3,3,Outpatient,$835.00 ,$160.00 ,5/22/2025,6,Physician Referral,Yes,Pending,,,N/A,$696.50 , $-   
5/8/2025,2121,3,4,1,3,2,Inpatient,$678.00 ,$139.00 ,5/26/2025,1,Emergency,No,Paid,,,N/A,$571.90 , $-   
5/8/2025,3966,4,3,1,5,3,Outpatient,$877.00 ,$56.00 ,,9,Emergency,No,Pending,5/12/2025,5/8/2025,Semi-Private Room,$674.10 ,$30.00 
5/8/2025,3751,2,3,3,4,1,Inpatient,$747.00 ,$199.00 ,,1,Self-Referral,Yes,Paid,5/15/2025,5/8/2025,Semi-Private Room,$683.20 ,$30.00 
5/8/2025,1353,1,3,1,1,1,Outpatient,$287.00 ,$171.00 ,5/15/2025,3,Physician Referral,No,Paid,,,N/A,$320.60 , $-   
5/8/2025,1930,2,5,2,4,1,Emergency,$434.00 ,$144.00 ,5/24/2025,9,Physician Referral,Yes,Pending,,,N/A,$404.60 , $-   
5/8/2025,536,1,3,1,4,3,Outpatient,$301.00 ,$36.00 ,5/25/2025,1,Self-Referral,No,Pending,,,N/A,$235.90 , $-   
5/9/2025,1812,1,2,5,1,3,Emergency,$868.00 ,$35.00 ,6/7/2025,2,Self-Referral,Yes,Paid,,,N/A,$632.10 , $-   
5/9/2025,2408,3,4,4,5,3,Emergency,$835.00 ,$148.00 ,6/4/2025,4,Physician Referral,No,Paid,,,N/A,$688.10 , $-   
5/9/2025,2134,3,4,5,4,1,Outpatient,$619.00 ,$104.00 ,,7,Emergency,Yes,Pending,5/12/2025,5/9/2025,Semi-Private Room,$527.10 ,$30.00 
5/9/2025,4780,1,5,4,1,3,Outpatient,$143.00 ,$144.00 ,5/20/2025,8,Physician Referral,Yes,Pending,,,N/A,$200.90 , $-   
5/9/2025,818,3,5,3,3,3,Emergency,$904.00 ,$20.00 ,5/28/2025,1,Self-Referral,No,Paid,,,N/A,$646.80 , $-   
5/9/2025,3356,3,5,4,3,1,Inpatient,$223.00 ,$49.00 ,6/2/2025,1,Physician Referral,Yes,Pending,,,N/A,$190.40 , $-   
5/9/2025,4067,5,2,2,1,3,Outpatient,$216.00 ,$43.00 ,,5,Emergency,Yes,Pending,5/16/2025,5/9/2025,General Ward,$188.30 ,$10.00 
5/9/2025,4243,5,4,1,3,2,Emergency,$229.00 ,$65.00 ,,8,Physician Referral,No,Pending,5/10/2025,5/9/2025,General Ward,$212.80 ,$10.00 
5/9/2025,3249,1,1,5,4,3,Inpatient,$154.00 ,$21.00 ,,1,Physician Referral,No,Pending,5/16/2025,5/9/2025,Private Room,$157.50 ,$50.00 
5/9/2025,3759,3,5,4,1,1,Outpatient,$508.00 ,$162.00 ,,3,Emergency,No,Pending,5/10/2025,5/9/2025,General Ward,$476.00 ,$10.00 
5/10/2025,3835,5,3,5,4,2,Inpatient,$880.00 ,$48.00 ,5/26/2025,6,Emergency,Yes,Paid,,,N/A,$649.60 , $-   
5/10/2025,252,2,1,1,2,1,Emergency,$864.00 ,$118.00 ,,1,Emergency,Yes,Pending,5/11/2025,5/10/2025,Semi-Private Room,$708.40 ,$30.00 
5/10/2025,2126,1,1,3,5,1,Outpatient,$850.00 ,$81.00 ,,3,Emergency,Yes,Pending,5/12/2025,5/10/2025,Semi-Private Room,$672.70 ,$30.00 
5/10/2025,1953,1,5,1,5,1,Inpatient,$686.00 ,$32.00 ,,1,Self-Referral,No,Paid,5/12/2025,5/10/2025,General Ward,$509.60 ,$10.00 
5/10/2025,4587,2,3,3,5,2,Outpatient,$161.00 ,$84.00 ,,4,Physician Referral,Yes,Paid,5/14/2025,5/10/2025,General Ward,$178.50 ,$10.00 
5/10/2025,1054,1,5,5,1,2,Inpatient,$502.00 ,$64.00 ,,9,Physician Referral,Yes,Pending,5/11/2025,5/10/2025,Semi-Private Room,$417.20 ,$30.00 
5/10/2025,3086,3,5,3,2,1,Inpatient,$754.00 ,$66.00 ,6/6/2025,5,Physician Referral,Yes,Pending,,,N/A,$574.00 , $-   
5/10/2025,2751,5,3,3,5,3,Outpatient,$937.00 ,$35.00 ,,3,Physician Referral,No,Paid,5/14/2025,5/10/2025,General Ward,$687.40 ,$10.00 
5/10/2025,1239,4,1,3,4,2,Outpatient,$129.00 ,$145.00 ,,10,Physician Referral,No,Pending,5/12/2025,5/10/2025,Private Room,$226.80 ,$50.00 
5/10/2025,3338,5,1,3,5,1,Outpatient,$425.00 ,$126.00 ,,7,Self-Referral,Yes,Pending,5/14/2025,5/10/2025,Private Room,$420.70 ,$50.00 
5/11/2025,750,2,3,3,2,3,Emergency,$917.00 ,$22.00 ,6/3/2025,6,Self-Referral,No,Pending,,,N/A,$657.30 , $-   
5/11/2025,2047,4,1,4,4,1,Outpatient,$982.00 ,$123.00 ,6/5/2025,9,Physician Referral,No,Paid,,,N/A,$773.50 , $-   
5/11/2025,381,3,2,3,4,2,Inpatient,$748.00 ,$114.00 ,5/21/2025,4,Physician Referral,Yes,Pending,,,N/A,$603.40 , $-   
5/11/2025,4525,3,5,3,1,2,Outpatient,$507.00 ,$152.00 ,5/26/2025,4,Physician Referral,No,Pending,,,N/A,$461.30 , $-   
5/11/2025,533,5,2,1,1,3,Emergency,$450.00 ,$173.00 ,6/4/2025,9,Self-Referral,No,Paid,,,N/A,$436.10 , $-   
5/11/2025,361,1,2,1,3,2,Emergency,$96.00 ,$111.00 ,6/2/2025,2,Physician Referral,No,Pending,,,N/A,$144.90 , $-   
5/11/2025,340,1,2,1,2,1,Outpatient,$709.00 ,$34.00 ,5/24/2025,10,Emergency,Yes,Pending,,,N/A,$520.10 , $-   
5/11/2025,2339,2,4,3,4,1,Inpatient,$539.00 ,$169.00 ,5/29/2025,2,Self-Referral,No,Pending,,,N/A,$495.60 , $-   
5/11/2025,372,1,4,1,2,3,Emergency,$435.00 ,$56.00 ,,9,Emergency,No,Pending,5/15/2025,5/11/2025,Semi-Private Room,$364.70 ,$30.00 
5/11/2025,4786,3,2,4,5,3,Inpatient,$369.00 ,$176.00 ,,7,Emergency,Yes,Paid,5/20/2025,5/11/2025,General Ward,$388.50 ,$10.00 
5/12/2025,4024,4,5,5,5,3,Emergency,$449.00 ,$173.00 ,5/22/2025,5,Emergency,Yes,Paid,,,N/A,$435.40 , $-   
5/12/2025,4476,5,2,1,3,3,Emergency,$134.00 ,$89.00 ,,5,Self-Referral,Yes,Pending,5/21/2025,5/12/2025,Private Room,$191.10 ,$50.00 
5/12/2025,4085,5,2,1,4,1,Inpatient,$947.00 ,$158.00 ,6/8/2025,9,Emergency,Yes,Pending,,,N/A,$773.50 , $-   
5/12/2025,3728,5,4,4,4,1,Inpatient,$423.00 ,$119.00 ,,10,Physician Referral,Yes,Pending,5/13/2025,5/12/2025,Private Room,$414.40 ,$50.00 
5/12/2025,2409,1,2,2,3,1,Emergency,$581.00 ,$167.00 ,,5,Physician Referral,No,Pending,5/17/2025,5/12/2025,Private Room,$558.60 ,$50.00 
5/12/2025,869,4,5,2,5,1,Inpatient,$456.00 ,$103.00 ,5/30/2025,9,Emergency,Yes,Paid,,,N/A,$391.30 , $-   
5/12/2025,2169,1,5,4,4,3,Outpatient,$372.00 ,$110.00 ,,8,Self-Referral,No,Paid,5/19/2025,5/12/2025,Semi-Private Room,$358.40 ,$30.00 
5/12/2025,486,1,2,1,2,2,Outpatient,$365.00 ,$52.00 ,5/30/2025,6,Physician Referral,Yes,Paid,,,N/A,$291.90 , $-   
5/12/2025,2686,3,5,5,4,1,Emergency,$495.00 ,$140.00 ,5/22/2025,5,Self-Referral,No,Pending,,,N/A,$444.50 , $-   
5/12/2025,4315,3,2,1,5,2,Outpatient,$953.00 ,$49.00 ,,5,Physician Referral,Yes,Pending,5/16/2025,5/12/2025,Semi-Private Room,$722.40 ,$30.00 
5/13/2025,3454,1,4,4,4,3,Emergency,$752.00 ,$197.00 ,5/31/2025,5,Self-Referral,No,Pending,,,N/A,$664.30 , $-   
5/13/2025,2123,2,2,4,4,3,Inpatient,$514.00 ,$53.00 ,,1,Physician Referral,Yes,Paid,5/18/2025,5/13/2025,General Ward,$403.90 ,$10.00 
5/13/2025,859,2,1,3,1,2,Inpatient,$202.00 ,$152.00 ,,5,Emergency,No,Paid,5/15/2025,5/13/2025,Private Room,$282.80 ,$50.00 
5/13/2025,2708,2,4,4,4,3,Outpatient,$113.00 ,$159.00 ,6/11/2025,3,Emergency,No,Paid,,,N/A,$190.40 , $-   
5/13/2025,2389,1,5,3,3,2,Inpatient,$812.00 ,$95.00 ,5/27/2025,6,Emergency,Yes,Paid,,,N/A,$634.90 , $-   
5/13/2025,2316,4,5,4,3,1,Outpatient,$886.00 ,$94.00 ,5/22/2025,9,Self-Referral,No,Paid,,,N/A,$686.00 , $-   
5/13/2025,78,2,4,3,2,3,Emergency,$697.00 ,$71.00 ,6/4/2025,3,Emergency,No,Pending,,,N/A,$537.60 , $-   
5/13/2025,4774,3,1,3,4,3,Outpatient,$866.00 ,$70.00 ,5/21/2025,1,Self-Referral,Yes,Pending,,,N/A,$655.20 , $-   
5/13/2025,1902,5,4,1,2,2,Outpatient,$834.00 ,$168.00 ,,8,Physician Referral,No,Pending,5/16/2025,5/13/2025,Private Room,$736.40 ,$50.00 
5/13/2025,3830,5,3,3,5,2,Inpatient,$683.00 ,$77.00 ,5/25/2025,9,Physician Referral,No,Paid,,,N/A,$532.00 , $-   
5/14/2025,1247,1,1,2,5,2,Inpatient,$220.00 ,$117.00 ,,10,Self-Referral,Yes,Pending,5/21/2025,5/14/2025,Private Room,$270.90 ,$50.00 
5/14/2025,2320,5,4,4,1,2,Inpatient,$924.00 ,$144.00 ,6/6/2025,4,Emergency,No,Pending,,,N/A,$747.60 , $-   
5/14/2025,2020,1,3,5,1,2,Outpatient,$901.00 ,$112.00 ,,10,Self-Referral,Yes,Paid,5/21/2025,5/14/2025,General Ward,$716.10 ,$10.00 
5/14/2025,160,5,2,4,4,3,Inpatient,$170.00 ,$153.00 ,,5,Self-Referral,No,Paid,5/18/2025,5/14/2025,Semi-Private Room,$247.10 ,$30.00 
5/14/2025,2381,4,1,1,4,2,Emergency,$301.00 ,$196.00 ,,3,Self-Referral,No,Paid,5/15/2025,5/14/2025,Private Room,$382.90 ,$50.00 
5/14/2025,4261,4,2,1,2,1,Outpatient,$730.00 ,$56.00 ,,8,Physician Referral,No,Pending,5/15/2025,5/14/2025,General Ward,$557.20 ,$10.00 
5/14/2025,1733,4,3,3,2,2,Outpatient,$422.00 ,$157.00 ,,3,Physician Referral,No,Paid,5/18/2025,5/14/2025,Semi-Private Room,$426.30 ,$30.00 
5/14/2025,1047,4,5,1,4,3,Outpatient,$786.00 ,$75.00 ,6/1/2025,4,Physician Referral,Yes,Pending,,,N/A,$602.70 , $-   
5/14/2025,2548,2,5,1,4,1,Emergency,$671.00 ,$102.00 ,,10,Emergency,Yes,Pending,5/18/2025,5/14/2025,Semi-Private Room,$562.10 ,$30.00 
5/14/2025,2739,3,5,4,1,3,Emergency,$929.00 ,$90.00 ,5/29/2025,7,Physician Referral,No,Paid,,,N/A,$713.30 , $-   
